/******************************************************************************************************************/
/********** TABLES ************************************************************************************************/
/******************************************************************************************************************/




/********** SYS ************************************************************************************************/

# Dump of table SYS_LANGUA
# ------------------------------------------------------------

CREATE TABLE `SYS_LANGUA` (
  `LANGUA_ID` int(11) unsigned NOT NULL AUTO_INCREMENT,
  `LANGUA_NAME` varchar(50) COLLATE latin1_general_ci NOT NULL DEFAULT '',
  `LANGUA_ACRONYM` varchar(10) COLLATE latin1_general_ci NOT NULL DEFAULT '',
  PRIMARY KEY (`LANGUA_ID`)
) ENGINE=InnoDB DEFAULT CHARSET=latin1 COLLATE=latin1_general_ci;



# Dump of table SYS_LNGSTR
# ------------------------------------------------------------

CREATE TABLE `SYS_LNGSTR` (
  `LNGSTR_ID` int(11) unsigned NOT NULL AUTO_INCREMENT,
  `LNGSTR_KEY` varchar(50) COLLATE latin1_general_ci NOT NULL DEFAULT '',
  `LNGSTR_EN` varchar(200) COLLATE latin1_general_ci NOT NULL DEFAULT '',
  `LNGSTR_PT` varchar(200) COLLATE latin1_general_ci NOT NULL DEFAULT '',
  `LNGSTR_ES` varchar(200) COLLATE latin1_general_ci NOT NULL DEFAULT '',
  PRIMARY KEY (`LNGSTR_ID`)
) ENGINE=InnoDB DEFAULT CHARSET=latin1 COLLATE=latin1_general_ci;



# Dump of table SYS_DOMAIN
# ------------------------------------------------------------

CREATE TABLE `SYS_DOMAIN` (
  `DOMAIN_ID` int(11) unsigned NOT NULL AUTO_INCREMENT,
  `DOMAIN_LANGUA_ID` int(11) unsigned NOT NULL,
  `DOMAIN_NAME` varchar(100) COLLATE latin1_general_ci NOT NULL DEFAULT '',
  `DOMAIN_SECRET` bigint(20) NOT NULL,
  PRIMARY KEY (`DOMAIN_ID`),
  KEY `DOMAIN_FK1` (`DOMAIN_LANGUA_ID`),
  CONSTRAINT `DOMAIN_FK1` FOREIGN KEY (`DOMAIN_LANGUA_ID`) REFERENCES `SYS_LANGUA` (`LANGUA_ID`)
) ENGINE=InnoDB DEFAULT CHARSET=latin1 COLLATE=latin1_general_ci;



# Dump of table SYS_PERSON
# ------------------------------------------------------------

CREATE TABLE `SYS_PERSON` (
  `PERSON_ID` int(11) unsigned NOT NULL AUTO_INCREMENT,
  `PERSON_NAME` varchar(100) COLLATE latin1_general_ci NOT NULL DEFAULT '',
  `PERSON_EMAIL` varchar(100) COLLATE latin1_general_ci NOT NULL DEFAULT '',
  `PERSON_LAST_DOMAIN_ID` int(11) unsigned NOT NULL,
  PRIMARY KEY (`PERSON_ID`),
  UNIQUE KEY `PERSON_UN1` (`PERSON_EMAIL`),
  KEY `PERSON_FK1` (`PERSON_LAST_DOMAIN_ID`),
  CONSTRAINT `PERSON_FK1` FOREIGN KEY (`PERSON_LAST_DOMAIN_ID`) REFERENCES `SYS_DOMAIN` (`DOMAIN_ID`)
) ENGINE=InnoDB DEFAULT CHARSET=latin1 COLLATE=latin1_general_ci;



# Dump of table SYS_PERACC
# ------------------------------------------------------------

CREATE TABLE `SYS_PERACC` (
  `PERACC_ID` int(11) unsigned NOT NULL AUTO_INCREMENT,
  `PERACC_DOMAIN_ID` int(11) unsigned NOT NULL,
  `PERACC_PERSON_ID` int(11) unsigned NOT NULL,
  `PERACC_DATE` datetime NOT NULL DEFAULT CURRENT_TIMESTAMP,
  `PERACC_ADDR` varchar(50) COLLATE latin1_general_ci NOT NULL DEFAULT '',
  PRIMARY KEY (`PERACC_ID`),
  KEY `PERACC_FK1` (`PERACC_DOMAIN_ID`),
  KEY `PERACC_FK2` (`PERACC_PERSON_ID`),
  CONSTRAINT `PERACC_FK1` FOREIGN KEY (`PERACC_DOMAIN_ID`) REFERENCES `SYS_DOMAIN` (`DOMAIN_ID`),
  CONSTRAINT `PERACC_FK2` FOREIGN KEY (`PERACC_PERSON_ID`) REFERENCES `SYS_PERSON` (`PERSON_ID`)
) ENGINE=InnoDB DEFAULT CHARSET=latin1 COLLATE=latin1_general_ci;



# Dump of table SYS_PROFIL
# ------------------------------------------------------------

CREATE TABLE `SYS_PROFIL` (
  `PROFIL_ID` int(11) unsigned NOT NULL AUTO_INCREMENT,
  `PROFIL_NAME` varchar(50) COLLATE latin1_general_ci DEFAULT NULL,
  PRIMARY KEY (`PROFIL_ID`)
) ENGINE=InnoDB DEFAULT CHARSET=latin1 COLLATE=latin1_general_ci;



# Dump of table SYS_PERPRO
# ------------------------------------------------------------

CREATE TABLE `SYS_PERPRO` (
  `PERPRO_ID` int(11) unsigned NOT NULL AUTO_INCREMENT,
  `PERPRO_DOMAIN_ID` int(11) unsigned NOT NULL,
  `PERPRO_PERSON_ID` int(11) unsigned NOT NULL,
  `PERPRO_PROFIL_ID` int(11) unsigned NOT NULL,
  PRIMARY KEY (`PERPRO_ID`),
  KEY `PERPRO_FK1` (`PERPRO_DOMAIN_ID`),
  KEY `PERPRO_FK2` (`PERPRO_PERSON_ID`),
  KEY `PERPRO_FK3` (`PERPRO_PROFIL_ID`),
  CONSTRAINT `PERPRO_FK1` FOREIGN KEY (`PERPRO_DOMAIN_ID`) REFERENCES `SYS_DOMAIN` (`DOMAIN_ID`),
  CONSTRAINT `PERPRO_FK2` FOREIGN KEY (`PERPRO_PERSON_ID`) REFERENCES `SYS_PERSON` (`PERSON_ID`),
  CONSTRAINT `PERPRO_FK3` FOREIGN KEY (`PERPRO_PROFIL_ID`) REFERENCES `SYS_PROFIL` (`PROFIL_ID`)
) ENGINE=InnoDB DEFAULT CHARSET=latin1 COLLATE=latin1_general_ci;



# Dump of table SYS_PROFM0
# ------------------------------------------------------------

CREATE TABLE `SYS_PROFM0` (
  `PROFM0_ID` int(11) unsigned NOT NULL AUTO_INCREMENT,
  `PROFM0_LABEL` varchar(50) COLLATE latin1_general_ci NOT NULL DEFAULT '',
  `PROFM0_LEVEL` smallint(6) NOT NULL DEFAULT '1',
  `PROFM0_ICON` varchar(20) COLLATE latin1_general_ci NOT NULL DEFAULT '',
  `PROFM0_ORDERBY` smallint(6) NOT NULL DEFAULT '1',
  `PROFM0_ACTIVE` tinyint(1) NOT NULL DEFAULT '1',
  `PROFM0_PARENT_ID` int(11) unsigned NOT NULL DEFAULT '0',
  `PROFM0_COMMENTS` varchar(500) COLLATE latin1_general_ci NOT NULL DEFAULT '',
  PRIMARY KEY (`PROFM0_ID`)
) ENGINE=InnoDB DEFAULT CHARSET=latin1 COLLATE=latin1_general_ci;



# Dump of table SYS_PROFM1
# ------------------------------------------------------------

CREATE TABLE `SYS_PROFM1` (
  `PROFM1_ID` int(11) unsigned NOT NULL AUTO_INCREMENT,
  `PROFM1_PROFM0_ID` int(11) unsigned NOT NULL,
  `PROFM1_PROFIL_ID` int(11) unsigned NOT NULL,
  PRIMARY KEY (`PROFM1_ID`),
  KEY `PROFM1_FK1` (`PROFM1_PROFM0_ID`),
  KEY `PROFM1_FK2` (`PROFM1_PROFIL_ID`),
  CONSTRAINT `PROFM1_FK1` FOREIGN KEY (`PROFM1_PROFM0_ID`) REFERENCES `SYS_PROFM0` (`PROFM0_ID`),
  CONSTRAINT `PROFM1_FK2` FOREIGN KEY (`PROFM1_PROFIL_ID`) REFERENCES `SYS_PROFIL` (`PROFIL_ID`)
) ENGINE=InnoDB DEFAULT CHARSET=latin1 COLLATE=latin1_general_ci;



# Dump of table SYS_PROFP0
# ------------------------------------------------------------

CREATE TABLE `SYS_PROFP0` (
  `PROFP0_ID` int(11) unsigned NOT NULL AUTO_INCREMENT,
  `PROFP0_NAME` varchar(50) COLLATE latin1_general_ci DEFAULT NULL,
  `PROFP0_COMMENTS` varchar(500) COLLATE latin1_general_ci NOT NULL DEFAULT '',
  `PROFP0_OPEN` tinyint(1) NOT NULL DEFAULT '0',
  PRIMARY KEY (`PROFP0_ID`)
) ENGINE=InnoDB DEFAULT CHARSET=latin1 COLLATE=latin1_general_ci;



# Dump of table SYS_PROFP1
# ------------------------------------------------------------

CREATE TABLE `SYS_PROFP1` (
  `PROFP1_ID` int(11) unsigned NOT NULL AUTO_INCREMENT,
  `PROFP1_PROFP0_ID` int(11) unsigned NOT NULL,
  `PROFP1_PROFIL_ID` int(11) unsigned NOT NULL,
  PRIMARY KEY (`PROFP1_ID`),
  KEY `PROFP1_FK1` (`PROFP1_PROFP0_ID`),
  KEY `PROFP1_FK2` (`PROFP1_PROFIL_ID`),
  CONSTRAINT `PROFP1_FK1` FOREIGN KEY (`PROFP1_PROFP0_ID`) REFERENCES `SYS_PROFP0` (`PROFP0_ID`),
  CONSTRAINT `PROFP1_FK2` FOREIGN KEY (`PROFP1_PROFIL_ID`) REFERENCES `SYS_PROFIL` (`PROFIL_ID`)
) ENGINE=InnoDB DEFAULT CHARSET=latin1 COLLATE=latin1_general_ci;














/********** REP ************************************************************************************************/



# Dump of table REP_TXTITE
# ------------------------------------------------------------

CREATE TABLE `REP_TXTITE` (
  `TXTITE_ID` int(11) unsigned NOT NULL AUTO_INCREMENT,
  `TXTITE_DOMAIN_ID` int(11) unsigned NOT NULL,
  `TXTITE_DELETED` tinyint(1) unsigned NOT NULL DEFAULT '0',
  `TXTITE_CREATED_BY` int(11) unsigned NOT NULL,
  `TXTITE_CREATED_DATE` datetime NOT NULL DEFAULT CURRENT_TIMESTAMP,
  PRIMARY KEY (`TXTITE_ID`),
  KEY `TXTITE_FK1` (`TXTITE_DOMAIN_ID`),
  KEY `TXTITE_FK2` (`TXTITE_CREATED_BY`),
  CONSTRAINT `TXTITE_FK1` FOREIGN KEY (`TXTITE_DOMAIN_ID`) REFERENCES `SYS_DOMAIN` (`DOMAIN_ID`),
  CONSTRAINT `TXTITE_FK2` FOREIGN KEY (`TXTITE_CREATED_BY`) REFERENCES `SYS_PERSON` (`PERSON_ID`)
) ENGINE=InnoDB DEFAULT CHARSET=latin1 COLLATE=latin1_general_ci;



# Dump of table REP_TXTSEG
# ------------------------------------------------------------

CREATE TABLE `REP_TXTSEG` (
  `TXTSEG_ID` int(11) unsigned NOT NULL AUTO_INCREMENT,
  `TXTSEG_DOMAIN_ID` int(11) unsigned NOT NULL,
  `TXTSEG_TXTITE_ID` int(11) unsigned NOT NULL,
  `TXTSEG_ORDERBY` smallint(6) NOT NULL DEFAULT '1',
  `TXTSEG_TYPE` enum('TXT','IMG','FOR','YOU') COLLATE latin1_general_ci NOT NULL DEFAULT 'TXT',
  `TXTSEG_STYLE` varchar(50) COLLATE latin1_general_ci NOT NULL DEFAULT 'paragraph',
  `TXTSEG_CONTENT` varchar(3000) COLLATE latin1_general_ci NOT NULL DEFAULT '',
  `TXTSEG_CREATED_BY` int(11) unsigned NOT NULL,
  `TXTSEG_CREATED_DATE` datetime NOT NULL DEFAULT CURRENT_TIMESTAMP,
  PRIMARY KEY (`TXTSEG_ID`),
  KEY `TXTSEG_FK1` (`TXTSEG_DOMAIN_ID`),
  KEY `TXTSEG_FK2` (`TXTSEG_TXTITE_ID`),
  KEY `TXTSEG_FK3` (`TXTSEG_CREATED_BY`),
  CONSTRAINT `TXTSEG_FK1` FOREIGN KEY (`TXTSEG_DOMAIN_ID`) REFERENCES `SYS_DOMAIN` (`DOMAIN_ID`),
  CONSTRAINT `TXTSEG_FK2` FOREIGN KEY (`TXTSEG_TXTITE_ID`) REFERENCES `REP_TXTITE` (`TXTITE_ID`) ON DELETE CASCADE,
  CONSTRAINT `TXTSEG_FK3` FOREIGN KEY (`TXTSEG_CREATED_BY`) REFERENCES `SYS_PERSON` (`PERSON_ID`)
) ENGINE=InnoDB DEFAULT CHARSET=latin1 COLLATE=latin1_general_ci;



# Dump of table REP_FOLDER
# ------------------------------------------------------------

CREATE TABLE `REP_FOLDER` (
  `FOLDER_ID` int(11) unsigned NOT NULL AUTO_INCREMENT,
  `FOLDER_DOMAIN_ID` int(11) unsigned NOT NULL,
  `FOLDER_PARENT_ID` int(11) unsigned NOT NULL,
  `FOLDER_NAME` varchar(200) COLLATE latin1_general_ci NOT NULL DEFAULT '',
  `FOLDER_AUTHOR_ID` int(11) unsigned NOT NULL,
  `FOLDER_REVIEWER1_ID` int(11) unsigned NOT NULL,
  `FOLDER_REVIEWER2_ID` int(11) unsigned NOT NULL,
  `FOLDER_REVIEWER3_ID` int(11) unsigned NOT NULL,
  `FOLDER_REVIEWER4_ID` int(11) unsigned NOT NULL,
  `FOLDER_REVIEWER5_ID` int(11) unsigned NOT NULL,
  `FOLDER_CREATED_BY` int(11) unsigned NOT NULL,
  `FOLDER_CREATED_DATE` datetime NOT NULL DEFAULT CURRENT_TIMESTAMP,
  PRIMARY KEY (`FOLDER_ID`),
  KEY `FOLDER_FK1` (`FOLDER_DOMAIN_ID`),
  KEY `FOLDER_FK2` (`FOLDER_PARENT_ID`),
  KEY `FOLDER_FK3` (`FOLDER_CREATED_BY`),
  CONSTRAINT `FOLDER_FK1` FOREIGN KEY (`FOLDER_DOMAIN_ID`) REFERENCES `SYS_DOMAIN` (`DOMAIN_ID`),
  CONSTRAINT `FOLDER_FK3` FOREIGN KEY (`FOLDER_CREATED_BY`) REFERENCES `SYS_PERSON` (`PERSON_ID`)
) ENGINE=InnoDB DEFAULT CHARSET=latin1 COLLATE=latin1_general_ci;




# Dump of table REP_OBJTYP
# ------------------------------------------------------------

CREATE TABLE `REP_OBJTYP` (
  `OBJTYP_ID` int(11) unsigned NOT NULL AUTO_INCREMENT,
  `OBJTYP_NAME` varchar(50) COLLATE latin1_general_ci NOT NULL DEFAULT '',
  `OBJTYP_ORDERBY` smallint(5) unsigned NOT NULL DEFAULT '1',
  `OBJTYP_ICON` varchar(30) COLLATE latin1_general_ci NOT NULL DEFAULT '',
  PRIMARY KEY (`OBJTYP_ID`)
) ENGINE=InnoDB DEFAULT CHARSET=latin1 COLLATE=latin1_general_ci;



# Dump of table REP_OBJECT
# ------------------------------------------------------------

CREATE TABLE `REP_OBJECT` (
  `OBJECT_ID` int(11) unsigned NOT NULL AUTO_INCREMENT,
  `OBJECT_DOMAIN_ID` int(11) unsigned NOT NULL,
  `OBJECT_FOLDER_ID` int(11) unsigned NOT NULL,
  `OBJECT_OBJTYP_ID` int(11) unsigned NOT NULL,
  `OBJECT_NAME` varchar(100) COLLATE latin1_general_ci NOT NULL DEFAULT '',
  `OBJECT_ACTIVE` tinyint(1) NOT NULL DEFAULT '1',
  `OBJECT_CREATED_BY` int(11) unsigned NOT NULL,
  `OBJECT_CREATED_DATE` datetime NOT NULL DEFAULT CURRENT_TIMESTAMP,
  `OBJECT_REV_1` smallint(6) NOT NULL DEFAULT '0',
  `OBJECT_REV_2` smallint(6) NOT NULL DEFAULT '0',
  `OBJECT_REV_3` smallint(6) NOT NULL DEFAULT '0',
  `OBJECT_REV_4` smallint(6) NOT NULL DEFAULT '0',
  `OBJECT_REV_5` smallint(6) NOT NULL DEFAULT '0',
  `OBJECT_REV_COMMENT_1` varchar(200) COLLATE latin1_general_ci NOT NULL DEFAULT '',
  `OBJECT_REV_COMMENT_2` varchar(200) COLLATE latin1_general_ci NOT NULL DEFAULT '',
  `OBJECT_REV_COMMENT_3` varchar(200) COLLATE latin1_general_ci NOT NULL DEFAULT '',
  `OBJECT_REV_COMMENT_4` varchar(200) COLLATE latin1_general_ci NOT NULL DEFAULT '',
  `OBJECT_REV_COMMENT_5` varchar(200) COLLATE latin1_general_ci NOT NULL DEFAULT '',
  PRIMARY KEY (`OBJECT_ID`),
  KEY `OBJECT_FK1` (`OBJECT_DOMAIN_ID`),
  KEY `OBJECT_FK2` (`OBJECT_OBJTYP_ID`),
  KEY `OBJECT_FK3` (`OBJECT_FOLDER_ID`),
  KEY `OBJECT_FK4` (`OBJECT_CREATED_BY`),
  CONSTRAINT `OBJECT_FK1` FOREIGN KEY (`OBJECT_DOMAIN_ID`) REFERENCES `SYS_DOMAIN` (`DOMAIN_ID`),
  CONSTRAINT `OBJECT_FK2` FOREIGN KEY (`OBJECT_OBJTYP_ID`) REFERENCES `REP_OBJTYP` (`OBJTYP_ID`),
  CONSTRAINT `OBJECT_FK3` FOREIGN KEY (`OBJECT_FOLDER_ID`) REFERENCES `REP_FOLDER` (`FOLDER_ID`),
  CONSTRAINT `OBJECT_FK4` FOREIGN KEY (`OBJECT_CREATED_BY`) REFERENCES `SYS_PERSON` (`PERSON_ID`)
) ENGINE=InnoDB DEFAULT CHARSET=latin1 COLLATE=latin1_general_ci;



# Dump of table REP_QUIITE
# ------------------------------------------------------------

CREATE TABLE `REP_QUIITE` (
  `QUIITE_ID` int(11) unsigned NOT NULL AUTO_INCREMENT,
  `QUIITE_DOMAIN_ID` int(11) unsigned NOT NULL,
  `QUIITE_OBJECT_ID` int(11) unsigned NOT NULL,
  `QUIITE_TXTITE_ID_COMMAND` int(11) unsigned NOT NULL,
  `QUIITE_TXTITE_ID_FEEDBACK` int(11) unsigned NOT NULL,
  `QUIITE_CREATED_BY` int(11) unsigned NOT NULL,
  `QUIITE_CREATED_DATE` datetime NOT NULL DEFAULT CURRENT_TIMESTAMP,
  PRIMARY KEY (`QUIITE_ID`),
  KEY `QUIITE_FK1` (`QUIITE_DOMAIN_ID`),
  KEY `QUIITE_FK2` (`QUIITE_OBJECT_ID`),
  KEY `QUIITE_FK3` (`QUIITE_TXTITE_ID_COMMAND`),
  KEY `QUIITE_FK4` (`QUIITE_TXTITE_ID_FEEDBACK`),
  KEY `QUIITE_FK5` (`QUIITE_CREATED_BY`),
  CONSTRAINT `QUIITE_FK1` FOREIGN KEY (`QUIITE_DOMAIN_ID`) REFERENCES `SYS_DOMAIN` (`DOMAIN_ID`),
  CONSTRAINT `QUIITE_FK2` FOREIGN KEY (`QUIITE_OBJECT_ID`) REFERENCES `REP_OBJECT` (`OBJECT_ID`),
  CONSTRAINT `QUIITE_FK3` FOREIGN KEY (`QUIITE_TXTITE_ID_COMMAND`) REFERENCES `REP_TXTITE` (`TXTITE_ID`),
  CONSTRAINT `QUIITE_FK4` FOREIGN KEY (`QUIITE_TXTITE_ID_FEEDBACK`) REFERENCES `REP_TXTITE` (`TXTITE_ID`),
  CONSTRAINT `QUIITE_FK5` FOREIGN KEY (`QUIITE_CREATED_BY`) REFERENCES `SYS_PERSON` (`PERSON_ID`)
) ENGINE=InnoDB DEFAULT CHARSET=latin1 COLLATE=latin1_general_ci;



# Dump of table REP_QUIOPT
# ------------------------------------------------------------

CREATE TABLE `REP_QUIOPT` (
  `QUIOPT_ID` int(11) unsigned NOT NULL AUTO_INCREMENT,
  `QUIOPT_DOMAIN_ID` int(11) unsigned NOT NULL,
  `QUIOPT_QUIITE_ID` int(11) unsigned NOT NULL,
  `QUIOPT_TXTITE_ID` int(11) unsigned NOT NULL,
  `QUIOPT_ORDERBY` tinyint(3) unsigned NOT NULL,
  `QUIOPT_CORRECT` tinyint(1) unsigned NOT NULL DEFAULT '0',
  `QUIOPT_CREATED_BY` int(11) unsigned NOT NULL,
  `QUIOPT_CREATED_DATE` datetime NOT NULL DEFAULT CURRENT_TIMESTAMP,
  PRIMARY KEY (`QUIOPT_ID`),
  KEY `QUIOPT_FK1` (`QUIOPT_DOMAIN_ID`),
  KEY `QUIOPT_FK2` (`QUIOPT_QUIITE_ID`),
  KEY `QUIOPT_FK3` (`QUIOPT_TXTITE_ID`),
  KEY `QUIOPT_FK4` (`QUIOPT_CREATED_BY`),
  CONSTRAINT `QUIOPT_FK1` FOREIGN KEY (`QUIOPT_DOMAIN_ID`) REFERENCES `SYS_DOMAIN` (`DOMAIN_ID`),
  CONSTRAINT `QUIOPT_FK2` FOREIGN KEY (`QUIOPT_QUIITE_ID`) REFERENCES `REP_QUIITE` (`QUIITE_ID`) ON DELETE CASCADE,
  CONSTRAINT `QUIOPT_FK3` FOREIGN KEY (`QUIOPT_TXTITE_ID`) REFERENCES `REP_TXTITE` (`TXTITE_ID`),
  CONSTRAINT `QUIOPT_FK4` FOREIGN KEY (`QUIOPT_CREATED_BY`) REFERENCES `SYS_PERSON` (`PERSON_ID`)
) ENGINE=InnoDB DEFAULT CHARSET=latin1 COLLATE=latin1_general_ci;



# Dump of table REP_QUIASM
# ------------------------------------------------------------

CREATE TABLE `REP_QUIASM` (
  `QUIASM_ID` int(11) unsigned NOT NULL AUTO_INCREMENT COMMENT 'Assessment based on a collection of items (REP_QUIITE)',
  `QUIASM_DOMAIN_ID` int(11) unsigned NOT NULL,
  `QUIASM_OBJECT_ID` int(11) unsigned NOT NULL,
  `QUIASM_MAX_ITEMS` smallint(5) unsigned NOT NULL COMMENT 'Max items allowed when generating the assessment',
  `QUIASM_RANDOM_ITEMS` tinyint(1) unsigned NOT NULL DEFAULT '0' COMMENT 'Randomization of items (0=no, 1=yes) when generating the assessment',
  `QUIASM_RANDOM_OPTIONS` tinyint(1) unsigned NOT NULL DEFAULT '0' COMMENT 'Randomization of options (0=no, 1=yes) when generating the assessment',
  `QUIASM_CREATED_BY` int(11) unsigned NOT NULL,
  `QUIASM_CREATED_DATE` datetime NOT NULL DEFAULT CURRENT_TIMESTAMP,
  PRIMARY KEY (`QUIASM_ID`),
  KEY `QUIASM_FK1` (`QUIASM_DOMAIN_ID`),
  KEY `QUIASM_FK2` (`QUIASM_OBJECT_ID`),
  KEY `QUIASM_FK3` (`QUIASM_CREATED_BY`),
  CONSTRAINT `QUIASM_FK1` FOREIGN KEY (`QUIASM_DOMAIN_ID`) REFERENCES `SYS_DOMAIN` (`DOMAIN_ID`),
  CONSTRAINT `QUIASM_FK2` FOREIGN KEY (`QUIASM_OBJECT_ID`) REFERENCES `REP_OBJECT` (`OBJECT_ID`),
  CONSTRAINT `QUIASM_FK3` FOREIGN KEY (`QUIASM_CREATED_BY`) REFERENCES `SYS_PERSON` (`PERSON_ID`)
) ENGINE=InnoDB DEFAULT CHARSET=latin1 COLLATE=latin1_general_ci;




# Dump of table REP_QUIAIT
# ------------------------------------------------------------

CREATE TABLE `REP_QUIAIT` (
  `QUIAIT_ID` int(11) unsigned NOT NULL AUTO_INCREMENT COMMENT 'Items of REP_QUIASM row',
  `QUIAIT_DOMAIN_ID` int(11) unsigned NOT NULL,
  `QUIAIT_QUIASM_ID` int(11) unsigned NOT NULL,
  `QUIAIT_QUIITE_ID` int(11) unsigned NOT NULL,
  `QUIAIT_ORDERBY` smallint(5) unsigned NOT NULL DEFAULT '1',
  `QUIAIT_CREATED_BY` int(11) unsigned NOT NULL,
  `QUIAIT_CREATED_DATE` datetime NOT NULL DEFAULT CURRENT_TIMESTAMP,
  PRIMARY KEY (`QUIAIT_ID`),
  KEY `QUIAIT_FK1` (`QUIAIT_DOMAIN_ID`),
  KEY `QUIAIT_FK2` (`QUIAIT_QUIASM_ID`),
  KEY `QUIAIT_FK3` (`QUIAIT_QUIITE_ID`),
  KEY `QUIAIT_FK4` (`QUIAIT_CREATED_BY`),
  CONSTRAINT `QUIAIT_FK1` FOREIGN KEY (`QUIAIT_DOMAIN_ID`) REFERENCES `SYS_DOMAIN` (`DOMAIN_ID`),
  CONSTRAINT `QUIAIT_FK2` FOREIGN KEY (`QUIAIT_QUIASM_ID`) REFERENCES `REP_QUIASM` (`QUIASM_ID`) ON DELETE CASCADE,
  CONSTRAINT `QUIAIT_FK3` FOREIGN KEY (`QUIAIT_QUIITE_ID`) REFERENCES `REP_QUIITE` (`QUIITE_ID`),
  CONSTRAINT `QUIAIT_FK4` FOREIGN KEY (`QUIAIT_CREATED_BY`) REFERENCES `SYS_PERSON` (`PERSON_ID`)
) ENGINE=InnoDB DEFAULT CHARSET=latin1 COLLATE=latin1_general_ci;









/********** TAG ************************************************************************************************/




# Dump of table TAG_PACKET
# ------------------------------------------------------------

CREATE TABLE `TAG_PACKET` (
  `PACKET_ID` int(11) unsigned NOT NULL AUTO_INCREMENT,
  `PACKET_DOMAIN_ID` int(11) unsigned NOT NULL,
  `PACKET_NAME` varchar(100) COLLATE latin1_general_ci NOT NULL DEFAULT '',
  `PACKET_ORDERBY` smallint(5) unsigned NOT NULL DEFAULT '1',
  `PACKET_PARENT_ID` int(11) unsigned NOT NULL,
  PRIMARY KEY (`PACKET_ID`),
  KEY `PACKET_FK1` (`PACKET_DOMAIN_ID`),
  CONSTRAINT `PACKET_FK1` FOREIGN KEY (`PACKET_DOMAIN_ID`) REFERENCES `SYS_DOMAIN` (`DOMAIN_ID`)
) ENGINE=InnoDB DEFAULT CHARSET=latin1 COLLATE=latin1_general_ci;



# Dump of table TAG_ENTITY
# ------------------------------------------------------------

CREATE TABLE `TAG_ENTITY` (
  `ENTITY_ID` int(11) unsigned NOT NULL AUTO_INCREMENT,
  `ENTITY_DOMAIN_ID` int(11) unsigned NOT NULL,
  `ENTITY_PACKET_ID` int(11) unsigned NOT NULL,
  `ENTITY_CODE` varchar(20) COLLATE latin1_general_ci NOT NULL DEFAULT '',
  `ENTITY_DESCRIPTION` varchar(500) COLLATE latin1_general_ci NOT NULL DEFAULT '',
  PRIMARY KEY (`ENTITY_ID`),
  KEY `ENTITY_FK1` (`ENTITY_DOMAIN_ID`),
  KEY `ENTITY_FK2` (`ENTITY_PACKET_ID`),
  CONSTRAINT `ENTITY_FK1` FOREIGN KEY (`ENTITY_DOMAIN_ID`) REFERENCES `SYS_DOMAIN` (`DOMAIN_ID`),
  CONSTRAINT `ENTITY_FK2` FOREIGN KEY (`ENTITY_PACKET_ID`) REFERENCES `TAG_PACKET` (`PACKET_ID`)
) ENGINE=InnoDB DEFAULT CHARSET=latin1 COLLATE=latin1_general_ci;



# Dump of table TAG_FILTER
# ------------------------------------------------------------

CREATE TABLE `TAG_FILTER` (
  `FILTER_ID` int(11) unsigned NOT NULL AUTO_INCREMENT,
  `FILTER_DOMAIN_ID` int(11) unsigned NOT NULL,
  `FILTER_NAME` varchar(100) COLLATE latin1_general_ci NOT NULL DEFAULT '',
  `FILTER_ORDERBY` smallint(5) unsigned NOT NULL DEFAULT '1',
  PRIMARY KEY (`FILTER_ID`),
  KEY `FILTER_FK1` (`FILTER_DOMAIN_ID`),
  CONSTRAINT `FILTER_FK1` FOREIGN KEY (`FILTER_DOMAIN_ID`) REFERENCES `SYS_DOMAIN` (`DOMAIN_ID`)
) ENGINE=InnoDB DEFAULT CHARSET=latin1 COLLATE=latin1_general_ci;



# Dump of table TAG_ENTFIL
# ------------------------------------------------------------

CREATE TABLE `TAG_ENTFIL` (
  `ENTFIL_ID` int(11) unsigned NOT NULL AUTO_INCREMENT,
  `ENTFIL_DOMAIN_ID` int(11) unsigned NOT NULL,
  `ENTFIL_ENTITY_ID` int(11) unsigned NOT NULL,
  `ENTFIL_FILTER_ID` int(11) unsigned NOT NULL,
  PRIMARY KEY (`ENTFIL_ID`),
  KEY `ENTFIL_FK1` (`ENTFIL_DOMAIN_ID`),
  KEY `ENTFIL_FK2` (`ENTFIL_ENTITY_ID`),
  KEY `ENTFIL_FK3` (`ENTFIL_FILTER_ID`),
  CONSTRAINT `ENTFIL_FK1` FOREIGN KEY (`ENTFIL_DOMAIN_ID`) REFERENCES `SYS_DOMAIN` (`DOMAIN_ID`),
  CONSTRAINT `ENTFIL_FK2` FOREIGN KEY (`ENTFIL_ENTITY_ID`) REFERENCES `TAG_ENTITY` (`ENTITY_ID`),
  CONSTRAINT `ENTFIL_FK3` FOREIGN KEY (`ENTFIL_FILTER_ID`) REFERENCES `TAG_FILTER` (`FILTER_ID`)
) ENGINE=InnoDB DEFAULT CHARSET=latin1 COLLATE=latin1_general_ci;





# Dump of table TAG_TARTYP
# ------------------------------------------------------------

CREATE TABLE `TAG_TARTYP` (
  `TARTYP_ID` int(11) unsigned NOT NULL AUTO_INCREMENT,
  `TARTYP_TABLE_NAME` varchar(10) COLLATE latin1_general_ci NOT NULL DEFAULT '',
  PRIMARY KEY (`TARTYP_ID`)
) ENGINE=InnoDB DEFAULT CHARSET=latin1 COLLATE=latin1_general_ci;





# Dump of table TAG_TARGET
# ------------------------------------------------------------

CREATE TABLE `TAG_TARGET` (
  `TARGET_ID` int(11) unsigned NOT NULL AUTO_INCREMENT,
  `TARGET_DOMAIN_ID` int(11) unsigned NOT NULL,
  `TARGET_TARTYP_ID` int(11) unsigned NOT NULL,
  `TARGET_RECORD_ID` int(11) unsigned NOT NULL,
  `TARGET_ENTITY_ID` int(11) unsigned NOT NULL,
  PRIMARY KEY (`TARGET_ID`),
  KEY `TARGET_FK1` (`TARGET_DOMAIN_ID`),
  KEY `TARGET_FK2` (`TARGET_TARTYP_ID`),
  KEY `TARGET_FK3` (`TARGET_ENTITY_ID`),
  CONSTRAINT `TARGET_FK1` FOREIGN KEY (`TARGET_DOMAIN_ID`) REFERENCES `SYS_DOMAIN` (`DOMAIN_ID`),
  CONSTRAINT `TARGET_FK2` FOREIGN KEY (`TARGET_TARTYP_ID`) REFERENCES `TAG_TARTYP` (`TARTYP_ID`),
  CONSTRAINT `TARGET_FK3` FOREIGN KEY (`TARGET_ENTITY_ID`) REFERENCES `TAG_ENTITY` (`ENTITY_ID`)
) ENGINE=InnoDB DEFAULT CHARSET=latin1 COLLATE=latin1_general_ci;

















/******************************************************************************************************************/
/********** DATA **************************************************************************************************/
/******************************************************************************************************************/




/********** SYS ************************************************************************************************/


# Dump of table SYS_LANGUA
# ------------------------------------------------------------

INSERT INTO `SYS_LANGUA` (`LANGUA_ID`, `LANGUA_NAME`, `LANGUA_ACRONYM`)
VALUES
	(1,'(blank)','(blank)'),
	(2,'English','EN'),
	(3,'Português','PT'),
	(4,'Español','ES');


# Dump of table SYS_LNGSTR
# ------------------------------------------------------------


INSERT INTO `SYS_LNGSTR` (`LNGSTR_ID`, `LNGSTR_KEY`, `LNGSTR_EN`, `LNGSTR_PT`, `LNGSTR_ES`)
VALUES
	(1,'PROGRAMS','Programs','Cursos','Programas'),
	(2,'INSTITUTIONS','Institutions','Instituições','Instituciones'),
	(3,'COURSES','Courses','Disciplinas','Materias'),
	(4,'COURSE','Course','Disciplina','Materia'),
	(5,'INSTITUTION','Institution','Instituição','Institución'),
	(6,'PROGRAM','Program','Curso','Programa'),
	(7,'LOCATION','Location','Campus','Plantel'),
	(8,'LOCATIONS','Locations','Campi','Planteles'),
	(9,'ONLINE','Online','Online','En línea'),
	(10,'ONSITE_SM','Onsite','Presencial','Escolarizado'),
	(11,'ONSITE_SF','Onsite','Presencial','Escolarizada'),
	(12,'ONSITE_PM','Onsite','Presenciais','Escolarizados'),
	(13,'ONSITE_PF','Onsite','Presenciais','Escolarizadas'),
	(14,'COURSE_MAP','Course map','Matriz curricular','Malla curricular'),
	(15,'COURSE_MAPS','Course maps','Matrizes curriculares','Mallas curriculares'),
	(16,'SECTION','Section','Turma','Clase'),
	(17,'SECTIONS','Sections','Turmas','Clases'),
	(18,'YES','Yes','Sim','Sí'),
	(19,'NO','No','Não','No'),
	(20,'PROFESSOR','Faculty member','Professor','Profesor'),
	(21,'PROFESSORS','Faculty','Professores','Profesores'),
	(22,'HOUR','Hour','Hora','Hora'),
	(23,'HOURS','Hours','Horas','Horas'),
	(24,'CREDIT','Credit','Crédito','Crédito'),
	(25,'CREDITS','Credits','Créditos','Créditos'),
	(26,'HOURS_CONTACT','Contact hours','Horas supervisionadas','Horas con docente'),
	(27,'HOURS_INDEPENDENT','Independent hours','Horas independentes','Horas independientes'),
	(28,'REQUISITES','Requistes','Pré-requisitos','Seriación'),
	(29,'HOURS_TOTAL','Total hours','Horas totais','Horas totales'),
	(30,'TYPE','Type','Tipo','Tipo'),
	(31,'THEMES','Themes','Temas','Temas'),
	(32,'OBJECTIVES','Objectives','Objetivos','Objetivos'),
	(33,'THEMES_SUB','Sub-themes','Subtemas','Subtemas'),
	(34,'REPOSITORY','Repository','Repositório','Repositorio'),
	(35,'OBJ_QUIZ','Quiz item','Questão objetiva','Cuestión objetiva'),
	(36,'OBJ_ESSAY','Essay item','Questão dissertativa','Ensayo'),
	(37,'OBJ_TEXT','Text','Texto','Texto'),
	(38,'OBJ_BOT','Chatbot','Chatbot','Chatbot'),
	(39,'OBJ_FILE','File','Arquivo','Archivo'),
	(40,'OBJ_LTI','LTI','LTI','LTI'),
	(41,'OBJ_URL','Link (URL)','Link (URL)','Liga (URL)'),
	(42,'OBJ_VIDEO','Video','Vídeo','Video'),
	(43,'OBJ_AUDIO','Audio','Áudio','Audio'),
	(44,'HOME','Home','Início','Inicio'),
	(45,'MY_DASHBOARD','My dashboard','Meu painel','Mi tablero'),
	(46,'MY_COURSES','My courses','Minhas disciplinas','Mis materias'),
	(47,'MY_CLASSES','My classes','Minhas turmas','Mis clases'),
	(48,'MY_GROUPS','My groups','Meus grupos','Mis grupos'),
	(49,'ACADEMICS','Academics','Acadêmico','Académico'),
	(50,'OPERATIONS','Operations','Operações','Operaciones'),
	(51,'ADMISSIONS','Admissions','Admissões','Admisiones'),
	(52,'SCHEDULING','Scheduling','Enturmação','Programación'),
	(53,'FINANCIAL','Financial','Financeiro','Financiero'),
	(54,'SETTINGS','Settings','Configurações','Configuraciones'),
	(55,'USERS','Users','Usuários','Usuarios'),
	(56,'FACULTY','Faculty','Professores','Profesores'),
	(57,'STUDENTS','Students','Alunos','Alumnos'),
	(58,'ADMIN','Admin','Admin','Admin'),
	(59,'DOMAINS','Domains','Domínios','Dominios'),
	(60,'LANGUAGES','Languages','Idiomas','Idiomas'),
	(61,'LOGOUT','Logout','Sair','Salir'),
	(62,'FOLDER','Folder','Pasta','Carpeta'),
	(63,'OBJECT','Object','Objeto','Objeto'),
	(65,'CONFIRM_FOLDER_DEL','Confirm folder delete?','Confirma a exclusão da pasta?','¿Confirma eliminación de carpeta?'),
	(66,'FOLDER_NOT_EMPTY','The folder cannot be deleted because it is not empty.','A pasta não pode ser excluída porque não está vazia.','La carpeta no se puede eliminar porque no está vacía.'),
	(67,'WORK_IN_PROGRESS','Work in progress...','Em desenvolvimento...','En desarrollo...'),
	(68,'CONFIRM_OBJECT_DEL','Confirm object delete?','Confirma a exclusão do objeto?','¿Confirma eliminación de objeto?'),
	(69,'SAVE','Save','Salvar','Salvar'),
	(70,'PROMPT_OBJECT_DATA','Please enter the object data:','Por favor, insira os dados do objeto:','Por favor, introduzca los datos del objeto:'),
	(71,'NAME','Name','Nome','Nombre'),
	(72,'ACTIVE','Active','Ativo','Activo'),
	(73,'INACTIVE','Inactive','Inativo','Inactivo'),
	(74,'OBJECT_NOT_EMPTY','The object cannot be deleted because it is not empty.','O objeto não pode ser excluído porque não está vazio.','El objeto no se puede eliminar porque no está vacío.'),
	(75,'COMMAND','Command','Comando','Comando'),
	(76,'FEEDBACK','Feedback','Feedback','Feedback'),
	(77,'OPTION','Option','Opção','Opción'),
	(78,'IMAGE','Image','Imagem','Imagen'),
	(79,'TEXT','Text','Texto','Texto'),
	(80,'EQUATION','Equation','Equação','Ecuación'),
	(81,'TEXT_EDITOR','Text editor','Editor de texto','Editor de texto'),
	(82,'ORDER_BY','Order by','Ordenação','Ordenación'),
	(83,'STYLE','Style','Estilo','Estilo'),
	(84,'BOLD','Bold','Negrito','Negrito'),
	(85,'ITALIC','Italic','Itálico','Itálico'),
	(86,'UNDERLINED','Underlined','Sublinhado','Subrayado'),
	(87,'SUPERSCRIPT','Superscript','Sobrescrito','Sobrescrito'),
	(88,'SUBSCRIPT','Subscript','Subescrito','Subescrito'),
	(89,'CLEAR_FORMAT','Clear format','Limpar formatação','Eliminar formato'),
	(90,'SYMBOLS','Symbols','Símbolos','Símbolos'),
	(91,'COLORS','Colors','Cores','Colores'),
	(92,'CORRECT','Correct','Correta','Correcta'),
	(93,'PROMPT_FOLDER_NAME','Please enter the folder name:','Por favor informe o nome da pasta:','Por favor ingrese el nombre de la carpeta:'),
	(94,'PROMPT_OPTION_INFO','Please enter data of this option:','Por favor informe os dados dessa opção:','Por favor ingrese los datos de esta opción:'),
	(95,'CONFIRM_OPTION_DEL','Confirm option delete?','Confirma a exclusão da opção?','¿Confirma eliminación de opción?'),
	(96,'PARAGRAPH','Paragraph','Parágrafo','Párrafo'),
	(97,'HEADER','Header','Cabeçalho','Encabezado'),
	(98,'FOOTNOTE','Footnote','Rodapé','Pie de página'),
	(99,'SEGMENT','Segment','Segmento','Segmento'),
	(100,'CONFIRM_SEGMENT_DEL','Confirm segment delete?','Confirma a exclusão do segmento?','¿Confirma eliminación de segmento?'),
	(101,'PROMPT_FILE_NAME','Please enter the file name:','Por favor informe o nome do arquivo:','Por favor ingrese el nombre del archivo:'),
	(102,'PROMPT_EQUATION','Please enter the equation (TeX):','Por favor informe a equação (TeX):','Por favor ingrese el ecuación (TeX):'),
	(103,'OBJ_QUIZ_ASM','Quiz assessment','Prova questões objetivas','Evaluación cuestiónes objetivas'),
	(104,'QUIZ_ASM_MAX_ITEMS','Max items','Número máximo de questões','Numero maximo de cuestións'),
	(105,'QUIZ_ASM_RANDOM_ITEMS','Randomize items','Randomizar questões','Aleatorizar cuestiones'),
	(106,'QUIZ_ASM_RANDOM_OPTIONS','Randomize options','Randomizar opções','Aleatorizar opciones'),
	(107,'ITEM','Item','Questão','Cuestión'),
	(108,'ITEMS','Items','Questões','Cuestiones'),
	(109,'TAG_ALL','Tag all items','Vincular todas','Vincular todo'),
	(110,'PROMPT_ID','Please enter the ID:','Por favor informe o ID:','Por favor ingrese el ID:'),
	(111,'CONFIRM_QUIAIT_REM','Confirm quiz removal?','Confirma a remoção da questão?','¿Confirma remoción de la cuestión?'),
	(112,'QUESTION','Question','Questão','Cuestión'),
	(113,'PROMPT_FOLDER_INFO','Please enter data of this folder:','Por favor informe os dados dessa pasta:','Por favor ingrese los datos de esta carpeta:'),
	(114,'AUTHOR','Author','Autor','Autor'),
	(115,'REVIEWER','Reviewer','Revisor','Revisor'),
	(116,'REPOSITORY_FULL_ACCESS','Full access','Acesso pleno','Acceso completo'),
	(117,'REPOSITORY_MY_FOLDERS','My folders','Minhas pastas','Mis carpetas'),
	(118,'APPROVED','Approved','Aprovado','Aprovado'),
	(119,'NOT_APPROVED','Not approved','Não aprovado','No aprobado'),
	(120,'NOT_VERIFIED','Not verified','Não verificado','No verificado'),
	(121,'DISCLAIMER_1','This is a testing and prototyping environment. Not for use as a production environment.','Esse é um ambiente de testes e prototipagem. Não deve ser usado como ambiente de produção.','Este es un entorno de prueba y creación de prototipos. No debe usarse como entorno de producción.'),
	(122,'DISCLAIMER_2','Solvertank assumes no responsibility for any instability, data loss or any other damage that may occur during its use.','A Solvertank não assume responsabilidades por qualquer instabilidade, perda de dados ou qualquer outro dano que eventualmente possa ocorrer durante sua utilização.','Solvertank no asume ninguna responsabilidad por cualquier inestabilidad, pérdida de datos o cualquier otro daño que pueda ocurrir durante su uso.'),
	(123,'DISCLAIMER_3','Use at your own risk.','Use ao seu próprio risco.','Use bajo su propio riesgo.'),
	(124,'FEED','Feed','Feed','Feed'),
	(125,'TAGS','Tags','Etiquetas','Etiquetas'),
	(126,'CONFIRM_TAG_REM','Confirm tag removal?','Confirma a remoção da etiqueta?','¿Confirma remoción de la etiqueta?'),
	(127,'TAG_LINK','Link tag','Associar etiqueta','Enlazar etiqueta'),
	(128,'CODE','Code','Código','Código'),
	(129,'TAG_LINK_BY_CODE','Link by code','Associar pelo código','Enlace por código'),
	(130,'TAG_LINK_BY_SEARCH','Link by search','Associar por busca','Enlace por búsqueda'),
	(131,'TAG_LINK_BY_PACKET','Link by folder','Associar pela pasta','Enlace por carpeta'),
	(132,'TAG_NOT_FOUND','Tag not found','Etiqueta não encontrada','Etiqueta no encontrada'),
	(133,'TAG_ALL_FILTERS','All filters','Todos filtros','Todos filtros'),
	(134,'TAG_MAX_50','Max 50 tags ...','Máx 50 etiquetas','Máx 50 etiquetas');



# Dump of table SYS_DOMAIN
# ------------------------------------------------------------

INSERT INTO `SYS_DOMAIN` (`DOMAIN_ID`, `DOMAIN_LANGUA_ID`, `DOMAIN_NAME`, `DOMAIN_SECRET`)
VALUES
	(1,1,'(blank)',1),
	(2,2,'Wayne Corporation',479929474),
	(3,3,'Turma da Mônica',176575655),
	(4,4,'El Chavo del Ocho',719198561);


# Dump of table SYS_PERSON
# ------------------------------------------------------------

INSERT INTO `SYS_PERSON` (`PERSON_ID`, `PERSON_NAME`, `PERSON_EMAIL`, `PERSON_LAST_DOMAIN_ID`)
VALUES
	(1,'(blank)','(blank)',1),
	(2,'Bruce Wayne','batman@wayne.com',2),
	(3,'Dick Grayson','robin@wayne.com',2),
	(4,'Barbara Gordon','batgirl@wayne.com',2),
	(5,'Selina Kyle','catwoman@wayne.com',2),
	(6,'Dark Knight','joker@wayne.com',2),
	(7,'M&ocirc;nica','monica@turmadamonica.com.br',3),
	(8,'Cebolinha','cebolinha@turmadamonica.com.br',3),
	(9,'Casc&atilde;o','cascao@turmadamonica.com.br',3),
	(10,'Magali','magali@turmadamonica.com.br',3),
	(11,'Franjinha','franjinha@turmadamonica.com.br',3),
	(12,'El Chavo del Ocho','chavo@elchavo8.com.mx',4),
	(13,'La Chilindrina','chilindrina@elchavo8.com.mx',4),
	(14,'Don Ram&oacute;n','ramon@elchavo8.com.mx',4),
	(15,'Do&ntilde;a Florinda','florinda@elchavo8.com.mx',4),
	(16,'Quico','quico@elchavo8.com.mx',4);



# Dump of table SYS_PROFIL
# ------------------------------------------------------------

INSERT INTO `SYS_PROFIL` (`PROFIL_ID`, `PROFIL_NAME`)
VALUES
	(1,'(blank)'),
	(2,'Master'),
	(3,'Manager'),
	(4,'Author'),
	(5,'Student'),
	(6,'Professor');




# Dump of table SYS_PERPRO
# ------------------------------------------------------------

INSERT INTO `SYS_PERPRO` (`PERPRO_ID`, `PERPRO_DOMAIN_ID`, `PERPRO_PERSON_ID`, `PERPRO_PROFIL_ID`)
VALUES
	(1,1,1,1),
	(2,2,2,2),
	(3,2,3,3),
	(4,2,4,4),
	(5,2,5,5),
	(6,2,6,6),
	(7,3,7,2),
	(8,3,8,3),
	(9,3,9,4),
	(10,3,10,5),
	(11,3,11,6),
	(12,4,12,2),
	(13,4,13,3),
	(14,4,14,4),
	(15,4,15,5),
	(16,4,16,6),
	(17,3,2,4),
	(18,4,2,4),
	(19,2,7,4),
	(20,4,7,4),
	(21,2,12,4),
	(22,3,12,4);



# Dump of table SYS_PROFM0
# ------------------------------------------------------------

INSERT INTO `SYS_PROFM0` (`PROFM0_ID`, `PROFM0_LABEL`, `PROFM0_LEVEL`, `PROFM0_ICON`, `PROFM0_ORDERBY`, `PROFM0_ACTIVE`, `PROFM0_PARENT_ID`, `PROFM0_COMMENTS`)
VALUES
	(1,'(blank)',1,'(blank)',1,0,0,''),
	(2,'MY_DASHBOARD',1,'dashboard',65,0,0,''),
	(3,'MY_COURSES',1,'edit',30,1,0,''),
	(4,'MY_CLASSES',1,'class',40,1,0,''),
	(5,'MY_GROUPS',1,'group',18,1,0,''),
	(6,'ACADEMICS',2,'school',60,1,0,''),
	(7,'PROGRAMS',3,'',10,1,6,''),
	(8,'COURSES',3,'',20,1,6,''),
	(9,'INSTITUTIONS',3,'',30,1,6,''),
	(10,'REPOSITORY',2,'library_books',65,1,0,''),
	(11,'OPERATIONS',2,'business',70,1,0,''),
	(12,'ADMISSIONS',3,'',10,1,11,''),
	(13,'SCHEDULING',3,'',20,1,11,''),
	(14,'FINANCIAL',3,'',30,1,11,''),
	(15,'SETTINGS',2,'settings',80,1,0,''),
	(16,'USERS',3,'',10,1,15,''),
	(17,'FACULTY',3,'',20,1,15,''),
	(18,'STUDENTS',3,'',30,1,15,''),
	(19,'ADMIN',2,'vpn_key',90,1,0,''),
	(20,'DOMAINS',3,'',10,1,19,''),
	(21,'LANGUAGES',3,'',20,1,19,''),
	(22,'HOME',1,'home',10,1,0,''),
	(23,'REPOSITORY_FULL_ACCESS',3,'',10,1,10,''),
	(24,'REPOSITORY_MY_FOLDERS',3,'',20,1,10,''),
	(25,'FEED',1,'list',15,1,0,''),
	(26,'TAGS',3,'',30,1,10,'');



# Dump of table SYS_PROFM1
# ------------------------------------------------------------

INSERT INTO `SYS_PROFM1` (`PROFM1_ID`, `PROFM1_PROFM0_ID`, `PROFM1_PROFIL_ID`)
VALUES
	(1,1,1),
	(2,2,2),
	(3,3,2),
	(4,4,2),
	(5,5,2),
	(6,6,2),
	(7,7,2),
	(8,8,2),
	(9,9,2),
	(10,10,2),
	(11,11,2),
	(12,12,2),
	(13,13,2),
	(14,14,2),
	(15,15,2),
	(16,16,2),
	(17,17,2),
	(18,18,2),
	(19,19,2),
	(20,20,2),
	(21,21,2),
	(22,22,2),
	(23,23,2),
	(24,24,2),
	(25,25,2),
	(26,26,2),
	(28,10,3),
	(29,24,3),
	(30,10,4),
	(31,24,4),
	(32,10,5),
	(33,24,5),
	(34,10,6),
	(35,24,6);



# Dump of table SYS_PROFP0
# ------------------------------------------------------------

INSERT INTO `SYS_PROFP0` (`PROFP0_ID`, `PROFP0_NAME`, `PROFP0_COMMENTS`, `PROFP0_OPEN`)
VALUES
	(1,'(blank)','(blank)',0),
	(2,'%%','Master Full',0),
	(3,'rep%','Repository',0),
	(12,'sys_domain_last_get','',1),
	(13,'sys_domain_list','',1),
	(14,'sys_lngstr_%','',1),
	(15,'sysw_domain_last_set','',1),
	(16,'sys_profm0_list','',1);

/*!40000 ALTER TABLE `SYS_PROFP0` ENABLE KEYS */;
UNLOCK TABLES;


# Dump of table SYS_PROFP1
# ------------------------------------------------------------

INSERT INTO `SYS_PROFP1` (`PROFP1_ID`, `PROFP1_PROFP0_ID`, `PROFP1_PROFIL_ID`)
VALUES
	(1,1,1),
	(2,2,2),
	(3,3,3),
	(4,3,4),
	(5,3,5),
	(6,3,6);








/********** REP ************************************************************************************************/
	
	
# Dump of table REP_TXTITE
# ------------------------------------------------------------

INSERT INTO `REP_TXTITE` (`TXTITE_ID`, `TXTITE_DOMAIN_ID`, `TXTITE_DELETED`, `TXTITE_CREATED_BY`, `TXTITE_CREATED_DATE`)
VALUES
	(1,1,0,1,'2020-01-05 21:27:46'),
	(2,3,0,7,'2020-01-12 14:54:22'),
	(3,3,0,7,'2020-01-12 14:54:22'),
	(4,3,0,7,'2020-01-12 14:54:22'),
	(5,3,0,7,'2020-01-12 14:54:22'),
	(6,3,0,7,'2020-01-12 14:54:22'),
	(7,3,0,7,'2020-01-12 14:54:22'),
	(8,3,0,7,'2020-01-12 14:54:22'),
	(9,3,0,7,'2020-01-12 17:41:16'),
	(10,3,0,7,'2020-01-12 17:41:16'),
	(11,3,0,7,'2020-01-12 17:41:16'),
	(12,3,0,7,'2020-01-12 17:41:16'),
	(13,3,0,7,'2020-01-12 17:41:16'),
	(14,3,0,7,'2020-01-12 17:41:16'),
	(15,3,0,7,'2020-01-12 17:41:16'),
	(16,3,0,7,'2020-01-12 17:45:18'),
	(17,3,0,7,'2020-01-12 17:45:18'),
	(18,3,0,7,'2020-01-12 17:45:18'),
	(19,3,0,7,'2020-01-12 17:45:19'),
	(20,3,0,7,'2020-01-12 17:45:19'),
	(21,3,0,7,'2020-01-12 17:45:19'),
	(22,3,0,7,'2020-01-12 17:45:19'),
	(23,3,0,7,'2020-01-12 17:48:37'),
	(24,3,0,7,'2020-01-12 17:48:37'),
	(25,3,0,7,'2020-01-12 17:48:37'),
	(26,3,0,7,'2020-01-12 17:48:38'),
	(27,3,0,7,'2020-01-12 17:48:38'),
	(28,3,0,7,'2020-01-12 17:48:38'),
	(29,3,0,7,'2020-01-12 17:48:38'),
	(30,3,0,7,'2020-01-12 17:51:56'),
	(31,3,0,7,'2020-01-12 17:51:57'),
	(32,3,0,7,'2020-01-12 17:51:57'),
	(33,3,0,7,'2020-01-12 17:51:57'),
	(34,3,0,7,'2020-01-12 17:51:57'),
	(35,3,0,7,'2020-01-12 17:51:57'),
	(36,3,0,7,'2020-01-12 17:51:57');



# Dump of table REP_TXTSEG
# ------------------------------------------------------------

INSERT INTO `REP_TXTSEG` (`TXTSEG_ID`, `TXTSEG_DOMAIN_ID`, `TXTSEG_TXTITE_ID`, `TXTSEG_ORDERBY`, `TXTSEG_TYPE`, `TXTSEG_STYLE`, `TXTSEG_CONTENT`, `TXTSEG_CREATED_BY`, `TXTSEG_CREATED_DATE`)
VALUES
	(1,1,1,1,'TXT','paragraph','',1,'2020-01-05 21:24:09'),
	(2,3,2,1,'IMG','','IMG17200002020010031412803200072.png',7,'2020-01-12 17:33:48'),
	(3,3,2,2,'TXT','footnote','<div>PICASSO, P. <b>Cabe&ccedil;a de touro</b>. Bronze, 33,5 cm x 43,5 cm x 19 cm. Mus&eacute;e Picasso, Paris. Fran&ccedil;a, 1945.</div><div>JANSON, H. W. <b>Inicia&ccedil;&atilde;o &agrave; hist&oacute;ria da arte</b>. S&atilde;o Paulo: Martins Fontes, 1988.</div>',7,'2020-01-12 17:34:15'),
	(4,3,2,3,'TXT','paragraph','Na obra Cabe&ccedil;a de touro, o material descartado torna-se objeto de arte por meio da',7,'2020-01-12 17:34:48'),
	(5,3,4,1,'TXT','paragraph','reciclagem da mat&eacute;ria-prima original.',7,'2020-01-12 17:35:34'),
	(6,3,5,1,'TXT','paragraph','complexidade da combina&ccedil;&atilde;o de formas abstratas.',7,'2020-01-12 17:35:44'),
	(7,3,6,1,'TXT','paragraph','perenidade dos elementos que constituem a escultura.',7,'2020-01-12 17:35:54'),
	(8,3,7,1,'TXT','paragraph','mudan&ccedil;a da funcionalidade pela integra&ccedil;&atilde;o dos objetos.',7,'2020-01-12 17:36:04'),
	(9,3,8,1,'TXT','paragraph','fragmenta&ccedil;&atilde;o da imagem no uso de elementos diversificados.',7,'2020-01-12 17:36:26'),
	(10,3,9,1,'TXT','heading-2','TEXTO I',7,'2020-01-12 17:41:36'),
	(11,3,9,2,'IMG','','IMG37210002030010011412404400011.png',7,'2020-01-12 17:41:44'),
	(12,3,9,3,'TXT','footnote','Fotografia de Jackson Pollock pintando em seu ateli&ecirc;, realizada por Hans Namuth em 1951.<br>CHIPP, H. <b>Teorias da arte moderna</b>. S&atilde;o Paulo: Martins Fontes, 1988.',7,'2020-01-12 17:41:59'),
	(13,3,9,4,'TXT','heading-2','TEXTO II',7,'2020-01-12 17:42:11'),
	(14,3,9,5,'IMG','','IMG97210002040010021212904900084.png',7,'2020-01-12 17:42:29'),
	(15,3,9,6,'TXT','footnote','MUNIZ, V. <b>Action Photo </b>(segundo Hans Namuth em Pictures in Chocolate). Impress&atilde;o fotogr&aacute;fica, 152,4 cm x 121,92 cm, The Museum of Modern Art, Nova Iorque, 1977.<br>NEVES, A. <b>Hist&oacute;ria da arte 4</b>. Vit&oacute;ria: Ufes &ndash; Nead, 2011.',7,'2020-01-12 17:42:56'),
	(16,3,9,7,'TXT','paragraph','Utilizando chocolate derretido como mat&eacute;ria-prima, essa obra de Vick Muniz reproduz a c&eacute;lebre fotografia do processo de cria&ccedil;&atilde;o de Jackson Pollock. A originalidade dessa releitura reside na',7,'2020-01-12 17:43:04'),
	(17,3,11,1,'TXT','paragraph','apropria&ccedil;&atilde;o parod&iacute;stica das t&eacute;cnicas e materiais utilizados.',7,'2020-01-12 17:43:47'),
	(18,3,12,1,'TXT','paragraph','reflex&atilde;o acerca dos sistemas de circula&ccedil;&atilde;o da arte.',7,'2020-01-12 17:44:00'),
	(19,3,13,1,'TXT','paragraph','simplifica&ccedil;&atilde;o dos tra&ccedil;os da composi&ccedil;&atilde;o pict&oacute;rica.',7,'2020-01-12 17:44:12'),
	(20,3,14,1,'TXT','paragraph','contraposi&ccedil;&atilde;o de linguagens art&iacute;sticas distintas.',7,'2020-01-12 17:44:25'),
	(21,3,15,1,'TXT','paragraph','cr&iacute;tica ao advento do abstracionismo.',7,'2020-01-12 17:44:37'),
	(22,3,16,1,'TXT','paragraph','Muitos dos superpoderes do querido Homem- -Aranha de fato se assemelham &agrave;s habilidades biol&oacute;gicas das aranhas e s&atilde;o objeto de estudo para produ&ccedil;&atilde;o de novos materiais.<br>O &ldquo;sentido-aranha&rdquo; adquirido por Peter Parker funciona quase como um sexto sentido, uma esp&eacute;cie de habilidade premonit&oacute;ria e, por isso, soa como um mero elemento ficcional. No entanto, as aranhas realmente t&ecirc;m um sentido mais agu&ccedil;ado. Na verdade, elas t&ecirc;m um dos sistemas sensoriais mais impressionantes da natureza.<br>Os pelos sensoriais das aranhas, que est&atilde;o espalhados por todo o corpo, funcionam como uma forma muito boa de perceber o mundo e captar informa&ccedil;&otilde;es do ambiente. Em muitas esp&eacute;cies, esse tato por meio dos pelos tem papel mais importante que a pr&oacute;pria vis&atilde;o, uma vez que muitas aranhas conseguem prender e atacar suas presas na completa escurid&atilde;o. E por que os pelos humanos n&atilde;o s&atilde;o t&atilde;o eficientes como &oacute;rg&atilde;os sensoriais como os das aranhas? Primeiro, porque um ser humano tem em m&eacute;dia 60 fios de pelo em cada cm2 do corpo, enquanto algumas esp&eacute;cies de aranha podem chegar a ter 40 mil pelos por cm2; segundo, porque cada pelo das aranhas possui at&eacute; 3 nervos para fazer a comunica&ccedil;&atilde;o entre a sensa&ccedil;&atilde;o percebida e o c&eacute;rebro, enquanto n&oacute;s, seres humanos, temos apenas 1 nervo por pelo.',7,'2020-01-12 17:45:49'),
	(23,3,16,2,'TXT','footnote','<div>Dispon&iacute;vel em: http://cienciahoje.org.br. Acesso em: 11 dez. 2018 (adaptado).</div>',7,'2020-01-12 17:46:05'),
	(24,3,16,3,'TXT','paragraph','Como estrat&eacute;gia de progress&atilde;o do texto, o autor simula uma interlocu&ccedil;&atilde;o com o p&uacute;blico leitor ao recorrer &agrave;',7,'2020-01-12 17:46:19'),
	(25,3,18,1,'TXT','paragraph','revela&ccedil;&atilde;o do &ldquo;sentido-aranha&rdquo; adquirido pelo super- -her&oacute;i como um sexto sentido.',7,'2020-01-12 17:46:49'),
	(26,3,19,1,'TXT','paragraph','caracteriza&ccedil;&atilde;o do afeto do p&uacute;blico pelo super-her&oacute;i marcado pela palavra &ldquo;querido&rdquo;.',7,'2020-01-12 17:47:02'),
	(27,3,20,1,'TXT','paragraph','compara&ccedil;&atilde;o entre os poderes do super-her&oacute;i e as habilidades biol&oacute;gicas das aranhas.',7,'2020-01-12 17:47:12'),
	(28,3,21,1,'TXT','paragraph','pergunta ret&oacute;rica na introdu&ccedil;&atilde;o das causas da efici&ecirc;ncia do sistema sensorial das aranhas.',7,'2020-01-12 17:47:28'),
	(29,3,22,1,'TXT','paragraph','comprova&ccedil;&atilde;o das diferen&ccedil;as entre a constitui&ccedil;&atilde;o f&iacute;sica do homem e da aranha por meio de dados num&eacute;ricos.',7,'2020-01-12 17:47:38'),
	(30,3,23,1,'IMG','','IMG47230002030010081512904300010.png',7,'2020-01-12 17:48:59'),
	(31,3,23,2,'TXT','footnote','<div>Dispon&iacute;vel em: www.tecmundo.com.br. Acesso em: 10 dez. 2018 (adaptado).</div>',7,'2020-01-12 17:49:14'),
	(32,3,23,3,'TXT','paragraph','O texto tem o formato de uma carta de jogo e apresenta dados a respeito de Marcelo Gleiser, premiado pesquisador brasileiro da atualidade. Essa apresenta&ccedil;&atilde;o subverte um g&ecirc;nero textual ao',7,'2020-01-12 17:49:22'),
	(33,3,25,1,'TXT','paragraph','vincular &aacute;reas distintas do conhecimento.',7,'2020-01-12 17:49:41'),
	(34,3,26,1,'TXT','paragraph','evidenciar a forma&ccedil;&atilde;o acad&ecirc;mica do pesquisador.',7,'2020-01-12 17:49:51'),
	(35,3,27,1,'TXT','paragraph','relacionar o universo l&uacute;dico a informa&ccedil;&otilde;es biogr&aacute;ficas.',7,'2020-01-12 17:50:05'),
	(36,3,28,1,'TXT','paragraph','especificar as contribui&ccedil;&otilde;es mais conhecidas do pesquisador.',7,'2020-01-12 17:50:17'),
	(37,3,29,1,'TXT','paragraph','destacar o nome do pesquisador e sua imagem no in&iacute;cio do texto.',7,'2020-01-12 17:50:30'),
	(38,3,30,1,'IMG','','IMG37230002050010031012005500048.png',7,'2020-01-12 17:53:00'),
	(39,3,30,2,'TXT','footnote','<div>Dispon&iacute;vel em: www.ibge.gov.br. Acesso em: 11 dez. 2018 (adaptado).</div>',7,'2020-01-12 17:53:21'),
	(40,3,30,3,'TXT','paragraph','A gera&ccedil;&atilde;o de imagens por meio da tecnologia ilustrada depende da varia&ccedil;&atilde;o do(a):',7,'2020-01-12 17:53:30'),
	(41,3,32,1,'TXT','paragraph','Albedo dos corpos f&iacute;sicos.',7,'2020-01-12 17:56:39'),
	(42,3,33,1,'TXT','paragraph','Profundidade do len&ccedil;ol fre&aacute;tico.',7,'2020-01-12 17:56:49'),
	(43,3,34,1,'TXT','paragraph','Campo de magnetismo terrestre.',7,'2020-01-12 17:56:59'),
	(44,3,35,1,'TXT','paragraph','Qualidade dos recursos minerais.',7,'2020-01-12 17:57:11'),
	(45,3,36,1,'TXT','paragraph','Movimento de transla&ccedil;&atilde;o planet&aacute;ria.',7,'2020-01-12 17:57:20');



# Dump of table REP_FOLDER
# ------------------------------------------------------------

INSERT INTO `REP_FOLDER` (`FOLDER_ID`, `FOLDER_DOMAIN_ID`, `FOLDER_PARENT_ID`, `FOLDER_NAME`, `FOLDER_AUTHOR_ID`, `FOLDER_REVIEWER1_ID`, `FOLDER_REVIEWER2_ID`, `FOLDER_REVIEWER3_ID`, `FOLDER_REVIEWER4_ID`, `FOLDER_REVIEWER5_ID`, `FOLDER_CREATED_BY`, `FOLDER_CREATED_DATE`)
VALUES
	(1,1,0,'(blank)',0,0,0,0,0,0,1,'2020-01-05 21:26:02'),
	(2,3,0,'Enem 2019 - 1o. dia - Caderno 1 Azul',7,8,9,10,0,0,7,'2020-01-12 14:54:10');



# Dump of table REP_OBJTYP
# ------------------------------------------------------------

INSERT INTO `REP_OBJTYP` (`OBJTYP_ID`, `OBJTYP_NAME`, `OBJTYP_ORDERBY`, `OBJTYP_ICON`)
VALUES
	(1,'OBJ_QUIZ',10,'check-square-o'),
	(2,'OBJ_ESSAY',20,'pencil-square-o'),
	(3,'OBJ_TEXT',35,'file-text-o'),
	(4,'OBJ_BOT',99,'smile-o'),
	(5,'OBJ_FILE',50,'upload'),
	(6,'OBJ_LTI',60,'cogs'),
	(7,'OBJ_URL',45,'link'),
	(8,'OBJ_VIDEO',40,'film'),
	(9,'OBJ_AUDIO',45,'podcast'),
	(10,'OBJ_QUIZ_ASM',30,'th-list');



# Dump of table REP_OBJECT
# ------------------------------------------------------------

INSERT INTO `REP_OBJECT` (`OBJECT_ID`, `OBJECT_DOMAIN_ID`, `OBJECT_FOLDER_ID`, `OBJECT_OBJTYP_ID`, `OBJECT_NAME`, `OBJECT_ACTIVE`, `OBJECT_CREATED_BY`, `OBJECT_CREATED_DATE`, `OBJECT_REV_1`, `OBJECT_REV_2`, `OBJECT_REV_3`, `OBJECT_REV_4`, `OBJECT_REV_5`, `OBJECT_REV_COMMENT_1`, `OBJECT_REV_COMMENT_2`, `OBJECT_REV_COMMENT_3`, `OBJECT_REV_COMMENT_4`, `OBJECT_REV_COMMENT_5`)
VALUES
	(1,1,1,1,'(blank)',1,1,'2020-01-04 09:50:18',0,0,0,0,0,'','','','',''),
	(2,3,2,1,'Quest&atilde;o 31',1,7,'2020-01-12 14:54:22',1,1,0,0,0,'Malavilhoso','&Oacute;timo','','',''),
	(3,3,2,1,'Quest&atilde;o 36',1,7,'2020-01-12 17:41:16',1,0,0,0,0,'Implessionante','','','',''),
	(4,3,2,1,'Quest&atilde;o 42',1,7,'2020-01-12 17:45:18',2,0,0,0,0,'Muitos erros','','','',''),
	(5,3,2,1,'Quest&atilde;o 43',1,7,'2020-01-12 17:48:37',0,0,0,0,0,'','','','',''),
	(6,3,2,1,'Quest&atilde;o 47',1,7,'2020-01-12 17:51:56',0,0,0,0,0,'','','','',''),
	(7,3,2,10,'Prova simulada Enem',1,7,'2020-01-12 17:58:23',0,0,0,0,0,'','','','','');



# Dump of table REP_QUIITE
# ------------------------------------------------------------

INSERT INTO `REP_QUIITE` (`QUIITE_ID`, `QUIITE_DOMAIN_ID`, `QUIITE_OBJECT_ID`, `QUIITE_TXTITE_ID_COMMAND`, `QUIITE_TXTITE_ID_FEEDBACK`, `QUIITE_CREATED_BY`, `QUIITE_CREATED_DATE`)
VALUES
	(1,1,1,1,1,1,'2020-01-05 21:19:42'),
	(2,3,2,2,3,7,'2020-01-12 14:54:22'),
	(3,3,3,9,10,7,'2020-01-12 17:41:16'),
	(4,3,4,16,17,7,'2020-01-12 17:45:19'),
	(5,3,5,23,24,7,'2020-01-12 17:48:38'),
	(6,3,6,30,31,7,'2020-01-12 17:51:57');


# Dump of table REP_QUIOPT
# ------------------------------------------------------------

INSERT INTO `REP_QUIOPT` (`QUIOPT_ID`, `QUIOPT_DOMAIN_ID`, `QUIOPT_QUIITE_ID`, `QUIOPT_TXTITE_ID`, `QUIOPT_ORDERBY`, `QUIOPT_CORRECT`, `QUIOPT_CREATED_BY`, `QUIOPT_CREATED_DATE`)
VALUES
	(1,1,1,1,1,1,1,'2020-01-11 18:48:20'),
	(2,3,2,4,1,0,7,'2020-01-12 14:54:22'),
	(3,3,2,5,2,0,7,'2020-01-12 14:54:22'),
	(4,3,2,6,3,0,7,'2020-01-12 14:54:22'),
	(5,3,2,7,4,1,7,'2020-01-12 14:54:22'),
	(6,3,2,8,5,0,7,'2020-01-12 14:54:22'),
	(7,3,3,11,1,1,7,'2020-01-12 17:41:17'),
	(8,3,3,12,2,0,7,'2020-01-12 17:41:17'),
	(9,3,3,13,3,0,7,'2020-01-12 17:41:17'),
	(10,3,3,14,4,0,7,'2020-01-12 17:41:17'),
	(11,3,3,15,5,0,7,'2020-01-12 17:41:17'),
	(12,3,4,18,1,0,7,'2020-01-12 17:45:19'),
	(13,3,4,19,2,0,7,'2020-01-12 17:45:19'),
	(14,3,4,20,3,0,7,'2020-01-12 17:45:19'),
	(15,3,4,21,4,1,7,'2020-01-12 17:45:19'),
	(16,3,4,22,5,0,7,'2020-01-12 17:45:19'),
	(17,3,5,25,1,0,7,'2020-01-12 17:48:38'),
	(18,3,5,26,2,0,7,'2020-01-12 17:48:38'),
	(19,3,5,27,3,1,7,'2020-01-12 17:48:38'),
	(20,3,5,28,4,0,7,'2020-01-12 17:48:38'),
	(21,3,5,29,5,0,7,'2020-01-12 17:48:38'),
	(22,3,6,32,1,1,7,'2020-01-12 17:51:57'),
	(23,3,6,33,2,0,7,'2020-01-12 17:51:57'),
	(24,3,6,34,3,0,7,'2020-01-12 17:51:57'),
	(25,3,6,35,4,0,7,'2020-01-12 17:51:57'),
	(26,3,6,36,5,0,7,'2020-01-12 17:51:57');




# Dump of table REP_QUIASM
# ------------------------------------------------------------

INSERT INTO `REP_QUIASM` (`QUIASM_ID`, `QUIASM_DOMAIN_ID`, `QUIASM_OBJECT_ID`, `QUIASM_MAX_ITEMS`, `QUIASM_RANDOM_ITEMS`, `QUIASM_RANDOM_OPTIONS`, `QUIASM_CREATED_BY`, `QUIASM_CREATED_DATE`)
VALUES
	(1,1,1,0,0,0,1,'2020-01-05 21:14:20'),
	(2,3,7,3,1,1,7,'2020-01-12 17:58:23');



# Dump of table REP_QUIAIT
# ------------------------------------------------------------

INSERT INTO `REP_QUIAIT` (`QUIAIT_ID`, `QUIAIT_DOMAIN_ID`, `QUIAIT_QUIASM_ID`, `QUIAIT_QUIITE_ID`, `QUIAIT_ORDERBY`, `QUIAIT_CREATED_BY`, `QUIAIT_CREATED_DATE`)
VALUES
	(1,1,1,1,1,1,'2020-01-05 21:26:59'),
	(2,3,2,2,1,7,'2020-01-12 18:00:13'),
	(3,3,2,3,2,7,'2020-01-12 18:00:16'),
	(4,3,2,4,3,7,'2020-01-12 18:00:21'),
	(5,3,2,5,4,7,'2020-01-12 18:00:25'),
	(6,3,2,6,5,7,'2020-01-12 18:00:29');











/********** TAG ************************************************************************************************/


# Dump of table TAG_PACKET
# ------------------------------------------------------------

INSERT INTO `TAG_PACKET` (`PACKET_ID`, `PACKET_DOMAIN_ID`, `PACKET_NAME`, `PACKET_ORDERBY`, `PACKET_PARENT_ID`)
VALUES
	(1,1,'(blank)',1,0),
	(2,3,'Educação Infantil',1,5),
	(3,3,'Ensino Fundamental',2,5),
	(4,3,'Ensino Médio',3,5),
	(5,3,'BNCC',1,0),
	(6,3,'Traços, sons, cores e formas',1,2),
	(7,3,'O eu, o outro e o nós',2,2),
	(8,3,'Corpo, gestos e movimentos',3,2),
	(9,3,'Escuta, fala, pensamento e imaginação',3,2),
	(10,3,'Espaços, tempos, quantidades, relações e transformações',5,2),
	(11,3,'Língua Portuguesa',1,3),
	(12,3,'Arte',2,3),
	(13,3,'Educação Física',3,3),
	(14,3,'Língua Inglesa',3,3),
	(15,3,'Matemática',5,3),
	(16,3,'Ciências',6,3),
	(17,3,'Geografia',7,3),
	(18,3,'História',8,3),
	(19,3,'Ensino Religioso',9,3),
	(20,3,'Linguagens e suas Tecnologias',1,4),
	(21,3,'Matemática e suas Tecnologias',2,4),
	(22,3,'Ciências da Natureza e suas Tecnologias',3,4),
	(23,3,'Ciências Humanas e Sociais Aplicadas',3,4),
	(24,3,'Língua Portuguesa',5,4),
	(26,3,'Todos os campos de atuação',1101,11),
	(27,3,'Campo da vida cotidiana',1102,11),
	(28,3,'Campo da vida pública',1103,11),
	(29,3,'Campo das práticas de estudo e pesquisa',1104,11),
	(30,3,'Campo artístico-literário',1105,11),
	(31,3,'Campo jornalístico/midiático',1106,11),
	(32,3,'Campo de atuação na vida pública',1107,11),
	(33,3,'Artes visuais',1201,12),
	(34,3,'Dança',1202,12),
	(35,3,'Música',1203,12),
	(36,3,'Teatro',1204,12),
	(37,3,'Artes integradas',1205,12),
	(38,3,'Brincadeiras e jogos',1301,13),
	(39,3,'Esportes',1302,13),
	(40,3,'Ginásticas',1303,13),
	(41,3,'Danças',1304,13),
	(42,3,'Lutas',1305,13),
	(43,3,'Práticas corporais de aventura',1306,13),
	(44,3,'Interação discursiva',1401,14),
	(45,3,'Compreensão oral',1402,14),
	(46,3,'Produção oral',1403,14),
	(47,3,'Estratégias de leitura',1404,14),
	(48,3,'Práticas de leitura e construção de repertório lexical',1405,14),
	(49,3,'Atitudes e disposições favoráveis do leitor',1406,14),
	(50,3,'Estratégias de escrita: pré-escrita',1407,14),
	(51,3,'Práticas de escrita',1408,14),
	(52,3,'Estudo do léxico',1409,14),
	(53,3,'Gramática',1410,14),
	(54,3,'A língua inglesa no mundo',1411,14),
	(55,3,'A língua inglesa no cotidiano da sociedade brasileira/comunidade',1412,14),
	(56,3,'Práticas de leitura e pesquisa',1413,14),
	(57,3,'Estratégias de escrita: pré-escrita e escrita',1414,14),
	(58,3,'Comunicação intercultural',1415,14),
	(59,3,'Práticas de leitura e fruição',1416,14),
	(60,3,'Avaliação dos textos lidos',1417,14),
	(61,3,'Estratégias de escrita: escrita e pós- escrita',1418,14),
	(62,3,'Manifestações culturais',1419,14),
	(63,3,'Práticas de leitura e novas tecnologias',1420,14),
	(64,3,'Estratégias de escrita',1421,14),
	(65,3,'Números',1501,15),
	(66,3,'Álgebra',1502,15),
	(67,3,'Geometria',1503,15),
	(68,3,'Grandezas e medidas',1504,15),
	(69,3,'Probabilidade e estatística',1505,15),
	(70,3,'Matéria e energia',1601,16),
	(71,3,'Vida e evolução',1602,16),
	(72,3,'Terra e Universo',1603,16),
	(73,3,'O sujeito e seu lugar no mundo',1701,17),
	(74,3,'Conexões e escalas',1702,17),
	(75,3,'Mundo do trabalho',1703,17),
	(76,3,'Formas de representação e pensamento espacial',1704,17),
	(77,3,'Natureza, ambientes e qualidade de vida',1705,17),
	(78,3,'Mundo pessoal: meu lugar no mundo',1801,18),
	(79,3,'Mundo pessoal: eu, meu grupo social e meu tempo',1802,18),
	(80,3,'A comunidade e seus registros',1803,18),
	(81,3,'As formas de registrar as experiências da comunidade',1804,18),
	(82,3,'O trabalho e a sustentabilidade na comunidade',1805,18),
	(83,3,'As pessoas e os grupos que compõem a cidade e o município',1806,18),
	(84,3,'O lugar em que vive',1807,18),
	(85,3,'A noção de espaço público e privado',1808,18),
	(86,3,'Transformações e permanências nas trajetórias dos grupos humanos',1809,18),
	(87,3,'Circulação de pessoas, produtos e culturas',1810,18),
	(88,3,'As questões históricas relativas às migrações',1811,18),
	(89,3,'Povos e culturas: meu lugar no mundo e meu grupo social',1812,18),
	(90,3,'Registros da história: linguagens e culturas',1813,18),
	(91,3,'História: tempo, espaço e formas de registros',1814,18),
	(92,3,'A invenção do mundo clássico e o contraponto com outras sociedades',1815,18),
	(93,3,'Lógicas de organização política',1816,18),
	(94,3,'Trabalho e formas de organização social e cultural',1817,18),
	(95,3,'O mundo moderno e a conexão entre sociedades africanas, americanas e europeias',1818,18),
	(96,3,'Humanismos, Renascimentos e o Novo Mundo',1819,18),
	(97,3,'A organização do poder e as dinâmicas do mundo colonial americano',1820,18),
	(98,3,'Lógicas comerciais e mercantis da modernidade',1821,18),
	(99,3,'O mundo contemporâneo: o Antigo Regime em crise',1822,18),
	(100,3,'Os processos de independência nas Américas',1823,18),
	(101,3,'O Brasil no século XIX',1824,18),
	(102,3,'Configurações do mundo no século XIX',1825,18),
	(103,3,'O nascimento da República no Brasil e os processos históricos até a metade do século XX',1826,18),
	(104,3,'Totalitarismos e conflitos mundiais',1827,18),
	(105,3,'Modernização, ditadura civil-militar e redemocratização: o Brasil após 1946',1828,18),
	(106,3,'A história recente',1829,18),
	(107,3,'Identidades e alteridades',1901,19),
	(108,3,'Manifestações religiosas',1902,19),
	(109,3,'Crenças religiosas e filosofias de vida',1903,19),
	(110,3,'Sistema de Tags Turma da Mônica',1,0),
	(111,3,'Grupo 1',1,110),
	(112,3,'Grupo 2',2,110),
	(113,3,'Seção A',1,111),
	(114,3,'Seção B',2,111),
	(115,3,'Seção C',3,111);



# Dump of table TAG_ENTITY
# ------------------------------------------------------------

INSERT INTO `TAG_ENTITY` (`ENTITY_ID`, `ENTITY_DOMAIN_ID`, `ENTITY_PACKET_ID`, `ENTITY_CODE`, `ENTITY_DESCRIPTION`)
VALUES
	(1,1,1,'(blank)','(blank)'),
	(2,3,6,'EI01TS01','Explorar sons produzidos com o próprio corpo e com objetos do ambiente.'),
	(3,3,6,'EI02TS01','Criar sons com materiais, objetos e instrumentos musicais, para acompanhar diversos ritmos de música.'),
	(4,3,6,'EI03TS01','Utilizar sons produzidos por materiais, objetos e instrumentos musicais durante brincadeiras de faz de conta, encenações, criações musicais, festas.'),
	(5,3,6,'EI01TS02','Traçar marcas gráficas, em diferentes suportes, usando instrumentos riscantes e tintas.'),
	(6,3,6,'EI02TS02','Utilizar materiais variados com possibilidades de manipulação (argila, massa de modelar), explorando cores, texturas, superfícies, planos, formas e volumes ao criar objetos tridimensionais.'),
	(7,3,6,'EI03TS02','Expressar-se livremente por meio de desenho, pintura, colagem, dobradura e escultura, criando produções bidimensionais e tridimensionais.'),
	(8,3,6,'EI01TS03','Explorar diferentes fontes sonoras e materiais para acompanhar brincadeiras cantadas, canções, músicas e melodias.'),
	(9,3,6,'EI02TS03','Utilizar diferentes fontes sonoras disponíveis no ambiente em brincadeiras cantadas, canções, músicas e melodias.'),
	(10,3,6,'EI03TS03','Reconhecer as qualidades do som (intensidade, duração, altura e timbre), utilizando-as em suas produções sonoras e ao ouvir músicas e sons.'),
	(11,3,7,'EI01EO01','Perceber que suas ações têm efeitos nas outras crianças e nos adultos.'),
	(12,3,7,'EI02EO01','Demonstrar atitudes de cuidado e solidariedade na interação com crianças e adultos.'),
	(13,3,7,'EI03EO01','Demonstrar empatia pelos outros, percebendo que as pessoas têm diferentes sentimentos, necessidades e maneiras de pensar e agir.'),
	(14,3,7,'EI01EO02','Perceber as possibilidades e os limites de seu corpo nas brincadeiras e interações das quais participa.'),
	(15,3,7,'EI03EO02','Agir de maneira independente, com confiança em suas capacidades, reconhecendo suas conquistas e limitações.'),
	(16,3,7,'EI01EO03','Interagir com crianças da mesma faixa etária e adultos ao explorar espaços, materiais, objetos, brinquedos.'),
	(17,3,7,'EI02EO03','Compartilhar os objetos e os espaços com crianças da mesma faixa etária e adultos.'),
	(18,3,7,'EI03EO03','Ampliar as relações interpessoais, desenvolvendo atitudes de participação e cooperação.'),
	(19,3,7,'EI01EO04','Comunicar necessidades, desejos e emoções, utilizando gestos, balbucios, palavras.'),
	(20,3,7,'EI02EO04','Comunicar-se com os colegas e os adultos, buscando compreendê-los e fazendo-se compreender.'),
	(21,3,7,'EI03EO04','Comunicar suas ideias e sentimentos a pessoas e grupos diversos.'),
	(22,3,7,'EI01EO05','Reconhecer seu corpo e expressar suas sensações em momentos de alimentação, higiene, brincadeira e descanso.'),
	(23,3,7,'EI02EO05','Perceber que as pessoas têm características físicas diferentes, respeitando essas diferenças.'),
	(24,3,7,'EI03EO05','Demonstrar valorização das características de seu corpo e respeitar as características dos outros (crianças e adultos) com os quais convive.'),
	(25,3,7,'EI01EO06','Interagir com outras crianças da mesma faixa etária e adultos, adaptando-se ao convívio social.'),
	(26,3,7,'EI02EO06','Respeitar regras básicas de convívio social nas interações e brincadeiras.'),
	(27,3,7,'EI03EO06','Manifestar interesse e respeito por diferentes culturas e modos de vida.'),
	(28,3,7,'EI02EO07','Resolver conflitos nas interações e brincadeiras, com a orientação de um adulto.'),
	(29,3,7,'EI03EO07','Usar estratégias pautadas no respeito mútuo para lidar com conflitos nas interações com crianças e adultos.'),
	(30,3,7,'EI02EO02','Demonstrar imagem positiva de si e confiança em sua capacidade para enfrentar dificuldades e desafios.'),
	(31,3,8,'EI03CG01','Criar com o corpo formas diversificadas de expressão de sentimentos, sensações e emoções, tanto nas situações do cotidiano quanto em brincadeiras, dança, teatro, música.'),
	(32,3,8,'EI02CG05','Desenvolver progressivamente as habilidades manuais, adquirindo controle para desenhar, pintar, rasgar, folhear, entre outros.'),
	(33,3,8,'EI02CG01','Apropriar-se de gestos e movimentos de sua cultura no cuidado de si e nos jogos e brincadeiras.'),
	(34,3,8,'EI01CG01','Movimentar as partes do corpo para exprimir corporalmente emoções, necessidades e desejos.'),
	(35,3,8,'EI01CG02','Experimentar as possibilidades corporais nas brincadeiras e interações em ambientes acolhedores e desafiantes.'),
	(36,3,8,'EI02CG02','Deslocar seu corpo no espaço, orientando-se por noções como em frente, atrás, no alto, embaixo, dentro, fora etc., ao se envolver em brincadeiras e atividades de diferentes naturezas.'),
	(37,3,8,'EI03CG02','Demonstrar controle e adequação do uso de seu corpo em brincadeiras e jogos, escuta e reconto de histórias, atividades artísticas, entre outras possibilidades.'),
	(38,3,8,'EI01CG03','Imitar gestos e movimentos de outras crianças, adultos e animais.'),
	(39,3,8,'EI03CG04','Adotar hábitos de autocuidado relacionados a higiene, alimentação, conforto e aparência.'),
	(40,3,8,'EI02CG03','Explorar formas de deslocamento no espaço (pular, saltar, dançar), combinando movimentos e seguindo orientações.'),
	(41,3,8,'EI03CG03','Criar movimentos, gestos, olhares e mímicas em brincadeiras, jogos e atividades artísticas como dança, teatro e música.'),
	(42,3,8,'EI01CG04','Participar do cuidado do seu corpo e da promoção do seu bem-estar.'),
	(43,3,8,'EI02CG04','Demonstrar progressiva independência no cuidado do seu corpo.'),
	(44,3,8,'EI01CG05','Utilizar os movimentos de preensão, encaixe e lançamento, ampliando suas possibilidades de manuseio de diferentes materiais e objetos.'),
	(45,3,8,'EI03CG05','Coordenar suas habilidades manuais no atendimento adequado a seus interesses e necessidades em situações diversas.'),
	(46,3,9,'EI01EF01','Reconhecer quando é chamado por seu nome e reconhecer os nomes de pessoas com quem convive.'),
	(47,3,9,'EI02EF01','Dialogar com crianças e adultos, expressando seus desejos, necessidades, sentimentos e opiniões.'),
	(48,3,9,'EI03EF01','Expressar ideias, desejos e sentimentos sobre suas vivências, por meio da linguagem oral e escrita (escrita espontânea), de fotos, desenhos e outras formas de expressão.'),
	(49,3,9,'EI01EF02','Demonstrar interesse ao ouvir a leitura de poemas e a apresentação de músicas.'),
	(50,3,9,'EI02EF02','Identificar e criar diferentes sons e reconhecer rimas e aliterações em cantigas de roda e textos poéticos.'),
	(51,3,9,'EI03EF02','Inventar brincadeiras cantadas, poemas e canções, criando rimas, aliterações e ritmos.'),
	(52,3,9,'EI01EF03','Demonstrar interesse ao ouvir histórias lidas ou contadas, observando ilustrações e os movimentos de leitura do adulto-leitor (modo de segurar o portador e de virar as páginas).'),
	(53,3,9,'EI02EF03','Demonstrar interesse e atenção ao ouvir a leitura de histórias e outros textos, diferenciando escrita de ilustrações, e acompanhando, com orientação do adulto-leitor, a direção da leitura (de cima para baixo, da esquerda para a direita).'),
	(54,3,9,'EI03EF03','Escolher e folhear livros, procurando orientar-se por temas e ilustrações e tentando identificar palavras conhecidas.'),
	(55,3,9,'EI02EF05','Relatar experiências e fatos acontecidos, histórias ouvidas, filmes ou peças teatrais assistidos etc.'),
	(56,3,9,'EI01EF04','Reconhecer elementos das ilustrações de histórias, apontando-os, a pedido do adulto-leitor.'),
	(57,3,9,'EI02EF04','Formular e responder perguntas sobre fatos da história narrada, identificando cenários, personagens e principais acontecimentos.'),
	(58,3,9,'EI03EF04','Recontar histórias ouvidas e planejar coletivamente roteiros de vídeos e de encenações, definindo os contextos, os personagens, a estrutura da história.'),
	(59,3,9,'EI01EF05','Imitar as variações de entonação e gestos realizados pelos adultos, ao ler histórias e ao cantar.'),
	(60,3,9,'EI03EF05','Recontar histórias ouvidas para produção de reconto escrito, tendo o professor como escriba.'),
	(61,3,9,'EI01EF06','Comunicar-se com outras pessoas usando movimentos, gestos, balbucios, fala e outras formas de expressão.'),
	(62,3,9,'EI02EF06','Criar e contar histórias oralmente, com base em imagens ou temas sugeridos.'),
	(63,3,9,'EI03EF06','Produzir suas próprias histórias orais e escritas (escrita espontânea), em situações com função social significativa.'),
	(64,3,9,'EI02EF08','Manipular textos e participar de situações de escuta para ampliar seu contato com diferentes gêneros textuais (parlendas, histórias de aventura, tirinhas, cartazes de sala, cardápios, notícias etc.).'),
	(65,3,9,'EI01EF07','Conhecer e manipular materiais impressos e audiovisuais em diferentes portadores (livro, revista, gibi, jornal, cartaz, CD, tablet etc.).'),
	(66,3,9,'EI02EF07','Manusear diferentes portadores textuais, demonstrando reconhecer seus usos sociais.'),
	(67,3,9,'EI03EF07','Levantar hipóteses sobre gêneros textuais veiculados em portadores conhecidos, recorrendo a estratégias de observação gráfica e/ou de leitura.'),
	(68,3,9,'EI01EF08','Participar de situações de escuta de textos em diferentes gêneros textuais (poemas, fábulas, contos, receitas, quadrinhos, anúncios etc.).'),
	(69,3,9,'EI03EF08','Selecionar livros e textos de gêneros conhecidos para a leitura de um adulto e/ou para sua própria leitura (partindo de seu repertório sobre esses textos, como a recuperação pela memória, pela leitura das ilustrações etc.).'),
	(70,3,9,'EI01EF09','Conhecer e manipular diferentes instrumentos e suportes de escrita.'),
	(71,3,9,'EI02EF09','Manusear diferentes instrumentos e suportes de escrita para desenhar, traçar letras e outros sinais gráficos.'),
	(72,3,9,'EI03EF09','Levantar hipóteses em relação à linguagem escrita, realizando registros de palavras e textos, por meio de escrita espontânea.'),
	(73,3,10,'EI01ET01','Explorar e descobrir as propriedades de objetos e materiais (odor, cor, sabor, temperatura).'),
	(74,3,10,'EI02ET01','Explorar e descrever semelhanças e diferenças entre as características e propriedades dos objetos (textura, massa, tamanho).'),
	(75,3,10,'EI03ET01','Estabelecer relações de comparação entre objetos, observando suas propriedades.'),
	(76,3,10,'EI01ET02','Explorar relações de causa e efeito (transbordar, tingir, misturar, mover e remover etc.) na interação com o mundo físico.'),
	(77,3,10,'EI02ET02','Observar, relatar e descrever incidentes do cotidiano e fenômenos naturais (luz solar, vento, chuva etc.).'),
	(78,3,10,'EI03ET02','Observar e descrever mudanças em diferentes materiais, resultantes de ações sobre eles, em experimentos envolvendo fenômenos naturais e artificiais.'),
	(79,3,10,'EI01ET03','Explorar o ambiente pela ação e observação, manipulando, experimentando e fazendo descobertas.'),
	(80,3,10,'EI02ET03','Compartilhar, com outras crianças, situações de cuidado de plantas e animais nos espaços da instituição e fora dela.'),
	(81,3,10,'EI03ET03','Identificar e selecionar fontes de informações, para responder a questões sobre a natureza, seus fenômenos, sua conservação.'),
	(82,3,10,'EI01ET04','Manipular, experimentar, arrumar e explorar o espaço por meio de experiências de deslocamentos de si e dos objetos.'),
	(83,3,10,'EI02ET04','Identificar relações espaciais (dentro e fora, em cima, embaixo, acima, abaixo, entre e do lado) e temporais (antes, durante e depois).'),
	(84,3,10,'EI03ET04','Registrar observações, manipulações e medidas, usando múltiplas linguagens (desenho, registro por números ou escrita espontânea), em diferentes suportes.'),
	(85,3,10,'EI01ET05','Manipular materiais diversos e variados para comparar as diferenças e semelhanças entre eles.'),
	(86,3,10,'EI02ET05','Classificar objetos, considerando determinado atributo (tamanho, peso, cor, forma etc.).'),
	(87,3,10,'EI03ET05','Classificar objetos e figuras de acordo com suas semelhanças e diferenças.'),
	(88,3,10,'EI01ET06','Vivenciar diferentes ritmos, velocidades e fluxos nas interações e brincadeiras (em danças, balanços, escorregadores etc.).'),
	(89,3,10,'EI02ET06','Utilizar conceitos básicos de tempo (agora, antes, durante, depois, ontem, hoje, amanhã, lento, rápido, depressa, devagar).'),
	(90,3,10,'EI03ET06','Relatar fatos importantes sobre seu nascimento e desenvolvimento, a história dos seus familiares e da sua comunidade.'),
	(91,3,10,'EI02ET07','Contar oralmente objetos, pessoas, livros etc., em contextos diversos.'),
	(92,3,10,'EI03ET07','Relacionar números às suas respectivas quantidades e identificar o antes, o depois e o entre em uma sequência.'),
	(93,3,10,'EI02ET08','Registrar com números a quantidade de crianças (meninas e meninos, presentes e ausentes) e a quantidade de objetos da mesma natureza (bonecas, bolas, livros etc.).'),
	(94,3,10,'EI03ET08','Expressar medidas (peso, altura etc.), construindo gráficos básicos.'),
	(95,3,70,'EF01CI01','Comparar características de diferentes materiais presentes em objetos de uso cotidiano, discutindo sua origem, os modos como são descartados e como podem ser usados de forma mais consciente.'),
	(96,3,71,'EF01CI02','Localizar, nomear e representar graficamente (por meio de desenhos) partes do corpo humano e explicar suas funções.'),
	(97,3,71,'EF01CI03','Discutir as razões pelas quais os hábitos de higiene do corpo (lavar as mãos antes de comer, escovar os dentes, limpar os olhos, o nariz e as orelhas etc.) são necessários para a manutenção da saúde.'),
	(98,3,71,'EF01CI04','Comparar características físicas entre os colegas, reconhecendo a diversidade e a importância da valorização, do acolhimento e do respeito às diferenças.'),
	(99,3,72,'EF01CI05','Identificar e nomear diferentes escalas de tempo: os períodos diários (manhã, tarde, noite) e a sucessão de dias, semanas, meses e anos.'),
	(100,3,72,'EF01CI06','Selecionar exemplos de como a sucessão de dias e noites orienta o ritmo de atividades diárias de seres humanos e de outros seres vivos.'),
	(101,3,107,'EF01ER01','Identificar e acolher as semelhanças e diferenças entre o eu, o outro e o nós.'),
	(102,3,107,'EF01ER02','Reconhecer que o seu nome e o das demais pessoas os identificam e os diferenciam.'),
	(103,3,107,'EF01ER03','Reconhecer e respeitar as características físicas e subjetivas de cada um.'),
	(104,3,107,'EF01ER04','Valorizar a diversidade de formas de vida.'),
	(105,3,108,'EF01ER05','Identificar e acolher sentimentos, lembranças, memórias e saberes de cada um.'),
	(106,3,108,'EF01ER06','Identificar as diferentes formas pelas quais as pessoas manifestam sentimentos, ideias, memórias, gostos e crenças em diferentes espaços.'),
	(107,3,73,'EF01GE01','Descrever características observadas de seus lugares de vivência (moradia, escola etc.) e identificar semelhanças e diferenças entre esses lugares.'),
	(108,3,73,'EF01GE02','Identificar semelhanças e diferenças entre jogos e brincadeiras de diferentes épocas e lugares.'),
	(109,3,73,'EF01GE03','Identificar e relatar semelhanças e diferenças de usos do espaço público (praças, parques) para o lazer e diferentes manifestações.'),
	(110,3,73,'EF01GE04','Discutir e elaborar, coletivamente, regras de convívio em diferentes espaços (sala de aula, escola etc.).'),
	(111,3,74,'EF01GE05','Observar e descrever ritmos naturais (dia e noite, variação de temperatura e umidade etc.) em diferentes escalas espaciais e temporais, comparando a sua realidade com outras.'),
	(112,3,75,'EF01GE06','Descrever e comparar diferentes tipos de moradia ou objetos de uso cotidiano (brinquedos, roupas, mobiliários), considerando técnicas e materiais utilizados em sua produção.'),
	(113,3,75,'EF01GE07','Descrever atividades de trabalho relacionadas com o dia a dia da sua comunidade.'),
	(114,3,76,'EF01GE08','Criar mapas mentais e desenhos com base em itinerários, contos literários, histórias inventadas e brincadeiras.'),
	(115,3,76,'EF01GE09','Elaborar e utilizar mapas simples para localizar elementos do local de vivência, considerando referenciais espaciais (frente e atrás, esquerda e direita, em cima e embaixo, dentro e fora) e tendo o corpo como referência.'),
	(116,3,77,'EF01GE10','Descrever características de seus lugares de vivência relacionadas aos ritmos da natureza (chuva, vento, calor etc.).'),
	(117,3,77,'EF01GE11','Associar mudanças de vestuário e hábitos alimentares em sua comunidade ao longo do ano, decorrentes da variação de temperatura e umidade no ambiente.'),
	(118,3,78,'EF01HI01','Identificar aspectos do seu crescimento por meio do registro das lembranças particulares ou de lembranças dos membros de sua família e/ou de sua comunidade.'),
	(119,3,78,'EF01HI02','Identificar a relação entre as suas histórias e as histórias de sua família e de sua comunidade.'),
	(120,3,78,'EF01HI03','Descrever e distinguir os seus papéis e responsabilidades relacionados à família, à escola e à comunidade.'),
	(121,3,78,'EF01HI04','Identificar as diferenças entre os variados ambientes em que vive (doméstico, escolar e da comunidade), reconhecendo as especificidades dos hábitos e das regras que os regem.'),
	(122,3,79,'EF01HI05','Identificar semelhanças e diferenças entre jogos e brincadeiras atuais e de outras épocas e lugares.'),
	(123,3,79,'EF01HI06','Conhecer as histórias da família e da escola e identificar o papel desempenhado por diferentes sujeitos em diferentes espaços.'),
	(124,3,79,'EF01HI07','Identificar mudanças e permanências nas formas de organização familiar.'),
	(125,3,79,'EF01HI08','Reconhecer o significado das comemorações e festas escolares, diferenciando-as das datas festivas comemoradas no âmbito familiar ou da comunidade.'),
	(126,3,26,'EF01LP01','Reconhecer que textos são lidos e escritos da esquerda para a direita e de cima para baixo da página.'),
	(127,3,26,'EF01LP02','Escrever, espontaneamente ou por ditado, palavras e frases de forma alfabética ? usando letras/grafemas que representem fonemas.'),
	(128,3,26,'EF01LP03','Observar escritas convencionais, comparando-as às suas produções escritas, percebendo semelhanças e diferenças.'),
	(129,3,26,'EF01LP04','Distinguir as letras do alfabeto de outros sinais gráficos.'),
	(130,3,26,'EF01LP05','Reconhecer o sistema de escrita alfabética como representação dos sons da fala.'),
	(131,3,26,'EF01LP06','Segmentar oralmente palavras em sílabas.'),
	(132,3,26,'EF01LP07','Identificar fonemas e sua representação por letras.'),
	(133,3,26,'EF01LP08','Relacionar elementos sonoros (sílabas, fonemas, partes de palavras) com sua representação escrita.'),
	(134,3,26,'EF01LP09','Comparar palavras, identificando semelhanças e diferenças entre sons de sílabas iniciais.'),
	(135,3,26,'EF01LP10','Nomear as letras do alfabeto e recitá-lo na ordem das letras.'),
	(136,3,26,'EF01LP11','Conhecer, diferenciar e relacionar letras em formato imprensa e cursiva, maiúsculas e minúsculas.'),
	(137,3,26,'EF01LP12','Reconhecer a separação das palavras, na escrita, por espaços em branco.'),
	(138,3,26,'EF01LP13','Comparar palavras, identificando semelhanças e diferenças entre sons de sílabas mediais e finais.'),
	(139,3,26,'EF01LP14','Identificar outros sinais no texto além das letras, como pontos finais, de interrogação e exclamação e seus efeitos na entonação.'),
	(140,3,26,'EF01LP15','Agrupar palavras pelo critério de aproximação de significado (sinonímia) e separar palavras pelo critério de oposição de significado (antonímia).'),
	(141,3,27,'EF01LP16','Ler e compreender, em colaboração com os colegas e com a ajuda do professor, quadras, quadrinhas, parlendas, trava-línguas, dentre outros gêneros do campo da vida cotidiana, considerando a situação comunicativa e o tema/assunto do texto e relacionando sua forma de organização à sua finalidade.'),
	(142,3,27,'EF01LP17','Planejar e produzir, em colaboração com os colegas e com a ajuda do professor, listas, agendas, calendários, avisos, convites, receitas, instruções de montagem e legendas para álbuns, fotos ou ilustrações (digitais ou impressos), dentre outros gêneros do campo da vida cotidiana, considerando a situação comunicativa e o tema/assunto/ finalidade do texto.'),
	(143,3,27,'EF01LP18','Registrar, em colaboração com os colegas e com a ajuda do professor, cantigas, quadras, quadrinhas, parlendas, trava-línguas, dentre outros gêneros do campo da vida cotidiana, considerando a situação comunicativa e o tema/assunto/finalidade do texto.'),
	(144,3,27,'EF01LP19','Recitar parlendas, quadras, quadrinhas, trava-línguas, com entonação adequada e observando as rimas.'),
	(145,3,27,'EF01LP20','Identificar e reproduzir, em listas, agendas, calendários, regras, avisos, convites, receitas, instruções de montagem e legendas para álbuns, fotos ou ilustrações (digitais ou impressos), a formatação e diagramação específica de cada um desses gêneros.'),
	(146,3,28,'EF01LP21','Escrever, em colaboração com os colegas e com a ajuda do professor, listas de regras e regulamentos que organizam a vida na comunidade escolar, dentre outros gêneros do campo da atuação cidadã, considerando a situação comunicativa e o tema/assunto do texto.'),
	(147,3,29,'EF01LP22','Planejar e produzir, em colaboração com os colegas e com a ajuda do professor, diagramas, entrevistas, curiosidades, dentre outros gêneros do campo investigativo, digitais ou impressos, considerando a situação comunicativa e o tema/assunto/finalidade do texto.'),
	(148,3,29,'EF01LP23','Planejar e produzir, em colaboração com os colegas e com a ajuda do professor, entrevistas, curiosidades, dentre outros gêneros do campo investigativo, que possam ser repassados oralmente por meio de ferramentas digitais, em áudio ou vídeo, considerando a situação comunicativa e o tema/assunto/finalidade do texto.'),
	(149,3,29,'EF01LP24','Identificar e reproduzir, em enunciados de tarefas escolares, diagramas, entrevistas, curiosidades, digitais ou impressos, a formatação e diagramação específica de cada um desses gêneros, inclusive em suas versões orais.'),
	(150,3,30,'EF01LP25','Produzir, tendo o professor como escriba, recontagens de histórias lidas pelo professor, histórias imaginadas ou baseadas em livros de imagens, observando a forma de composição de textos narrativos (personagens, enredo, tempo e espaço).'),
	(151,3,30,'EF01LP26','Identificar elementos de uma narrativa lida ou escutada, incluindo personagens, enredo, tempo e espaço.'),
	(152,3,65,'EF01MA01','Utilizar números naturais como indicador de quantidade ou de ordem em diferentes situações cotidianas e reconhecer situações em que os números não indicam contagem nem ordem, mas sim código de identificação.'),
	(153,3,65,'EF01MA02','Contar de maneira exata ou aproximada, utilizando diferentes estratégias como o pareamento e outros agrupamentos.'),
	(154,3,65,'EF01MA03','Estimar e comparar quantidades de objetos de dois conjuntos (em torno de 20 elementos), por estimativa e/ou por correspondência (um a um, dois a dois) para indicar ?tem mais?, ?tem menos? ou ?tem a mesma quantidade?.'),
	(155,3,65,'EF01MA04','Contar a quantidade de objetos de coleções até 100 unidades e apresentar o resultado por registros verbais e simbólicos, em situações de seu interesse, como jogos, brincadeiras, materiais da sala de aula, entre outros.'),
	(156,3,65,'EF01MA05','Comparar números naturais de até duas ordens em situações cotidianas, com e sem suporte da reta numérica.'),
	(157,3,65,'EF01MA06','Construir fatos básicos da adição e utilizá-los em procedimentos de cálculo para resolver problemas.'),
	(158,3,65,'EF01MA07','Compor e decompor número de até duas ordens, por meio de diferentes adições, com o suporte de material manipulável, contribuindo para a compreensão de características do sistema de numeração decimal e o desenvolvimento de estratégias de cálculo.'),
	(159,3,65,'EF01MA08','Resolver e elaborar problemas de adição e de subtração, envolvendo números de até dois algarismos, com os significados de juntar, acrescentar, separar e retirar, com o suporte de imagens e/ou material manipulável, utilizando estratégias e formas de registro pessoais.'),
	(160,3,66,'EF01MA09','Organizar e ordenar objetos familiares ou representações por figuras, por meio de atributos, tais como cor, forma e medida.'),
	(161,3,66,'EF01MA10','Descrever, após o reconhecimento e a explicitação de um padrão (ou regularidade), os elementos ausentes em sequências recursivas de números naturais, objetos ou figuras.'),
	(162,3,67,'EF01MA11','Descrever a localização de pessoas e de objetos no espaço em relação à sua própria posição, utilizando termos como à direita, à esquerda, em frente, atrás.'),
	(163,3,67,'EF01MA12','Descrever a localização de pessoas e de objetos no espaço segundo um dado ponto de referência, compreendendo que, para a utilização de termos que se referem à posição, como direita, esquerda, em cima, em baixo, é necessário explicitar-se o referencial.'),
	(164,3,67,'EF01MA13','Relacionar figuras geométricas espaciais (cones, cilindros, esferas e blocos retangulares) a objetos familiares do mundo físico.'),
	(165,3,67,'EF01MA14','Identificar e nomear figuras planas (círculo, quadrado, retângulo e triângulo) em desenhos apresentados em diferentes disposições ou em contornos de faces de sólidos geométricos.'),
	(166,3,68,'EF01MA15','Comparar comprimentos, capacidades ou massas, utilizando termos como mais alto, mais baixo, mais comprido, mais curto, mais grosso, mais fino, mais largo, mais pesado, mais leve, cabe mais, cabe menos, entre outros, para ordenar objetos de uso cotidiano.'),
	(167,3,68,'EF01MA16','Relatar em linguagem verbal ou não verbal sequência de acontecimentos relativos a um dia, utilizando, quando possível, os horários dos eventos.'),
	(168,3,68,'EF01MA17','Reconhecer e relacionar períodos do dia, dias da semana e meses do ano, utilizando calendário, quando necessário.'),
	(169,3,68,'EF01MA18','Produzir a escrita de uma data, apresentando o dia, o mês e o ano, e indicar o dia da semana de uma data, consultando calendários.'),
	(170,3,68,'EF01MA19','Reconhecer e relacionar valores de moedas e cédulas do sistema monetário brasileiro para resolver situações simples do cotidiano do estudante.'),
	(171,3,69,'EF01MA20','Classificar eventos envolvendo o acaso, tais como ?acontecerá com certeza?, ?talvez aconteça? e ?é impossível acontecer?, em situações do cotidiano.'),
	(172,3,69,'EF01MA21','Ler dados expressos em tabelas e em gráficos de colunas simples.'),
	(173,3,69,'EF01MA22','Realizar pesquisa, envolvendo até duas variáveis categóricas de seu interesse e universo de até 30 elementos, e organizar dados por meio de representações pessoais.'),
	(174,3,70,'EF02CI01','Identificar de que materiais (metais, madeira, vidro etc.) são feitos os objetos que fazem parte da vida cotidiana, como esses objetos são utilizados e com quais materiais eram produzidos no passado.'),
	(175,3,70,'EF02CI02','Propor o uso de diferentes materiais para a construção de objetos de uso cotidiano, tendo em vista algumas propriedades desses materiais (flexibilidade, dureza, transparência etc.).'),
	(176,3,70,'EF02CI03','Discutir os cuidados necessários à prevenção de acidentes domésticos (objetos cortantes e inflamáveis, eletricidade, produtos de limpeza, medicamentos etc.).'),
	(177,3,71,'EF02CI04','Descrever características de plantas e animais (tamanho, forma, cor, fase da vida, local onde se desenvolvem etc.) que fazem parte de seu cotidiano e relacioná-las ao ambiente em que eles vivem.'),
	(178,3,71,'EF02CI05','Investigar a importância da água e da luz para a manutenção da vida de plantas em geral.'),
	(179,3,71,'EF02CI06','Identificar as principais partes de uma planta (raiz, caule, folhas, flores e frutos) e a função desempenhada por cada uma delas, e analisar as relações entre as plantas, o ambiente e os demais seres vivos.'),
	(180,3,72,'EF02CI07','Descrever as posições do Sol em diversos horários do dia e associá-las ao tamanho da sombra projetada.'),
	(181,3,72,'EF02CI08','Comparar o efeito da radiação solar (aquecimento e reflexão) em diferentes tipos de superfície (água, areia, solo, superfícies escura, clara e metálica etc.).'),
	(182,3,107,'EF02ER01','Reconhecer os diferentes espaços de convivência.'),
	(183,3,107,'EF02ER02','Identificar costumes, crenças e formas diversas de viver em variados ambientes de convivência.'),
	(184,3,107,'EF02ER03','Identificar as diferentes formas de registro das memórias pessoais, familiares e escolares (fotos, músicas, narrativas, álbuns...).'),
	(185,3,107,'EF02ER04','Identificar os símbolos presentes nos variados espaços de convivência.'),
	(186,3,107,'EF02ER05','Identificar, distinguir e respeitar símbolos religiosos de distintas manifestações, tradições e instituições religiosas.'),
	(187,3,108,'EF02ER06','Exemplificar alimentos considerados sagrados por diferentes culturas, tradições e expressões religiosas.'),
	(188,3,108,'EF02ER07','Identificar significados atribuídos a alimentos em diferentes manifestações e tradições religiosas.'),
	(189,3,73,'EF02GE01','Descrever a história das migrações no bairro ou comunidade em que vive.'),
	(190,3,73,'EF02GE02','Comparar costumes e tradições de diferentes populações inseridas no bairro ou comunidade em que vive, reconhecendo a importância do respeito às diferenças.'),
	(191,3,73,'EF02GE03','Comparar diferentes meios de transporte e de comunicação, indicando o seu papel na conexão entre lugares, e discutir os riscos para a vida e para o ambiente e seu uso responsável.'),
	(192,3,74,'EF02GE04','Reconhecer semelhanças e diferenças nos hábitos, nas relações com a natureza e no modo de viver de pessoas em diferentes lugares.'),
	(193,3,74,'EF02GE05','Analisar mudanças e permanências, comparando imagens de um mesmo lugar em diferentes tempos.'),
	(194,3,75,'EF02GE06','Relacionar o dia e a noite a diferentes tipos de atividades sociais (horário escolar, comercial, sono etc.).'),
	(195,3,75,'EF02GE07','Descrever as atividades extrativas (minerais, agropecuárias e industriais) de diferentes lugares, identificando os impactos ambientais.'),
	(196,3,76,'EF02GE08','Identificar e elaborar diferentes formas de representação (desenhos, mapas mentais, maquetes) para representar componentes da paisagem dos lugares de vivência.'),
	(197,3,76,'EF02GE09','Identificar objetos e lugares de vivência (escola e moradia) em imagens aéreas e mapas (visão vertical) e fotografias (visão oblíqua).'),
	(198,3,76,'EF02GE10','Aplicar princípios de localização e posição de objetos (referenciais espaciais, como frente e atrás, esquerda e direita, em cima e embaixo, dentro e fora) por meio de representações espaciais da sala de aula e da escola.'),
	(199,3,77,'EF02GE11','Reconhecer a importância do solo e da água para a vida, identificando seus diferentes usos (plantação e extração de materiais, entre outras possibilidades) e os impactos desses usos no cotidiano da cidade e do campo.'),
	(200,3,80,'EF02HI01','Reconhecer espaços de sociabilidade e identificar os motivos que aproximam e separam as pessoas em diferentes grupos sociais ou de parentesco.'),
	(201,3,80,'EF02HI02','Identificar e descrever práticas e papéis sociais que as pessoas exercem em diferentes comunidades.'),
	(202,3,80,'EF02HI03','Selecionar situações cotidianas que remetam à percepção de mudança, pertencimento e memória.'),
	(203,3,80,'EF02HI04','Selecionar e compreender o significado de objetos e documentos pessoais como fontes de memórias e histórias nos âmbitos pessoal, familiar, escolar e comunitário.'),
	(204,3,80,'EF02HI05','Selecionar objetos e documentos pessoais e de grupos próximos ao seu convívio e compreender sua função, seu uso e seu significado.'),
	(205,3,80,'EF02HI06','Identificar e organizar, temporalmente, fatos da vida cotidiana, usando noções relacionadas ao tempo (antes, durante, ao mesmo tempo e depois).'),
	(206,3,80,'EF02HI07','Identificar e utilizar diferentes marcadores do tempo presentes na comunidade, como relógio e calendário.'),
	(207,3,81,'EF02HI08','Compilar histórias da família e/ou da comunidade registradas em diferentes fontes.'),
	(208,3,81,'EF02HI09','Identificar objetos e documentos pessoais que remetam à própria experiência no âmbito da família e/ou da comunidade, discutindo as razões pelas quais alguns objetos são preservados e outros são descartados.'),
	(209,3,82,'EF02HI10','Identificar diferentes formas de trabalho existentes na comunidade em que vive, seus significados, suas especificidades e importância.'),
	(210,3,82,'EF02HI11','Identificar impactos no ambiente causados pelas diferentes formas de trabalho existentes na comunidade em que vive.'),
	(211,3,26,'EF02LP01','Utilizar, ao produzir o texto, grafia correta de palavras conhecidas ou com estruturas silábicas já dominadas, letras maiúsculas em início de frases e em substantivos próprios, segmentação entre as palavras, ponto final, ponto de interrogação e ponto de exclamação.'),
	(212,3,26,'EF02LP02','Segmentar palavras em sílabas e remover e substituir sílabas iniciais, mediais ou finais para criar novas palavras.'),
	(213,3,26,'EF02LP03','Ler e escrever palavras com correspondências regulares diretas entre letras e fonemas (f, v, t, d, p, b) e correspondências regulares contextuais (c e q; e e o, em posição átona em final de palavra).'),
	(214,3,26,'EF02LP04','Ler e escrever corretamente palavras com sílabas CV, V, CVC, CCV, identificando que existem vogais em todas as sílabas.'),
	(215,3,26,'EF02LP05','Ler e escrever corretamente palavras com marcas de nasalidade (til, m, n).'),
	(216,3,26,'EF02LP06','Perceber o princípio acrofônico que opera nos nomes das letras do alfabeto.'),
	(217,3,26,'EF02LP07','Escrever palavras, frases, textos curtos nas formas imprensa e cursiva.'),
	(218,3,26,'EF02LP08','Segmentar corretamente as palavras ao escrever frases e textos.'),
	(219,3,26,'EF02LP09','Usar adequadamente ponto final, ponto de interrogação e ponto de exclamação.'),
	(220,3,26,'EF02LP10','Identificar sinônimos de palavras de texto lido, determinando a diferença de sentido entre eles, e formar antônimos de palavras encontradas em texto lido pelo acréscimo do prefixo de negação in-/im-.'),
	(221,3,26,'EF02LP11','Formar o aumentativo e o diminutivo de palavras com os sufixos -ão e -inho/-zinho.'),
	(222,3,27,'EF02LP12','Ler e compreender com certa autonomia cantigas, letras de canção, dentre outros gêneros do campo da vida cotidiana, considerando a situação comunicativa e o tema/assunto do texto e relacionando sua forma de organização à sua finalidade.'),
	(223,3,27,'EF02LP13','Planejar e produzir bilhetes e cartas, em meio impresso e/ou digital, dentre outros gêneros do campo da vida cotidiana, considerando a situação comunicativa e o tema/assunto/finalidade do texto.'),
	(224,3,27,'EF02LP14','Planejar e produzir pequenos relatos de observação de processos, de fatos, de experiências pessoais, mantendo as características do gênero, considerando a situação comunicativa e o tema/assunto do texto.'),
	(225,3,27,'EF02LP15','Cantar cantigas e canções, obedecendo ao ritmo e à melodia.'),
	(226,3,27,'EF02LP16','Identificar e reproduzir, em bilhetes, recados, avisos, cartas, e-mails, receitas (modo de fazer), relatos (digitais ou impressos), a formatação e diagramação específica de cada um desses gêneros.'),
	(227,3,27,'EF02LP17','Identificar e reproduzir, em relatos de experiências pessoais, a sequência dos fatos, utilizando expressões que marquem a passagem do tempo (?antes?, ?depois?, ?ontem?, ?hoje?, ?amanhã?, ?outro dia?, ?antigamente?, ?há muito tempo? etc.), e o nível de informatividade necessário.'),
	(228,3,28,'EF02LP18','Planejar e produzir cartazes e folhetos para divulgar eventos da escola ou da comunidade, utilizando linguagem persuasiva e elementos textuais e visuais (tamanho da letra, leiaute, imagens) adequados ao gênero, considerando a situação comunicativa e o tema/assunto do texto.'),
	(229,3,28,'EF02LP19','Planejar e produzir, em colaboração com os colegas e com a ajuda do professor, notícias curtas para público infantil, para compor jornal falado que possa ser repassado oralmente ou em meio digital, em áudio ou vídeo, dentre outros gêneros do campo jornalístico, considerando a situação comunicativa e o tema/assunto do texto.'),
	(230,3,29,'EF02LP20','Reconhecer a função de textos utilizados para apresentar informações coletadas em atividades de pesquisa (enquetes, pequenas entrevistas, registros de experimentações).'),
	(231,3,29,'EF02LP21','Explorar, com a mediação do professor, textos informativos de diferentes ambientes digitais de pesquisa, conhecendo suas possibilidades.'),
	(232,3,29,'EF02LP22','Planejar e produzir, em colaboração com os colegas e com a ajuda do professor, pequenos relatos de experimentos, entrevistas, verbetes de enciclopédia infantil, dentre outros gêneros do campo investigativo, digitais ou impressos, considerando a situação comunicativa e o tema/assunto/finalidade do texto.'),
	(233,3,29,'EF02LP23','Planejar e produzir, com certa autonomia, pequenos registros de observação de resultados de pesquisa, coerentes com um tema investigado.'),
	(234,3,29,'EF02LP24','Planejar e produzir, em colaboração com os colegas e com a ajuda do professor, relatos de experimentos, registros de observação, entrevistas, dentre outros gêneros do campo investigativo, que possam ser repassados oralmente por meio de ferramentas digitais, em áudio ou vídeo, considerando a situação comunicativa e o tema/assunto/ finalidade do texto.'),
	(235,3,29,'EF02LP25','Identificar e reproduzir, em relatos de experimentos, entrevistas, verbetes de enciclopédia infantil, digitais ou impressos, a formatação e diagramação específica de cada um desses gêneros, inclusive em suas versões orais.'),
	(236,3,30,'EF02LP26','Ler e compreender, com certa autonomia, textos literários, de gêneros variados, desenvolvendo o gosto pela leitura.'),
	(237,3,30,'EF02LP27','Reescrever textos narrativos literários lidos pelo professor.'),
	(238,3,30,'EF02LP28','Reconhecer o conflito gerador de uma narrativa ficcional e sua resolução, além de palavras, expressões e frases que caracterizam personagens e ambientes.'),
	(239,3,30,'EF02LP29','Observar, em poemas visuais, o formato do texto na página, as ilustrações e outros efeitos visuais.'),
	(240,3,65,'EF02MA01','Comparar e ordenar números naturais (até a ordem de centenas) pela compreensão de características do sistema de numeração decimal (valor posicional e função do zero).'),
	(241,3,65,'EF02MA02','Fazer estimativas por meio de estratégias diversas a respeito da quantidade de objetos de coleções e registrar o resultado da contagem desses objetos (até 1000 unidades).'),
	(242,3,65,'EF02MA03','Comparar quantidades de objetos de dois conjuntos, por estimativa e/ou por correspondência (um a um, dois a dois, entre outros), para indicar ?tem mais?, ?tem menos? ou ?tem a mesma quantidade?, indicando, quando for o caso, quantos a mais e quantos a menos.'),
	(243,3,65,'EF02MA04','Compor e decompor números naturais de até três ordens, com suporte de material manipulável, por meio de diferentes adições.'),
	(244,3,65,'EF02MA05','Construir fatos básicos da adição e subtração e utilizá-los no cálculo mental ou escrito.'),
	(245,3,65,'EF02MA06','Resolver e elaborar problemas de adição e de subtração, envolvendo números de até três ordens, com os significados de juntar, acrescentar, separar, retirar, utilizando estratégias pessoais ou convencionais.'),
	(246,3,65,'EF02MA07','Resolver e elaborar problemas de multiplicação (por 2, 3, 4 e 5) com a ideia de adição de parcelas iguais por meio de estratégias e formas de registro pessoais, utilizando ou não suporte de imagens e/ou material manipulável.'),
	(247,3,65,'EF02MA08','Resolver e elaborar problemas envolvendo dobro, metade, triplo e terça parte, com o suporte de imagens ou material manipulável, utilizando estratégias pessoais.'),
	(248,3,66,'EF02MA09','Construir sequências de números naturais em ordem crescente ou decrescente a partir de um número qualquer, utilizando uma regularidade estabelecida.'),
	(249,3,66,'EF02MA10','Descrever um padrão (ou regularidade) de sequências repetitivas e de sequências recursivas, por meio de palavras, símbolos ou desenhos.'),
	(250,3,66,'EF02MA11','Descrever os elementos ausentes em sequências repetitivas e em sequências recursivas de números naturais, objetos ou figuras.'),
	(251,3,67,'EF02MA12','Identificar e registrar, em linguagem verbal ou não verbal, a localização e os deslocamentos de pessoas e de objetos no espaço, considerando mais de um ponto de referência, e indicar as mudanças de direção e de sentido.'),
	(252,3,67,'EF02MA13','Esboçar roteiros a ser seguidos ou plantas de ambientes familiares, assinalando entradas, saídas e alguns pontos de referência.'),
	(253,3,67,'EF02MA14','Reconhecer, nomear e comparar figuras geométricas espaciais (cubo, bloco retangular, pirâmide, cone, cilindro e esfera), relacionando-as com objetos do mundo físico.'),
	(254,3,67,'EF02MA15','Reconhecer, comparar e nomear figuras planas (círculo, quadrado, retângulo e triângulo), por meio de características comuns, em desenhos apresentados em diferentes disposições ou em sólidos geométricos.'),
	(255,3,68,'EF02MA16','Estimar, medir e comparar comprimentos de lados de salas (incluindo contorno) e de polígonos, utilizando unidades de medida não padronizadas e padronizadas (metro, centímetro e milímetro) e instrumentos adequados.'),
	(256,3,68,'EF02MA17','Estimar, medir e comparar capacidade e massa, utilizando estratégias pessoais e unidades de medida não padronizadas ou padronizadas (litro, mililitro, grama e quilograma).'),
	(257,3,68,'EF02MA18','Indicar a duração de intervalos de tempo entre duas datas, como dias da semana e meses do ano, utilizando calendário, para planejamentos e organização de agenda.'),
	(258,3,68,'EF02MA19','Medir a duração de um intervalo de tempo por meio de relógio digital e registrar o horário do início e do fim do intervalo.'),
	(259,3,68,'EF02MA20','Estabelecer a equivalência de valores entre moedas e cédulas do sistema monetário brasileiro para resolver situações cotidianas.'),
	(260,3,69,'EF02MA21','Classificar resultados de eventos cotidianos aleatórios como ?pouco prováveis?, ?muito prováveis?, ?improváveis? e ?impossíveis?.'),
	(261,3,69,'EF02MA22','Comparar informações de pesquisas apresentadas por meio de tabelas de dupla entrada e em gráficos de colunas simples ou barras, para melhor compreender aspectos da realidade próxima.'),
	(262,3,69,'EF02MA23','Realizar pesquisa em universo de até 30 elementos, escolhendo até três variáveis categóricas de seu interesse, organizando os dados coletados em listas, tabelas e gráficos de colunas simples.'),
	(263,3,70,'EF03CI01','Produzir diferentes sons a partir da vibração de variados objetos e identificar variáveis que influem nesse fenômeno.'),
	(264,3,70,'EF03CI02','Experimentar e relatar o que ocorre com a passagem da luz através de objetos transparentes (copos, janelas de vidro, lentes, prismas, água etc.), no contato com superfícies polidas (espelhos) e na intersecção com objetos opacos (paredes, pratos, pessoas e outros objetos de uso cotidiano).'),
	(265,3,70,'EF03CI03','Discutir hábitos necessários para a manutenção da saúde auditiva e visual considerando as condições do ambiente em termos de som e luz.'),
	(266,3,71,'EF03CI04','Identificar características sobre o modo de vida (o que comem, como se reproduzem, como se deslocam etc.) dos animais mais comuns no ambiente próximo.'),
	(267,3,71,'EF03CI05','Descrever e comunicar as alterações que ocorrem desde o nascimento em animais de diferentes meios terrestres ou aquáticos, inclusive o homem.'),
	(268,3,71,'EF03CI06','Comparar alguns animais e organizar grupos com base em características externas comuns (presença de penas, pelos, escamas, bico, garras, antenas, patas etc.).'),
	(269,3,72,'EF03CI07','Identificar características da Terra (como seu formato esférico, a presença de água, solo etc.), com base na observação, manipulação e comparação de diferentes formas de representação do planeta (mapas, globos, fotografias etc.).'),
	(270,3,72,'EF03CI08','Observar, identificar e registrar os períodos diários (dia e/ou noite) em que o Sol, demais estrelas, Lua e planetas estão visíveis no céu.'),
	(271,3,72,'EF03CI09','Comparar diferentes amostras de solo do entorno da escola com base em características como cor, textura, cheiro, tamanho das partículas, permeabilidade etc.'),
	(272,3,72,'EF03CI10','Identificar os diferentes usos do solo (plantação e extração de materiais, dentre outras possibilidades), reconhecendo a importância do solo para a agricultura e para a vida.'),
	(273,3,107,'EF03ER01','Identificar e respeitar os diferentes espaços e territórios religiosos de diferentes tradições e movimentos religiosos.'),
	(274,3,107,'EF03ER02','Caracterizar os espaços e territórios religiosos como locais de realização das práticas celebrativas.'),
	(275,3,108,'EF03ER03','Identificar e respeitar práticas celebrativas (cerimônias, orações, festividades, peregrinações, entre outras) de diferentes tradições religiosas.'),
	(276,3,108,'EF03ER04','Caracterizar as práticas celebrativas como parte integrante do conjunto das manifestações religiosas de diferentes culturas e sociedades.'),
	(277,3,108,'EF03ER05','Reconhecer as indumentárias (roupas, acessórios, símbolos, pinturas corporais) utilizadas em diferentes manifestações e tradições religiosas.'),
	(278,3,108,'EF03ER06','Caracterizar as indumentárias como elementos integrantes das identidades religiosas.'),
	(279,3,73,'EF03GE01','Identificar e comparar aspectos culturais dos grupos sociais de seus lugares de vivência, seja na cidade, seja no campo.'),
	(280,3,73,'EF03GE02','Identificar, em seus lugares de vivência, marcas de contribuição cultural e econômica de grupos de diferentes origens.'),
	(281,3,73,'EF03GE03','Reconhecer os diferentes modos de vida de povos e comunidades tradicionais em distintos lugares.'),
	(282,3,74,'EF03GE04','Explicar como os processos naturais e históricos atuam na produção e na mudança das paisagens naturais e antrópicas nos seus lugares de vivência, comparando-os a outros lugares.'),
	(283,3,75,'EF03GE05','Identificar alimentos, minerais e outros produtos cultivados e extraídos da natureza, comparando as atividades de trabalho em diferentes lugares.'),
	(284,3,76,'EF03GE06','Identificar e interpretar imagens bidimensionais e tridimensionais em diferentes tipos de representação cartográfica.'),
	(285,3,76,'EF03GE07','Reconhecer e elaborar legendas com símbolos de diversos tipos de representações em diferentes escalas cartográficas.'),
	(286,3,77,'EF03GE08','Relacionar a produção de lixo doméstico ou da escola aos problemas causados pelo consumo excessivo e construir propostas para o consumo consciente, considerando a ampliação de hábitos de redução, reúso e reciclagem/ descarte de materiais consumidos em casa, na escola e/ou no entorno.'),
	(287,3,77,'EF03GE09','Investigar os usos dos recursos naturais, com destaque para os usos da água em atividades cotidianas (alimentação, higiene, cultivo de plantas etc.), e discutir os problemas ambientais provocados por esses usos.'),
	(288,3,77,'EF03GE10','Identificar os cuidados necessários para utilização da água na agricultura e na geração de energia de modo a garantir a manutenção do provimento de água potável.'),
	(289,3,77,'EF03GE11','Comparar impactos das atividades econômicas urbanas e rurais sobre o ambiente físico natural, assim como os riscos provenientes do uso de ferramentas e máquinas.'),
	(290,3,83,'EF03HI01','Identificar os grupos populacionais que formam a cidade, o município e a região, as relações estabelecidas entre eles e os eventos que marcam a formação da cidade, como fenômenos migratórios (vida rural/vida urbana), desmatamentos, estabelecimento de grandes empresas etc.'),
	(291,3,83,'EF03HI02','Selecionar, por meio da consulta de fontes de diferentes naturezas, e registrar acontecimentos ocorridos ao longo do tempo na cidade ou região em que vive.'),
	(292,3,83,'EF03HI03','Identificar e comparar pontos de vista em relação a eventos significativos do local em que vive, aspectos relacionados a condições sociais e à presença de diferentes grupos sociais e culturais, com especial destaque para as culturas africanas, indígenas e de migrantes.'),
	(293,3,83,'EF03HI04','Identificar os patrimônios históricos e culturais de sua cidade ou região e discutir as razões culturais, sociais e políticas para que assim sejam considerados.'),
	(294,3,84,'EF03HI05','Identificar os marcos históricos do lugar em que vive e compreender seus significados.'),
	(295,3,84,'EF03HI06','Identificar os registros de memória na cidade (nomes de ruas, monumentos, edifícios etc.), discutindo os critérios que explicam a escolha desses nomes.'),
	(296,3,84,'EF03HI07','Identificar semelhanças e diferenças existentes entre comunidades de sua cidade ou região, e descrever o papel dos diferentes grupos sociais que as formam.'),
	(297,3,84,'EF03HI08','Identificar modos de vida na cidade e no campo no presente, comparando-os com os do passado.'),
	(298,3,85,'EF03HI09','Mapear os espaços públicos no lugar em que vive (ruas, praças, escolas, hospitais, prédios da Prefeitura e da Câmara de Vereadores etc.) e identificar suas funções.'),
	(299,3,85,'EF03HI10','Identificar as diferenças entre o espaço doméstico, os espaços públicos e as áreas de conservação ambiental, compreendendo a importância dessa distinção.'),
	(300,3,85,'EF03HI11','Identificar diferenças entre formas de trabalho realizadas na cidade e no campo, considerando também o uso da tecnologia nesses diferentes contextos.'),
	(301,3,85,'EF03HI12','Comparar as relações de trabalho e lazer do presente com as de outros tempos e espaços, analisando mudanças e permanências.'),
	(302,3,26,'EF03LP01','Ler e escrever palavras com correspondências regulares contextuais entre grafemas e fonemas ? c/qu; g/gu; r/rr; s/ss; o (e não u) e e (e não i) em sílaba átona em final de palavra ? e com marcas de nasalidade (til, m, n).'),
	(303,3,26,'EF03LP02','Ler e escrever corretamente palavras com sílabas CV, V, CVC, CCV, VC, VV, CVV, identificando que existem vogais em todas as sílabas.'),
	(304,3,26,'EF03LP03','Ler e escrever corretamente palavras com os dígrafos lh, nh, ch.'),
	(305,3,26,'EF03LP04','Usar acento gráfico (agudo ou circunflexo) em monossílabos tônicos terminados em a, e, o e em palavras oxítonas terminadas em a, e, o, seguidas ou não de s.'),
	(306,3,26,'EF03LP05','Identificar o número de sílabas de palavras, classificando-as em monossílabas, dissílabas, trissílabas e polissílabas.'),
	(307,3,26,'EF03LP06','Identificar a sílaba tônica em palavras, classificando-as em oxítonas, paroxítonas e proparoxítonas.'),
	(308,3,26,'EF03LP07','Identificar a função na leitura e usar na escrita ponto final, ponto de interrogação, ponto de exclamação e, em diálogos (discurso direto), dois-pontos e travessão.'),
	(309,3,26,'EF03LP08','Identificar e diferenciar, em textos, substantivos e verbos e suas funções na oração: agente, ação, objeto da ação.'),
	(310,3,26,'EF03LP09','Identificar, em textos, adjetivos e sua função de atribuição de propriedades aos substantivos.'),
	(311,3,26,'EF03LP10','Reconhecer prefixos e sufixos produtivos na formação de palavras derivadas de substantivos, de adjetivos e de verbos, utilizando-os para compreender palavras e para formar novas palavras.'),
	(312,3,27,'EF03LP11','Ler e compreender, com autonomia, textos injuntivos instrucionais (receitas, instruções de montagem etc.), com a estrutura própria desses textos (verbos imperativos, indicação de passos a ser seguidos) e mesclando palavras, imagens e recursos gráfico- visuais, considerando a situação comunicativa e o tema/assunto do texto.'),
	(313,3,27,'EF03LP12','Ler e compreender, com autonomia, cartas pessoais e diários, com expressão de sentimentos e opiniões, dentre outros gêneros do campo da vida cotidiana, de acordo com as convenções do gênero carta e considerando a situação comunicativa e o tema/assunto do texto.'),
	(314,3,27,'EF03LP13','Planejar e produzir cartas pessoais e diários, com expressão de sentimentos e opiniões, dentre outros gêneros do campo da vida cotidiana, de acordo com as convenções dos gêneros carta e diário e considerando a situação comunicativa e o tema/assunto do texto.'),
	(315,3,27,'EF03LP14','Planejar e produzir textos injuntivos instrucionais, com a estrutura própria desses textos (verbos imperativos, indicação de passos a ser seguidos) e mesclando palavras, imagens e recursos gráfico-visuais, considerando a situação comunicativa e o tema/ assunto do texto.'),
	(316,3,27,'EF03LP15','Assistir, em vídeo digital, a programa de culinária infantil e, a partir dele, planejar e produzir receitas em áudio ou vídeo.'),
	(317,3,27,'EF03LP16','Identificar e reproduzir, em textos injuntivos instrucionais (receitas, instruções de montagem, digitais ou impressos), a formatação própria desses textos (verbos imperativos, indicação de passos a ser seguidos) e a diagramação específica dos textos desses gêneros (lista de ingredientes ou materiais e instruções de execução ? \"modo de fazer\").'),
	(318,3,27,'EF03LP17','Identificar e reproduzir, em gêneros epistolares e diários, a formatação própria desses textos (relatos de acontecimentos, expressão de vivências, emoções, opiniões ou críticas) e a diagramação específica dos textos desses gêneros (data, saudação, corpo do texto, despedida, assinatura).'),
	(319,3,28,'EF03LP18','Ler e compreender, com autonomia, cartas dirigidas a veículos da mídia impressa ou digital (cartas de leitor e de reclamação a jornais, revistas) e notícias, dentre outros gêneros do campo jornalístico, de acordo com as convenções do gênero carta e considerando a situação comunicativa e o tema/assunto do texto.'),
	(320,3,28,'EF03LP19','Identificar e discutir o propósito do uso de recursos de persuasão (cores, imagens, escolha de palavras, jogo de palavras, tamanho de letras) em textos publicitários e de propaganda, como elementos de convencimento.'),
	(321,3,28,'EF03LP20','Produzir cartas dirigidas a veículos da mídia impressa ou digital (cartas do leitor ou de reclamação a jornais ou revistas), dentre outros gêneros do campopo lítico-cidadão, com opiniões e críticas, de acordo com as convenções do gênero carta e considerando a situação comunicativa e o tema/assunto do texto.'),
	(322,3,28,'EF03LP21','Produzir anúncios publicitários, textos de campanhas de conscientização destinados ao público infantil, observando os recursos de persuasão utilizados nos textos publicitários e de propaganda (cores, imagens, slogan, escolha de palavras, jogo de palavras, tamanho e tipo de letras, diagramação).'),
	(323,3,28,'EF03LP22','Planejar e produzir, em colaboração com os colegas, telejornal para público infantil com algumas notícias e textos de campanhas que possam ser repassados oralmente ou em meio digital, em áudio ou vídeo, considerando a situação comunicativa, a organização específica da fala nesses gêneros e o tema/assunto/ finalidade dos textos.'),
	(324,3,28,'EF03LP23','Analisar o uso de adjetivos em cartas dirigidas a veículos da mídia impressa ou digital (cartas do leitor ou de reclamação a jornais ou revistas), digitais ou impressas.'),
	(325,3,29,'EF03LP24','Ler/ouvir e compreender, com autonomia, relatos de observações e de pesquisas em fontes de informações, considerando a situação comunicativa e o tema/assunto do texto.'),
	(326,3,29,'EF03LP25','Planejar e produzir textos para apresentar resultados de observações e de pesquisas em fontes de informações, incluindo, quando pertinente, imagens, diagramas e gráficos ou tabelas simples, considerando a situação comunicativa e o tema/assunto do texto.'),
	(327,3,29,'EF03LP26','Identificar e reproduzir, em relatórios de observação e pesquisa, a formatação e diagramação específica desses gêneros (passos ou listas de itens, tabelas, ilustrações, gráficos, resumo dos resultados), inclusive em suas versões orais.'),
	(328,3,30,'EF03LP27','Recitar cordel e cantar repentes e emboladas, observando as rimas e obedecendo ao ritmo e à melodia.'),
	(329,3,65,'EF03MA01','Ler, escrever e comparar números naturais de até a ordem de unidade de milhar, estabelecendo relações entre os registros numéricos e em língua materna.'),
	(330,3,65,'EF03MA02','Identificar características do sistema de numeração decimal, utilizando a composição e a decomposição de número natural de até quatro ordens.'),
	(331,3,65,'EF03MA03','Construir e utilizar fatos básicos da adição e da multiplicação para o cálculo mental ou escrito.'),
	(332,3,65,'EF03MA04','Estabelecer a relação entre números naturais e pontos da reta numérica para utilizá-la na ordenação dos números naturais e também na construção de fatos da adição e da subtração, relacionando-os com deslocamentos para a direita ou para a esquerda.'),
	(333,3,65,'EF03MA05','Utilizar diferentes procedimentos de cálculo mental e escrito para resolver problemas significativos envolvendo adição e subtração com números naturais.'),
	(334,3,65,'EF03MA06','Resolver e elaborar problemas de adição e subtração com os significados de juntar, acrescentar, separar, retirar, comparar e completar quantidades, utilizando diferentes estratégias de cálculo exato ou aproximado, incluindo cálculo mental.'),
	(335,3,65,'EF03MA07','Resolver e elaborar problemas de multiplicação (por 2, 3, 4, 5 e 10) com os significados de adição de parcelas iguais e elementos apresentados em disposição retangular, utilizando diferentes estratégias de cálculo e registros.'),
	(336,3,65,'EF03MA08','Resolver e elaborar problemas de divisão de um número natural por outro (até 10), com resto zero e com resto diferente de zero, com os significados de repartição equitativa e de medida, por meio de estratégias e registros pessoais.'),
	(337,3,65,'EF03MA09','Associar o quociente de uma divisão com resto zero de um número natural por 2, 3, 4, 5 e 10 às ideias de metade, terça, quarta, quinta e décima partes.'),
	(338,3,66,'EF03MA10','Identificar regularidades em sequências ordenadas de números naturais, resultantes da realização de adições ou subtrações sucessivas, por um mesmo número, descrever uma regra de formação da sequência e determinar elementos faltantes ou seguintes.'),
	(339,3,66,'EF03MA11','Compreender a ideia de igualdade para escrever diferentes sentenças de adições ou de subtrações de dois números naturais que resultem na mesma soma ou diferença.'),
	(340,3,67,'EF03MA12','Descrever e representar, por meio de esboços de trajetos ou utilizando croquis e maquetes, a movimentação de pessoas ou de objetos no espaço, incluindo mudanças de direção e sentido, com base em diferentes pontos de referência.'),
	(341,3,67,'EF03MA13','Associar figuras geométricas espaciais (cubo, bloco retangular, pirâmide, cone, cilindro e esfera) a objetos do mundo físico e nomear essas figuras.'),
	(342,3,67,'EF03MA14','Descrever características de algumas figuras geométricas espaciais (prismas retos, pirâmides, cilindros, cones), relacionando-as com suas planificações.'),
	(343,3,67,'EF03MA15','Classificar e comparar figuras planas (triângulo, quadrado, retângulo, trapézio e paralelogramo) em relação a seus lados (quantidade, posições relativas e comprimento) e vértices.'),
	(344,3,67,'EF03MA16','Reconhecer figuras congruentes, usando sobreposição e desenhos em malhas quadriculadas ou triangulares, incluindo o uso de tecnologias digitais.'),
	(345,3,68,'EF03MA17','Reconhecer que o resultado de uma medida depende da unidade de medida utilizada.'),
	(346,3,68,'EF03MA18','Escolher a unidade de medida e o instrumento mais apropriado para medições de comprimento, tempo e capacidade.'),
	(347,3,68,'EF03MA19','Estimar, medir e comparar comprimentos, utilizando unidades de medida não padronizadas e padronizadas mais usuais (metro, centímetro e milímetro) e diversos instrumentos de medida.'),
	(348,3,68,'EF03MA20','Estimar e medir capacidade e massa, utilizando unidades de medida não padronizadas e padronizadas mais usuais (litro, mililitro, quilograma, grama e miligrama), reconhecendo-as em leitura de rótulos e embalagens, entre outros.'),
	(349,3,68,'EF03MA21','Comparar, visualmente ou por superposição, áreas de faces de objetos, de figuras planas ou de desenhos.'),
	(350,3,68,'EF03MA22','Ler e registrar medidas e intervalos de tempo, utilizando relógios (analógico e digital) para informar os horários de início e término de realização de uma atividade e sua duração.'),
	(351,3,68,'EF03MA23','Ler horas em relógios digitais e em relógios analógicos e reconhecer a relação entre hora e minutos e entre minuto e segundos.'),
	(352,3,68,'EF03MA24','Resolver e elaborar problemas que envolvam a comparação e a equivalência de valores monetários do sistema brasileiro em situações de compra, venda e troca.'),
	(353,3,69,'EF03MA25','Identificar, em eventos familiares aleatórios, todos os resultados possíveis, estimando os que têm maiores ou menores chances de ocorrência.'),
	(354,3,69,'EF03MA26','Resolver problemas cujos dados estão apresentados em tabelas de dupla entrada, gráficos de barras ou de colunas.'),
	(355,3,69,'EF03MA27','Ler, interpretar e comparar dados apresentados em tabelas de dupla entrada, gráficos de barras ou de colunas, envolvendo resultados de pesquisas significativas, utilizando termos como maior e menor frequência, apropriando-se desse tipo de linguagem para compreender aspectos da realidade sociocultural significativos.'),
	(356,3,69,'EF03MA28','Realizar pesquisa envolvendo variáveis categóricas em um universo de até 50 elementos, organizar os dados coletados utilizando listas, tabelas simples ou de dupla entrada e representá-los em gráficos de colunas simples, com e sem uso de tecnologias digitais.'),
	(357,3,70,'EF04CI01','Identificar misturas na vida diária, com base em suas propriedades físicas observáveis, reconhecendo sua composição.'),
	(358,3,70,'EF04CI02','Testar e relatar transformações nos materiais do dia a dia quando expostos a diferentes condições (aquecimento, resfriamento, luz e umidade).'),
	(359,3,70,'EF04CI03','Concluir que algumas mudanças causadas por aquecimento ou resfriamento são reversíveis (como as mudanças de estado físico da água) e outras não (como o cozimento do ovo, a queima do papel etc.).'),
	(360,3,71,'EF04CI04','Analisar e construir cadeias alimentares simples, reconhecendo a posição ocupada pelos seres vivos nessas cadeias e o papel do Sol como fonte primária de energia na produção de alimentos.'),
	(361,3,71,'EF04CI05','Descrever e destacar semelhanças e diferenças entre o ciclo da matéria e o fluxo de energia entre os componentes vivos e não vivos de um ecossistema.'),
	(362,3,71,'EF04CI06','Relacionar a participação de fungos e bactérias no processo de decomposição, reconhecendo a importância ambiental desse processo.'),
	(363,3,71,'EF04CI07','Verificar a participação de microrganismos na produção de alimentos, combustíveis, medicamentos, entre outros.'),
	(364,3,71,'EF04CI08','Propor, a partir do conhecimento das formas de transmissão de alguns microrganismos (vírus, bactérias e protozoários), atitudes e medidas adequadas para prevenção de doenças a eles associadas.'),
	(365,3,72,'EF04CI09','Identificar os pontos cardeais, com base no registro de diferentes posições relativas do Sol e da sombra de uma vara (gnômon).'),
	(366,3,72,'EF04CI10','Comparar as indicações dos pontos cardeais resultantes da observação das sombras de uma vara (gnômon) com aquelas obtidas por meio de uma bússola.'),
	(367,3,72,'EF04CI11','Associar os movimentos cíclicos da Lua e da Terra a períodos de tempo regulares e ao uso desse conhecimento para a construção de calendários em diferentes culturas.'),
	(368,3,108,'EF04ER01','Identificar ritos presentes no cotidiano pessoal, familiar, escolar e comunitário.'),
	(369,3,108,'EF04ER02','Identificar ritos e suas funções em diferentes manifestações e tradições religiosas.'),
	(370,3,108,'EF04ER03','Caracterizar ritos de iniciação e de passagem em diversos grupos religiosos (nascimento, casamento e morte).'),
	(371,3,108,'EF04ER04','Identificar as diversas formas de expressão da espiritualidade (orações, cultos, gestos, cantos, dança, meditação) nas diferentes tradições religiosas.'),
	(372,3,108,'EF04ER05','Identificar representações religiosas em diferentes expressões artísticas (pinturas, arquitetura, esculturas, ícones, símbolos, imagens), reconhecendo-as como parte da identidade de diferentes culturas e tradições religiosas.'),
	(373,3,109,'EF04ER06','Identificar nomes, significados e representações de divindades nos contextos familiar e comunitário.'),
	(374,3,109,'EF04ER07','Reconhecer e respeitar as ideias de divindades de diferentes manifestações e tradições religiosas.'),
	(375,3,73,'EF04GE01','Selecionar, em seus lugares de vivência e em suas histórias familiares e/ou da comunidade, elementos de distintas culturas (indígenas, afro-brasileiras, de outras regiões do país, latino-americanas, europeias, asiáticas etc.), valorizando o que é próprio em cada uma delas e sua contribuição para a formação da cultura local, regional e brasileira.'),
	(376,3,73,'EF04GE02','Descrever processos migratórios e suas contribuições para a formação da sociedade brasileira.'),
	(377,3,73,'EF04GE03','Distinguir funções e papéis dos órgãos do poder público municipal e canais de participação social na gestão do Município, incluindo a Câmara de Vereadores e Conselhos Municipais.'),
	(378,3,74,'EF04GE04','Reconhecer especificidades e analisar a interdependência do campo e da cidade, considerando fluxos econômicos, de informações, de ideias e de pessoas.'),
	(379,3,74,'EF04GE05','Distinguir unidades político-administrativas oficiais nacionais (Distrito, Município, Unidade da Federação e grande região), suas fronteiras e sua hierarquia, localizando seus lugares de vivência.'),
	(380,3,74,'EF04GE06','Identificar e descrever territórios étnico-culturais existentes no Brasil, tais como terras indígenas e de comunidades remanescentes de quilombos, reconhecendo a legitimidade da demarcação desses territórios.'),
	(381,3,75,'EF04GE07','Comparar as características do trabalho no campo e na cidade.'),
	(382,3,75,'EF04GE08','Descrever e discutir o processo de produção (transformação de matérias-primas), circulação e consumo de diferentes produtos.'),
	(383,3,76,'EF04GE09','Utilizar as direções cardeais na localização de componentes físicos e humanos nas paisagens rurais e urbanas.'),
	(384,3,76,'EF04GE10','Comparar tipos variados de mapas, identificando suas características, elaboradores, finalidades, diferenças e semelhanças.'),
	(385,3,77,'EF04GE11','Identificar as características das paisagens naturais e antrópicas (relevo, cobertura vegetal, rios etc.) no ambiente em que vive, bem como a ação humana na conservação ou degradação dessas áreas.'),
	(386,3,86,'EF04HI01','Reconhecer a história como resultado da ação do ser humano no tempo e no espaço, com base na identificação de mudanças e permanências ao longo do tempo.'),
	(387,3,86,'EF04HI02','Identificar mudanças e permanências ao longo do tempo, discutindo os sentidos dos grandes marcos da história da humanidade (nomadismo, desenvolvimento da agricultura e do pastoreio, criação da indústria etc.).'),
	(388,3,86,'EF04HI03','Identificar as transformações ocorridas na cidade ao longo do tempo e discutir suas interferências nos modos de vida de seus habitantes, tomando como ponto de partida o presente.'),
	(389,3,87,'EF04HI04','Identificar as relações entre os indivíduos e a natureza e discutir o significado do nomadismo e da fixação das primeiras comunidades humanas.'),
	(390,3,87,'EF04HI05','Relacionar os processos de ocupação do campo a intervenções na natureza, avaliando os resultados dessas intervenções.'),
	(391,3,87,'EF04HI06','Identificar as transformações ocorridas nos processos de deslocamento das pessoas e mercadorias, analisando as formas de adaptação ou marginalização.'),
	(392,3,87,'EF04HI07','Identificar e descrever a importância dos caminhos terrestres, fluviais e marítimos para a dinâmica da vida comercial.'),
	(393,3,87,'EF04HI08','Identificar as transformações ocorridas nos meios de comunicação (cultura oral, imprensa, rádio, televisão, cinema, internet e demais tecnologias digitais de informação e comunicação) e discutir seus significados para os diferentes grupos ou estratos sociais.'),
	(394,3,88,'EF04HI09','Identificar as motivações dos processos migratórios em diferentes tempos e espaços e avaliar o papel desempenhado pela migração nas regiões de destino.'),
	(395,3,88,'EF04HI10','Analisar diferentes fluxos populacionais e suas contribuições para a formação da sociedade brasileira.'),
	(396,3,88,'EF04HI11','Analisar, na sociedade em que vive, a existência ou não de mudanças associadas à migração (interna e internacional).'),
	(397,3,26,'EF04LP01','Grafar palavras utilizando regras de correspondência fonema--grafema regulares diretas e contextuais.'),
	(398,3,26,'EF04LP02','Ler e escrever, corretamente, palavras com sílabas VV e CVV em casos nos quais a combinação VV (ditongo) é reduzida na língua oral (ai, ei, ou).'),
	(399,3,26,'EF04LP03','Localizar palavras no dicionário para esclarecer significados, reconhecendo o significado mais plausível para o contexto que deu origem à consulta.'),
	(400,3,26,'EF04LP04','Usar acento gráfico (agudo ou circunflexo) em paroxítonas terminadas em -i(s), -l, -r, -ão(s).'),
	(401,3,26,'EF04LP05','Identificar a função na leitura e usar, adequadamente, na escrita ponto final, de interrogação, de exclamação, dois-pontos e travessão em diálogos (discurso direto), vírgula em enumerações e em separação de vocativo e de aposto.'),
	(402,3,26,'EF04LP06','Identificar em textos e usar na produção textual a concordância entre substantivo ou pronome pessoal e verbo (concordância verbal).'),
	(403,3,26,'EF04LP07','Identificar em textos e usar na produção textual a concordância entre artigo, substantivo e adjetivo (concordância no grupo nominal).'),
	(404,3,26,'EF04LP08','Reconhecer e grafar, corretamente, palavras derivadas com os sufixos -agem, -oso, -eza, -izar/-isar (regulares morfológicas).'),
	(405,3,27,'EF04LP09','Ler e compreender, com autonomia, boletos, faturas e carnês, dentre outros gêneros do campo da vida cotidiana, de acordo com as convenções do gênero (campos, itens elencados, medidas de consumo, código de barras) e considerando a situação comunicativa e a finalidade do texto.'),
	(406,3,27,'EF04LP10','Ler e compreender, com autonomia, cartas pessoais de reclamação, dentre outros gêneros do campo da vida cotidiana, de acordo com as convenções do gênero carta e considerando a situação comunicativa e o tema/assunto/finalidade do texto.'),
	(407,3,27,'EF04LP11','Planejar e produzir, com autonomia, cartas pessoais de reclamação, dentre outros gêneros do campo da vida cotidiana, de acordo com as convenções do gênero carta e com a estrutura própria desses textos (problema, opinião, argumentos), considerando a situação comunicativa e o tema/assunto/finalidade do texto.'),
	(408,3,27,'EF04LP12','Assistir, em vídeo digital, a programa infantil com instruções de montagem, de jogos e brincadeiras e, a partir dele, planejar e produzir tutoriais em áudio ou vídeo.'),
	(409,3,27,'EF04LP13','Identificar e reproduzir, em textos injuntivos instrucionais (instruções de jogos digitais ou impressos), a formatação própria desses textos (verbos imperativos, indicação de passos a ser seguidos) e formato específico dos textos orais ou escritos desses gêneros (lista/ apresentação de materiais e instruções/passos de jogo).'),
	(410,3,28,'EF04LP14','Identificar, em notícias, fatos, participantes, local e momento/tempo da ocorrência do fato noticiado.'),
	(411,3,28,'EF04LP15','Distinguir fatos de opiniões/sugestões em textos (informativos, jornalísticos, publicitários etc.).'),
	(412,3,28,'EF04LP16','Produzir notícias sobre fatos ocorridos no universo escolar, digitais ou impressas, para o jornal da escola, noticiando os fatos e seus atores e comentando decorrências, de acordo com as convenções do gênero notícia e considerando a situação comunicativa e o tema/assunto do texto.'),
	(413,3,28,'EF04LP17','Produzir jornais radiofônicos ou televisivos e entrevistas veiculadas em rádio, TV e na internet, orientando-se por roteiro ou texto e demonstrando conhecimento dos gêneros jornal falado/televisivo e entrevista.'),
	(414,3,28,'EF04LP18','Analisar o padrão entonacional e a expressão facial e corporal de âncoras de jornais radiofônicos ou televisivos e de entrevistadores/entrevistados.'),
	(415,3,29,'EF04LP19','Ler e compreender textos expositivos de divulgação científica para crianças, considerando a situação comunicativa e o tema/ assunto do texto.'),
	(416,3,29,'EF04LP20','Reconhecer a função de gráficos, diagramas e tabelas em textos, como forma de apresentação de dados e informações.'),
	(417,3,29,'EF04LP21','Planejar e produzir textos sobre temas de interesse, com base em resultados de observações e pesquisas em fontes de informações impressas ou eletrônicas, incluindo, quando pertinente, imagens e gráficos ou tabelas simples, considerando a situação comunicativa e o tema/assunto do texto.'),
	(418,3,29,'EF04LP22','Planejar e produzir, com certa autonomia, verbetes de enciclopédia infantil, digitais ou impressos, considerando a situação comunicativa e o tema/ assunto/finalidade do texto.'),
	(419,3,29,'EF04LP23','Identificar e reproduzir, em verbetes de enciclopédia infantil, digitais ou impressos, a formatação e diagramação específica desse gênero (título do verbete, definição, detalhamento, curiosidades), considerando a situação comunicativa e o tema/assunto/finalidade do texto.'),
	(420,3,29,'EF04LP24','Identificar e reproduzir, em seu formato, tabelas, diagramas e gráficos em relatórios de observação e pesquisa, como forma de apresentação de dados e informações.'),
	(421,3,29,'EF04LP25','Representar cenas de textos dramáticos, reproduzindo as falas das personagens, de acordo com as rubricas de interpretação e movimento indicadas pelo autor.'),
	(422,3,30,'EF04LP26','Observar, em poemas concretos, o formato, a distribuição e a diagramação das letras do texto na página.'),
	(423,3,30,'EF04LP27','Identificar, em textos dramáticos, marcadores das falas das personagens e de cena.'),
	(424,3,65,'EF04MA01','Ler, escrever e ordenar números naturais até a ordem de dezenas de milhar.'),
	(425,3,65,'EF04MA02','Mostrar, por decomposição e composição, que todo número natural pode ser escrito por meio de adições e multiplicações por potências de dez, para compreender o sistema de numeração decimal e desenvolver estratégias de cálculo.'),
	(426,3,65,'EF04MA03','Resolver e elaborar problemas com números naturais envolvendo adição e subtração, utilizando estratégias diversas, como cálculo, cálculo mental e algoritmos, além de fazer estimativas do resultado.'),
	(427,3,65,'EF04MA04','Utilizar as relações entre adição e subtração, bem como entre multiplicação e divisão, para ampliar as estratégias de cálculo.'),
	(428,3,65,'EF04MA05','Utilizar as propriedades das operações para desenvolver estratégias de cálculo.'),
	(429,3,65,'EF04MA06','Resolver e elaborar problemas envolvendo diferentes significados da multiplicação (adição de parcelas iguais, organização retangular e proporcionalidade), utilizando estratégias diversas, como cálculo por estimativa, cálculo mental e algoritmos.'),
	(430,3,65,'EF04MA07','Resolver e elaborar problemas de divisão cujo divisor tenha no máximo dois algarismos, envolvendo os significados de repartição equitativa e de medida, utilizando estratégias diversas, como cálculo por estimativa, cálculo mental e algoritmos.'),
	(431,3,65,'EF04MA08','Resolver, com o suporte de imagem e/ou material manipulável, problemas simples de contagem, como a determinação do número de agrupamentos possíveis ao se combinar cada elemento de uma coleção com todos os elementos de outra, utilizando estratégias e formas de registro pessoais.'),
	(432,3,65,'EF04MA09','Reconhecer as frações unitárias mais usuais (1/2, 1/3, 1/4, 1/5, 1/10 e 1/100) como unidades de medida menores do que uma unidade, utilizando a reta numérica como recurso.'),
	(433,3,65,'EF04MA10','Reconhecer que as regras do sistema de numeração decimal podem ser estendidas para a representação decimal de um número racional e relacionar décimos e centésimos com a representação do sistema monetário brasileiro.'),
	(434,3,66,'EF04MA11','Identificar regularidades em sequências numéricas compostas por múltiplos de um número natural.'),
	(435,3,66,'EF04MA12','Reconhecer, por meio de investigações, que há grupos de números naturais para os quais as divisões por um determinado número resultam em restos iguais, identificando regularidades.'),
	(436,3,66,'EF04MA13','Reconhecer, por meio de investigações, utilizando a calculadora quando necessário, as relações inversas entre as operações de adição e de subtração e de multiplicação e de divisão, para aplicá-las na resolução de problemas.'),
	(437,3,66,'EF04MA14','Reconhecer e mostrar, por meio de exemplos, que a relação de igualdade existente entre dois termos permanece quando se adiciona ou se subtrai um mesmo número a cada um desses termos.'),
	(438,3,66,'EF04MA15','Determinar o número desconhecido que torna verdadeira uma igualdade que envolve as operações fundamentais com números naturais.'),
	(439,3,67,'EF04MA16','Descrever deslocamentos e localização de pessoas e de objetos no espaço, por meio de malhas quadriculadas e representações como desenhos, mapas, planta baixa e croquis, empregando termos como direita e esquerda, mudanças de direção e sentido, intersecção, transversais, paralelas e perpendiculares.'),
	(440,3,67,'EF04MA17','Associar prismas e pirâmides a suas planificações e analisar, nomear e comparar seus atributos, estabelecendo relações entre as representações planas e espaciais.'),
	(441,3,67,'EF04MA18','Reconhecer ângulos retos e não retos em figuras poligonais com o uso de dobraduras, esquadros ou softwares de geometria.'),
	(442,3,67,'EF04MA19','Reconhecer simetria de reflexão em figuras e em pares de figuras geométricas planas e utilizá-la na construção de figuras congruentes, com o uso de malhas quadriculadas e de softwares de geometria.'),
	(443,3,68,'EF04MA20','Medir e estimar comprimentos (incluindo perímetros), massas e capacidades, utilizando unidades de medida padronizadas mais usuais, valorizando e respeitando a cultura local.'),
	(444,3,68,'EF04MA21','Medir, comparar e estimar área de figuras planas desenhadas em malha quadriculada, pela contagem dos quadradinhos ou de metades de quadradinho, reconhecendo que duas figuras com formatos diferentes podem ter a mesma medida de área.'),
	(445,3,68,'EF04MA22','Ler e registrar medidas e intervalos de tempo em horas, minutos e segundos em situações relacionadas ao seu cotidiano, como informar os horários de início e término de realização de uma tarefa e sua duração.'),
	(446,3,68,'EF04MA23','Reconhecer temperatura como grandeza e o grau Celsius como unidade de medida a ela associada e utilizá-lo em comparações de temperaturas em diferentes regiões do Brasil ou no exterior ou, ainda, em discussões que envolvam problemas relacionados ao aquecimento global.'),
	(447,3,68,'EF04MA24','Registrar as temperaturas máxima e mínima diárias, em locais do seu cotidiano, e elaborar gráficos de colunas com as variações diárias da temperatura, utilizando, inclusive, planilhas eletrônicas.'),
	(448,3,68,'EF04MA25','Resolver e elaborar problemas que envolvam situações de compra e venda e formas de pagamento, utilizando termos como troco e desconto, enfatizando o consumo ético, consciente e responsável.'),
	(449,3,69,'EF04MA26','Identificar, entre eventos aleatórios cotidianos, aqueles que têm maior chance de ocorrência, reconhecendo características de resultados mais prováveis, sem utilizar frações.'),
	(450,3,69,'EF04MA27','Analisar dados apresentados em tabelas simples ou de dupla entrada e em gráficos de colunas ou pictóricos, com base em informações das diferentes áreas do conhecimento, e produzir texto com a síntese de sua análise.'),
	(451,3,69,'EF04MA28','Realizar pesquisa envolvendo variáveis categóricas e numéricas e organizar dados coletados por meio de tabelas e gráficos de colunas simples ou agrupadas, com e sem uso de tecnologias digitais.'),
	(452,3,70,'EF05CI01','Explorar fenômenos da vida cotidiana que evidenciem propriedades físicas dos materiais ? como densidade, condutibilidade térmica e elétrica, respostas a forças magnéticas, solubilidade, respostas a forças mecânicas (dureza, elasticidade etc.), entre outras.'),
	(453,3,70,'EF05CI02','Aplicar os conhecimentos sobre as mudanças de estado físico da água para explicar o ciclo hidrológico e analisar suas implicações na agricultura, no clima, na geração de energia elétrica, no provimento de água potável e no equilíbrio dos ecossistemas regionais (ou locais).'),
	(454,3,70,'EF05CI03','Selecionar argumentos que justifiquem a importância da cobertura vegetal para a manutenção do ciclo da água, a conservação dos solos, dos cursos de água e da qualidade do ar atmosférico.'),
	(455,3,70,'EF05CI04','Identificar os principais usos da água e de outros materiais nas atividades cotidianas para discutir e propor formas sustentáveis de utilização desses recursos.'),
	(456,3,70,'EF05CI05','Construir propostas coletivas para um consumo mais consciente e criar soluções tecnológicas para o descarte adequado e a reutilização ou reciclagem de materiais consumidos na escola e/ou na vida cotidiana.'),
	(457,3,71,'EF05CI06','Selecionar argumentos que justifiquem por que os sistemas digestório e respiratório são considerados corresponsáveis pelo processo de nutrição do organismo, com base na identificação das funções desses sistemas.'),
	(458,3,71,'EF05CI07','Justificar a relação entre o funcionamento do sistema circulatório, a distribuição dos nutrientes pelo organismo e a eliminação dos resíduos produzidos.'),
	(459,3,71,'EF05CI08','Organizar um cardápio equilibrado com base nas características dos grupos alimentares (nutrientes e calorias) e nas necessidades individuais (atividades realizadas, idade, sexo etc.) para a manutenção da saúde do organismo.'),
	(460,3,71,'EF05CI09','Discutir a ocorrência de distúrbios nutricionais (como obesidade, subnutrição etc.) entre crianças e jovens a partir da análise de seus hábitos (tipos e quantidade de alimento ingerido, prática de atividade física etc.).'),
	(461,3,72,'EF05CI10','Identificar algumas constelações no céu, com o apoio de recursos (como mapas celestes e aplicativos digitais, entre outros), e os períodos do ano em que elas são visíveis no início da noite.'),
	(462,3,72,'EF05CI11','Associar o movimento diário do Sol e das demais estrelas no céu ao movimento de rotação da Terra.'),
	(463,3,72,'EF05CI12','Concluir sobre a periodicidade das fases da Lua, com base na observação e no registro das formas aparentes da Lua no céu ao longo de, pelo menos, dois meses.'),
	(464,3,72,'EF05CI13','Projetar e construir dispositivos para observação à distância (luneta, periscópio etc.), para observação ampliada de objetos (lupas, microscópios) ou para registro de imagens (máquinas fotográficas) e discutir usos sociais desses dispositivos.'),
	(465,3,109,'EF05ER01','Identificar e respeitar acontecimentos sagrados de diferentes culturas e tradições religiosas como recurso para preservar a memória.'),
	(466,3,109,'EF05ER02','Identificar mitos de criação em diferentes culturas e tradições religiosas.'),
	(467,3,109,'EF05ER03','Reconhecer funções e mensagens religiosas contidas nos mitos de criação (concepções de mundo, natureza, ser humano, divindades, vida e morte).'),
	(468,3,109,'EF05ER04','Reconhecer a importância da tradição oral para preservar memórias e acontecimentos religiosos.'),
	(469,3,109,'EF05ER05','Identificar elementos da tradição oral nas culturas e religiosidades indígenas, afro-brasileiras, ciganas, entre outras.'),
	(470,3,109,'EF05ER06','Identificar o papel dos sábios e anciãos na comunicação e preservação da tradição oral.'),
	(471,3,109,'EF05ER07','Reconhecer, em textos orais, ensinamentos relacionados a modos de ser e viver.'),
	(472,3,73,'EF05GE01','Descrever e analisar dinâmicas populacionais na Unidade da Federação em que vive, estabelecendo relações entre migrações e condições de infraestrutura.'),
	(473,3,73,'EF05GE02','Identificar diferenças étnico-raciais e étnico-culturais e desigualdades sociais entre grupos em diferentes territórios.'),
	(474,3,74,'EF05GE03','Identificar as formas e funções das cidades e analisar as mudanças sociais, econômicas e ambientais provocadas pelo seu crescimento.'),
	(475,3,74,'EF05GE04','Reconhecer as características da cidade e analisar as interações entre a cidade e o campo e entre cidades na rede urbana.'),
	(476,3,75,'EF05GE05','Identificar e comparar as mudanças dos tipos de trabalho e desenvolvimento tecnológico na agropecuária, na indústria, no comércio e nos serviços.'),
	(477,3,75,'EF05GE06','Identificar e comparar transformações dos meios de transporte e de comunicação.'),
	(478,3,75,'EF05GE07','Identificar os diferentes tipos de energia utilizados na produção industrial, agrícola e extrativa e no cotidiano das populações.'),
	(479,3,76,'EF05GE08','Analisar transformações de paisagens nas cidades, comparando sequência de fotografias, fotografias aéreas e imagens de satélite de épocas diferentes.'),
	(480,3,76,'EF05GE09','Estabelecer conexões e hierarquias entre diferentes cidades, utilizando mapas temáticos e representações gráficas.'),
	(481,3,77,'EF05GE10','Reconhecer e comparar atributos da qualidade ambiental e algumas formas de poluição dos cursos de água e dos oceanos (esgotos, efluentes industriais, marés negras etc.).'),
	(482,3,77,'EF05GE11','Identificar e descrever problemas ambientais que ocorrem no entorno da escola e da residência (lixões, indústrias poluentes, destruição do patrimônio histórico etc.), propondo soluções (inclusive tecnológicas) para esses problemas.'),
	(483,3,77,'EF05GE12','Identificar órgãos do poder público e canais de participação social responsáveis por buscar soluções para a melhoria da qualidade de vida (em áreas como meio ambiente, mobilidade, moradia e direito à cidade) e discutir as propostas implementadas por esses órgãos que afetam a comunidade em que vive.'),
	(484,3,89,'EF05HI01','Identificar os processos de formação das culturas e dos povos, relacionando-os com o espaço geográfico ocupado.'),
	(485,3,89,'EF05HI02','Identificar os mecanismos de organização do poder político com vistas à compreensão da ideia de Estado e/ou de outras formas de ordenação social.'),
	(486,3,89,'EF05HI03','Analisar o papel das culturas e das religiões na composição identitária dos povos antigos.'),
	(487,3,89,'EF05HI04','Associar a noção de cidadania com os princípios de respeito à diversidade, à pluralidade e aos direitos humanos.'),
	(488,3,89,'EF05HI05','Associar o conceito de cidadania à conquista de direitos dos povos e das sociedades, compreendendo-o como conquista histórica.'),
	(489,3,90,'EF05HI06','Comparar o uso de diferentes linguagens e tecnologias no processo de comunicação e avaliar os significados sociais, políticos e culturais atribuídos a elas.'),
	(490,3,90,'EF05HI07','Identificar os processos de produção, hierarquização e difusão dos marcos de memória e discutir a presença e/ou a ausência de diferentes grupos que compõem a sociedade na nomeação desses marcos de memória.'),
	(491,3,90,'EF05HI08','Identificar formas de marcação da passagem do tempo em distintas sociedades, incluindo os povos indígenas originários e os povos africanos.'),
	(492,3,90,'EF05HI09','Comparar pontos de vista sobre temas que impactam a vida cotidiana no tempo presente, por meio do acesso a diferentes fontes, incluindo orais.'),
	(493,3,90,'EF05HI10','Inventariar os patrimônios materiais e imateriais da humanidade e analisar mudanças e permanências desses patrimônios ao longo do tempo.'),
	(494,3,26,'EF05LP01','Grafar palavras utilizando regras de correspondência fonema-grafema regulares, contextuais e morfológicas e palavras de uso frequente com correspondências irregulares.'),
	(495,3,26,'EF05LP02','Identificar o caráter polissêmico das palavras (uma mesma palavra com diferentes significados, de acordo com o contexto de uso), comparando o significado de determinados termos utilizados nas áreas científicas com esses mesmos termos utilizados na linguagem usual.'),
	(496,3,26,'EF05LP03','Acentuar corretamente palavras oxítonas, paroxítonas e proparoxítonas.'),
	(497,3,26,'EF05LP04','Diferenciar, na leitura de textos, vírgula, ponto e vírgula, dois-pontos e reconhecer, na leitura de textos, o efeito de sentido que decorre do uso de reticências, aspas, parênteses.'),
	(498,3,26,'EF05LP05','Identificar a expressão de presente, passado e futuro em tempos verbais do modo indicativo.'),
	(499,3,26,'EF05LP06','Flexionar, adequadamente, na escrita e na oralidade, os verbos em concordância com pronomes pessoais/nomes sujeitos da oração.'),
	(500,3,26,'EF05LP07','Identificar, em textos, o uso de conjunções e a relação que estabelecem entre partes do texto: adição, oposição, tempo, causa, condição, finalidade.'),
	(501,3,26,'EF05LP08','Diferenciar palavras primitivas, derivadas e compostas, e derivadas por adição de prefixo e de sufixo.'),
	(502,3,27,'EF05LP09','Ler e compreender, com autonomia, textos instrucional de regras de jogo, dentre outros gêneros do campo da vida cotidiana, de acordo com as convenções do gênero e considerando a situação comunicativa e a finalidade do texto.'),
	(503,3,27,'EF05LP10','Ler e compreender, com autonomia, anedotas, piadas e cartuns, dentre outros gêneros do campo da vida cotidiana, de acordo com as convenções do gênero e considerando a situação comunicativa e a finalidade do texto.'),
	(504,3,27,'EF05LP11','Registrar, com autonomia, anedotas, piadas e cartuns, dentre outros gêneros do campo da vida cotidiana, de acordo com as convenções do gênero e considerando a situação comunicativa e a finalidade do texto.'),
	(505,3,27,'EF05LP12','Planejar e produzir, com autonomia, textos instrucionais de regras de jogo, dentre outros gêneros do campo da vida cotidiana, de acordo com as convenções do gênero e considerando a situação comunicativa e a finalidade do texto.'),
	(506,3,27,'EF05LP13','Assistir, em vídeo digital, a postagem de vlog infantil de críticas de brinquedos e livros de literatura infantil e, a partir dele, planejar e produzir resenhas digitais em áudio ou vídeo.'),
	(507,3,27,'EF05LP14','Identificar e reproduzir, em textos de resenha crítica de brinquedos ou livros de literatura infantil, a formatação própria desses textos (apresentação e avaliação do produto).'),
	(508,3,28,'EF05LP15','Ler/assistir e compreender, com autonomia, notícias, reportagens, vídeos em vlogs argumentativos, dentre outros gêneros do campo político-cidadão, de acordo com as convenções dos gêneros e considerando a situação comunicativa e o tema/assunto do texto.'),
	(509,3,28,'EF05LP16','Comparar informações sobre um mesmo fato veiculadas em diferentes mídias e concluir sobre qual é mais confiável e por quê.'),
	(510,3,28,'EF05LP17','Produzir roteiro para edição de uma reportagem digital sobre temas de interesse da turma, a partir de buscas de informações, imagens, áudios e vídeos na internet, de acordo com as convenções do gênero e considerando a situação comunicativa e o tema/assunto do texto.'),
	(511,3,28,'EF05LP18','Roteirizar, produzir e editar vídeo para vlogs argumentativos sobre produtos de mídia para público infantil (filmes, desenhos animados, HQs, games etc.), com base em conhecimentos sobre os mesmos, de acordo com as convenções do gênero e considerando a situação comunicativa e o tema/ assunto/finalidade do texto.'),
	(512,3,28,'EF05LP19','Argumentar oralmente sobre acontecimentos de interesse social, com base em conhecimentos sobre fatos divulgados em TV, rádio, mídia impressa e digital, respeitando pontos de vista diferentes.'),
	(513,3,28,'EF05LP20','Analisar a validade e força de argumentos em argumentações sobre produtos de mídia para público infantil (filmes, desenhos animados, HQs, games etc.), com base em conhecimentos sobre os mesmos.'),
	(514,3,28,'EF05LP21','Analisar o padrão entonacional, a expressão facial e corporal e as escolhas de variedade e registro linguísticos de vloggers de vlogs opinativos ou argumentativos.'),
	(515,3,29,'EF05LP22','Ler e compreender verbetes de dicionário, identificando a estrutura, as informações gramaticais (significado de abreviaturas) e as informações semânticas.'),
	(516,3,29,'EF05LP23','Comparar informações apresentadas em gráficos ou tabelas.'),
	(517,3,29,'EF05LP24','Planejar e produzir texto sobre tema de interesse, organizando resultados de pesquisa em fontes de informação impressas ou digitais, incluindo imagens e gráficos ou tabelas, considerando a situação comunicativa e o tema/assunto do texto.'),
	(518,3,30,'EF05LP25','Planejar e produzir, com certa autonomia, verbetes de dicionário, digitais ou impressos, considerando a situação comunicativa e o tema/assunto/finalidade do texto.'),
	(519,3,29,'EF05LP26','Utilizar, ao produzir o texto, conhecimentos linguísticos e gramaticais: regras sintáticas de concordância nominal e verbal, convenções de escrita de citações, pontuação (ponto final, dois-pontos, vírgulas em enumerações) e regras ortográficas.'),
	(520,3,29,'EF05LP27','Utilizar, ao produzir o texto, recursos de coesão pronominal (pronomes anafóricos) e articuladores de relações de sentido (tempo, causa, oposição, conclusão, comparação), com nível adequado de informatividade.'),
	(521,3,30,'EF05LP28','Observar, em ciberpoemas e minicontos infantis em mídia digital, os recursos multissemióticos presentes nesses textos digitais.'),
	(522,3,65,'EF05MA01','Ler, escrever e ordenar números naturais até a ordem das centenas de milhar com compreensão das principais características do sistema de numeração decimal.'),
	(523,3,65,'EF05MA02','Ler, escrever e ordenar números racionais na forma decimal com compreensão das principais características do sistema de numeração decimal, utilizando, como recursos, a composição e decomposição e a reta numérica.'),
	(524,3,65,'EF05MA03','Identificar e representar frações (menores e maiores que a unidade), associando-as ao resultado de uma divisão ou à ideia de parte de um todo, utilizando a reta numérica como recurso.'),
	(525,3,65,'EF05MA04','Identificar frações equivalentes.'),
	(526,3,65,'EF05MA05','Comparar e ordenar números racionais positivos (representações fracionária e decimal), relacionando-os a pontos na reta numérica.'),
	(527,3,65,'EF05MA06','Associar as representações 10%, 25%, 50%, 75% e 100% respectivamente à décima parte, quarta parte, metade, três quartos e um inteiro, para calcular porcentagens, utilizando estratégias pessoais, cálculo mental e calculadora, em contextos de educação financeira, entre outros.'),
	(528,3,65,'EF05MA07','Resolver e elaborar problemas de adição e subtração com números naturais e com números racionais, cuja representação decimal seja finita, utilizando estratégias diversas, como cálculo por estimativa, cálculo mental e algoritmos.'),
	(529,3,65,'EF05MA08','Resolver e elaborar problemas de multiplicação e divisão com números naturais e com números racionais cuja representação decimal é finita (com multiplicador natural e divisor natural e diferente de zero), utilizando estratégias diversas, como cálculo por estimativa, cálculo mental e algoritmos.'),
	(530,3,65,'EF05MA09','Resolver e elaborar problemas simples de contagem envolvendo o princípio multiplicativo, como a determinação do número de agrupamentos possíveis ao se combinar cada elemento de uma coleção com todos os elementos de outra coleção, por meio de diagramas de árvore ou por tabelas.'),
	(531,3,66,'EF05MA10','Concluir, por meio de investigações, que a relação de igualdade existente entre dois membros permanece ao adicionar, subtrair, multiplicar ou dividir cada um desses membros por um mesmo número, para construir a noção de equivalência.'),
	(532,3,66,'EF05MA11','Resolver e elaborar problemas cuja conversão em sentença matemática seja uma igualdade com uma operação em que um dos termos é desconhecido.'),
	(533,3,66,'EF05MA12','Resolver problemas que envolvam variação de proporcionalidade direta entre duas grandezas, para associar a quantidade de um produto ao valor a pagar, alterar as quantidades de ingredientes de receitas, ampliar ou reduzir escala em mapas, entre outros.'),
	(534,3,66,'EF05MA13','Resolver problemas envolvendo a partilha de uma quantidade em duas partes desiguais, tais como dividir uma quantidade em duas partes, de modo que uma seja o dobro da outra, com compreensão da ideia de razão entre as partes e delas com o todo.'),
	(535,3,67,'EF05MA14','Utilizar e compreender diferentes representações para a localização de objetos no plano, como mapas, células em planilhas eletrônicas e coordenadas geográficas, a fim de desenvolver as primeiras noções de coordenadas cartesianas.'),
	(536,3,67,'EF05MA15','Interpretar, descrever e representar a localização ou movimentação de objetos no plano cartesiano (1º quadrante), utilizando coordenadas cartesianas, indicando mudanças de direção e de sentido e giros.'),
	(537,3,67,'EF05MA16','Associar figuras espaciais a suas planificações (prismas, pirâmides, cilindros e cones) e analisar, nomear e comparar seus atributos.'),
	(538,3,67,'EF05MA17','Reconhecer, nomear e comparar polígonos, considerando lados, vértices e ângulos, e desenhá-los, utilizando material de desenho ou tecnologias digitais.'),
	(539,3,67,'EF05MA18','Reconhecer a congruência dos ângulos e a proporcionalidade entre os lados correspondentes de figuras poligonais em situações de ampliação e de redução em malhas quadriculadas e usando tecnologias digitais.'),
	(540,3,68,'EF05MA19','Resolver e elaborar problemas envolvendo medidas das grandezas comprimento, área, massa, tempo, temperatura e capacidade, recorrendo a transformações entre as unidades mais usuais em contextos socioculturais.'),
	(541,3,68,'EF05MA20','Concluir, por meio de investigações, que figuras de perímetros iguais podem ter áreas diferentes e que, também, figuras que têm a mesma área podem ter perímetros diferentes.'),
	(542,3,68,'EF05MA21','Reconhecer volume como grandeza associada a sólidos geométricos e medir volumes por meio de empilhamento de cubos, utilizando, preferencialmente, objetos concretos.'),
	(543,3,69,'EF05MA22','Apresentar todos os possíveis resultados de um experimento aleatório, estimando se esses resultados são igualmente prováveis ou não.'),
	(544,3,69,'EF05MA23','Determinar a probabilidade de ocorrência de um resultado em eventos aleatórios, quando todos os resultados possíveis têm a mesma chance de ocorrer (equiprováveis).'),
	(545,3,69,'EF05MA24','Interpretar dados estatísticos apresentados em textos, tabelas e gráficos (colunas ou linhas), referentes a outras áreas do conhecimento ou a outros contextos, como saúde e trânsito, e produzir textos com o objetivo de sintetizar conclusões.'),
	(546,3,69,'EF05MA25','Realizar pesquisa envolvendo variáveis categóricas e numéricas, organizar dados coletados por meio de tabelas, gráficos de colunas, pictóricos e de linhas, com e sem uso de tecnologias digitais, e apresentar texto escrito sobre a finalidade da pesquisa e a síntese dos resultados.'),
	(547,3,70,'EF06CI01','Classificar como homogênea ou heterogênea a mistura de dois ou mais materiais (água e sal, água e óleo, água e areia etc.).'),
	(548,3,70,'EF06CI02','Identificar evidências de transformações químicas a partir do resultado de misturas de materiais que originam produtos diferentes dos que foram misturados (mistura de ingredientes para fazer um bolo, mistura de vinagre com bicarbonato de sódio etc.).'),
	(549,3,70,'EF06CI03','Selecionar métodos mais adequados para a separação de diferentes sistemas heterogêneos a partir da identificação de processos de separação de materiais (como a produção de sal de cozinha, a destilação de petróleo, entre outros).'),
	(550,3,70,'EF06CI04','Associar a produção de medicamentos e outros materiais sintéticos ao desenvolvimento científico e tecnológico, reconhecendo benefícios e avaliando impactos socioambientais.'),
	(551,3,71,'EF06CI05','Explicar a organização básica das células e seu papel como unidade estrutural e funcional dos seres vivos.'),
	(552,3,71,'EF06CI06','Concluir, com base na análise de ilustrações e/ou modelos (físicos ou digitais), que os organismos são um complexo arranjo de sistemas com diferentes níveis de organização.'),
	(553,3,71,'EF06CI07','Justificar o papel do sistema nervoso na coordenação das ações motoras e sensoriais do corpo, com base na análise de suas estruturas básicas e respectivas funções.'),
	(554,3,71,'EF06CI08','Explicar a importância da visão (captação e interpretação das imagens) na interação do organismo com o meio e, com base no funcionamento do olho humano, selecionar lentes adequadas para a correção de diferentes defeitos da visão.'),
	(555,3,71,'EF06CI09','Deduzir que a estrutura, a sustentação e a movimentação dos animais resultam da interação entre os sistemas muscular, ósseo e nervoso.'),
	(556,3,71,'EF06CI10','Explicar como o funcionamento do sistema nervoso pode ser afetado por substâncias psicoativas.'),
	(557,3,72,'EF06CI11','Identificar as diferentes camadas que estruturam o planeta Terra (da estrutura interna à atmosfera) e suas principais características.'),
	(558,3,72,'EF06CI12','Identificar diferentes tipos de rocha, relacionando a formação de fósseis a rochas sedimentares em diferentes períodos geológicos.'),
	(559,3,72,'EF06CI13','Selecionar argumentos e evidências que demonstrem a esfericidade da Terra.'),
	(560,3,72,'EF06CI14','Inferir que as mudanças na sombra de uma vara (gnômon) ao longo do dia em diferentes períodos do ano são uma evidência dos movimentos relativos entre a Terra e o Sol, que podem ser explicados por meio dos movimentos de rotação e translação da Terra e da inclinação de seu eixo de rotação em relação ao plano de sua órbita em torno do Sol.'),
	(561,3,109,'EF06ER01','Reconhecer o papel da tradição escrita na preservação de memórias, acontecimentos e ensinamentos religiosos.'),
	(562,3,109,'EF06ER02','Reconhecer e valorizar a diversidade de textos religiosos escritos (textos do Budismo, Cristianismo, Espiritismo, Hinduísmo, Islamismo, Judaísmo, entre outros).'),
	(563,3,109,'EF06ER03','Reconhecer, em textos escritos, ensinamentos relacionados a modos de ser e viver.'),
	(564,3,109,'EF06ER04','Reconhecer que os textos escritos são utilizados pelas tradições religiosas de maneiras diversas.'),
	(565,3,109,'EF06ER05','Discutir como o estudo e a interpretação dos textos religiosos influenciam os adeptos a vivenciarem os ensinamentos das tradições religiosas.'),
	(566,3,109,'EF06ER06','Reconhecer a importância dos mitos, ritos, símbolos e textos na estruturação das diferentes crenças, tradições e movimentos religiosos.'),
	(567,3,109,'EF06ER07','Exemplificar a relação entre mito, rito e símbolo nas práticas celebrativas de diferentes tradições religiosas.'),
	(568,3,73,'EF06GE01','Comparar modificações das paisagens nos lugares de vivência e os usos desses lugares em diferentes tempos.'),
	(569,3,73,'EF06GE02','Analisar modificações de paisagens por diferentes tipos de sociedade, com destaque para os povos originários.'),
	(570,3,74,'EF06GE03','Descrever os movimentos do planeta e sua relação com a circulação geral da atmosfera, o tempo atmosférico e os padrões climáticos.'),
	(571,3,74,'EF06GE04','Descrever o ciclo da água, comparando o escoamento superficial no ambiente urbano e rural, reconhecendo os principais componentes da morfologia das bacias e das redes hidrográficas e a sua localização no modelado da superfície terrestre e da cobertura vegetal.'),
	(572,3,74,'EF06GE05','Relacionar padrões climáticos, tipos de solo, relevo e formações vegetais.'),
	(573,3,75,'EF06GE06','Identificar as características das paisagens transformadas pelo trabalho humano a partir do desenvolvimento da agropecuária e do processo de industrialização.'),
	(574,3,75,'EF06GE07','Explicar as mudanças na interação humana com a natureza a partir do surgimento das cidades.'),
	(575,3,76,'EF06GE08','Medir distâncias na superfície pelas escalas gráficas e numéricas dos mapas.'),
	(576,3,76,'EF06GE09','Elaborar modelos tridimensionais, blocos-diagramas e perfis topográficos e de vegetação, visando à representação de elementos e estruturas da superfície terrestre.'),
	(577,3,77,'EF06GE10','Explicar as diferentes formas de uso do solo (rotação de terras, terraceamento, aterros etc.) e de apropriação dos recursos hídricos (sistema de irrigação, tratamento e redes de distribuição), bem como suas vantagens e desvantagens em diferentes épocas e lugares.'),
	(578,3,77,'EF06GE11','Analisar distintas interações das sociedades com a natureza, com base na distribuição dos componentes físico-naturais, incluindo as transformações da biodiversidade local e do mundo.'),
	(579,3,77,'EF06GE12','Identificar o consumo dos recursos hídricos e o uso das principais bacias hidrográficas no Brasil e no mundo, enfatizando as transformações nos ambientes urbanos.'),
	(580,3,77,'EF06GE13','Analisar consequências, vantagens e desvantagens das práticas humanas na dinâmica climática (ilha de calor etc.).'),
	(581,3,91,'EF06HI01','Identificar diferentes formas de compreensão da noção de tempo e de periodização dos processos históricos (continuidades e rupturas).'),
	(582,3,91,'EF06HI02','Identificar a gênese da produção do saber histórico e analisar o significado das fontes que originaram determinadas formas de registro em sociedades e épocas distintas.'),
	(583,3,91,'EF06HI03','Identificar as hipóteses científicas sobre o surgimento da espécie humana e sua historicidade e analisar os significados dos mitos de fundação.'),
	(584,3,91,'EF06HI04','Conhecer as teorias sobre a origem do homem americano.'),
	(585,3,91,'EF06HI05','Descrever modificações da natureza e da paisagem realizadas por diferentes tipos de sociedade, com destaque para os povos indígenas originários e povos africanos, e discutir a natureza e a lógica das transformações ocorridas.'),
	(586,3,91,'EF06HI06','Identificar geograficamente as rotas de povoamento no território americano.'),
	(587,3,92,'EF06HI07','Identificar aspectos e formas de registro das sociedades antigas na África, no Oriente Médio e nas Américas, distinguindo alguns significados presentes na cultura material e na tradição oral dessas sociedades.'),
	(588,3,92,'EF06HI08','Identificar os espaços territoriais ocupados e os aportes culturais, científicos, sociais e econômicos dos astecas, maias e incas e dos povos indígenas de diversas regiões brasileiras.'),
	(589,3,92,'EF06HI09','Discutir o conceito de Antiguidade Clássica, seu alcance e limite na tradição ocidental, assim como os impactos sobre outras sociedades e culturas.'),
	(590,3,93,'EF06HI10','Explicar a formação da Grécia Antiga, com ênfase na formação da pólis e nas transformações políticas, sociais e culturais.'),
	(591,3,93,'EF06HI11','Caracterizar o processo de formação da Roma Antiga e suas configurações sociais e políticas nos períodos monárquico e republicano.'),
	(592,3,93,'EF06HI12','Associar o conceito de cidadania a dinâmicas de inclusão e exclusão na Grécia e Roma antigas.'),
	(593,3,93,'EF06HI13','Conceituar ?império? no mundo antigo, com vistas à análise das diferentes formas de equilíbrio e desequilíbrio entre as partes envolvidas.'),
	(594,3,93,'EF06HI14','Identificar e analisar diferentes formas de contato, adaptação ou exclusão entre populações em diferentes tempos e espaços.'),
	(595,3,93,'EF06HI15','Descrever as dinâmicas de circulação de pessoas, produtos e culturas no Mediterrâneo e seu significado.'),
	(596,3,94,'EF06HI16','Caracterizar e comparar as dinâmicas de abastecimento e as formas de organização do trabalho e da vida social em diferentes sociedades e períodos, com destaque para as relações entre senhores e servos.'),
	(597,3,94,'EF06HI17','Diferenciar escravidão, servidão e trabalho livre no mundo antigo.'),
	(598,3,94,'EF06HI18','Analisar o papel da religião cristã na cultura e nos modos de organização social no período medieval.'),
	(599,3,94,'EF06HI19','Descrever e analisar os diferentes papéis sociais das mulheres no mundo antigo e nas sociedades medievais.'),
	(600,3,44,'EF06LI01','Interagir em situações de intercâmbio oral, demonstrando iniciativa para utilizar a língua inglesa.'),
	(601,3,44,'EF06LI02','Coletar informações do grupo, perguntando e respondendo sobre a família, os amigos, a escola e a comunidade..'),
	(602,3,44,'EF06LI03','Solicitar esclarecimentos em língua inglesa sobre o que não entendeu e o significado de palavras ou expressões desconhecidas.'),
	(603,3,45,'EF06LI04','Reconhecer, com o apoio de palavras cognatas e pistas do contexto discursivo, o assunto e as informações principais em textos orais sobre temas familiares.'),
	(604,3,46,'EF06LI05','Aplicar os conhecimentos da língua inglesa para falar de si e de outras pessoas, explicitando informações pessoais e características relacionadas a gostos, preferências e rotinas.'),
	(605,3,46,'EF06LI06','Planejar apresentação sobre a família, a comunidade e a escola, compartilhando-a oralmente com o grupo.'),
	(606,3,47,'EF06LI07','Formular hipóteses sobre a finalidade de um texto em língua inglesa, com base em sua estrutura, organização textual e pistas gráficas.'),
	(607,3,47,'EF06LI08','Identificar o assunto de um texto, reconhecendo sua organização textual e palavras cognatas.'),
	(608,3,47,'EF06LI09','Localizar informações específicas em texto.'),
	(609,3,48,'EF06LI10','Conhecer a organização de um dicionário bilíngue (impresso e/ou on-line) para construir repertório lexical.'),
	(610,3,48,'EF06LI11','Explorar ambientes virtuais e/ou aplicativos para construir repertório lexical na língua inglesa.'),
	(611,3,49,'EF06LI12','Interessar-se pelo texto lido, compartilhando suas ideias sobre o que o texto informa/comunica.'),
	(612,3,50,'EF06LI13','Listar ideias para a produção de textos, levando em conta o tema e o assunto.'),
	(613,3,50,'EF06LI14','Organizar ideias, selecionando-as em função da estrutura e do objetivo do texto.'),
	(614,3,51,'EF06LI15','Produzir textos escritos em língua inglesa (histórias em quadrinhos, cartazes, chats, blogues, agendas, fotolegendas, entre outros), sobre si mesmo, sua família, seus amigos, gostos, preferências e rotinas, sua comunidade e seu contexto escolar.'),
	(615,3,52,'EF06LI16','Construir repertório relativo às expressões usadas para o convívio social e o uso da língua inglesa em sala de aula.'),
	(616,3,52,'EF06LI17','Construir repertório lexical relativo a temas familiares (escola, família, rotina diária, atividades de lazer, esportes, entre outros).'),
	(617,3,52,'EF06LI18','Reconhecer semelhanças e diferenças na pronúncia de palavras da língua inglesa e da língua materna e/ou outras línguas conhecidas.'),
	(618,3,53,'EF06LI19','Utilizar o presente do indicativo para identificar pessoas (verbo to be) e descrever rotinas diárias.'),
	(619,3,53,'EF06LI20','Utilizar o presente contínuo para descrever ações em progresso.'),
	(620,3,53,'EF06LI21','Reconhecer o uso do imperativo em enunciados de atividades, comandos e instruções.'),
	(621,3,53,'EF06LI22','Descrever relações por meio do uso de apóstrofo (?) + s.'),
	(622,3,53,'EF06LI23','Empregar, de forma inteligível, os adjetivos possessivos.'),
	(623,3,54,'EF06LI24','Investigar o alcance da língua inglesa no mundo: como língua materna e/ou oficial (primeira ou segunda língua).'),
	(624,3,55,'EF06LI25','Identificar a presença da língua inglesa na sociedade brasileira/comunidade (palavras, expressões, suportes e esferas de circulação e consumo) e seu significado.'),
	(625,3,55,'EF06LI26','Avaliar, problematizando elementos/produtos culturais de países de língua inglesa absorvidos pela sociedade brasileira/comunidade.'),
	(626,3,31,'EF06LP01','Reconhecer a impossibilidade de uma neutralidade absoluta no relato de fatos e identificar diferentes graus de parcialidade/ imparcialidade dados pelo recorte feito e pelos efeitos de sentido advindos de escolhas feitas pelo autor, de forma a poder desenvolver uma atitude crítica frente aos textos jornalísticos e tornar-se consciente das escolhas feitas enquanto produtor de textos.'),
	(627,3,31,'EF06LP02','Estabelecer relação entre os diferentes gêneros jornalísticos, compreendendo a centralidade da notícia.'),
	(628,3,26,'EF06LP03','Analisar diferenças de sentido entre palavras de uma série sinonímica.'),
	(629,3,26,'EF06LP04','Analisar a função e as flexões de substantivos e adjetivos e de verbos nos modos Indicativo, Subjuntivo e Imperativo: afirmativo e negativo.'),
	(630,3,26,'EF06LP05','Identificar os efeitos de sentido dos modos verbais, considerando o gênero textual e a intenção comunicativa.'),
	(631,3,26,'EF06LP06','Empregar, adequadamente, as regras de concordância nominal (relações entre os substantivos e seus determinantes) e as regras de concordância verbal (relações entre o verbo e o sujeito simples e composto).'),
	(632,3,26,'EF06LP07','Identificar, em textos, períodos compostos por orações separadas por vírgula sem a utilização de conectivos, nomeando-os como períodos compostos por coordenação.'),
	(633,3,26,'EF06LP08','Identificar, em texto ou sequência textual, orações como unidades constituídas em torno de um núcleo verbal e períodos como conjunto de orações conectadas.'),
	(634,3,26,'EF06LP09','Classificar, em texto ou sequência textual, os períodos simples compostos.'),
	(635,3,26,'EF06LP10','Identificar sintagmas nominais e verbais como constituintes imediatos da oração.'),
	(636,3,26,'EF06LP11','Utilizar, ao produzir texto, conhecimentos linguísticos e gramaticais: tempos verbais, concordância nominal e verbal, regras ortográficas, pontuação etc.'),
	(637,3,26,'EF06LP12','Utilizar, ao produzir texto, recursos de coesão referencial (nome e pronomes), recursos semânticos de sinonímia, antonímia e homonímia e mecanismos de representação de diferentes vozes (discurso direto e indireto).'),
	(638,3,65,'EF06MA01','Comparar, ordenar, ler e escrever números naturais e números racionais cuja representação decimal é finita, fazendo uso da reta numérica.'),
	(639,3,65,'EF06MA02','Reconhecer o sistema de numeração decimal, como o que prevaleceu no mundo ocidental, e destacar semelhanças e diferenças com outros sistemas, de modo a sistematizar suas principais características (base, valor posicional e função do zero), utilizando, inclusive, a composição e decomposição de números naturais e números racionais em sua representação decimal.'),
	(640,3,65,'EF06MA03','Resolver e elaborar problemas que envolvam cálculos (mentais ou escritos, exatos ou aproximados) com números naturais, por meio de estratégias variadas, com compreensão dos processos neles envolvidos com e sem uso de calculadora.'),
	(641,3,65,'EF06MA04','Construir algoritmo em linguagem natural e representá-lo por fluxograma que indique a resolução de um problema simples (por exemplo, se um número natural qualquer é par).'),
	(642,3,65,'EF06MA05','Classificar números naturais em primos e compostos, estabelecer relações entre números, expressas pelos termos ?é múltiplo de?, ?é divisor de?, ?é fator de?, e estabelecer, por meio de investigações, critérios de divisibilidade por 2, 3, 4, 5, 6, 8, 9, 10, 100 e 1000.'),
	(643,3,65,'EF06MA06','Resolver e elaborar problemas que envolvam as ideias de múltiplo e de divisor.'),
	(644,3,65,'EF06MA07','Compreender, comparar e ordenar frações associadas às ideias de partes de inteiros e resultado de divisão, identificando frações equivalentes.'),
	(645,3,65,'EF06MA08','Reconhecer que os números racionais positivos podem ser expressos nas formas fracionária e decimal, estabelecer relações entre essas representações, passando de uma representação para outra, e relacioná-los a pontos na reta numérica.'),
	(646,3,65,'EF06MA09','Resolver e elaborar problemas que envolvam o cálculo da fração de uma quantidade e cujo resultado seja um número natural, com e sem uso de calculadora.'),
	(647,3,65,'EF06MA10','Resolver e elaborar problemas que envolvam adição ou subtração com números racionais positivos na representação fracionária.'),
	(648,3,65,'EF06MA11','Resolver e elaborar problemas com números racionais positivos na representação decimal, envolvendo as quatro operações fundamentais e a potenciação, por meio de estratégias diversas, utilizando estimativas e arredondamentos para verificar a razoabilidade de respostas, com e sem uso de calculadora.'),
	(649,3,65,'EF06MA12','Fazer estimativas de quantidades e aproximar números para múltiplos da potência de 10 mais próxima.'),
	(650,3,65,'EF06MA13','Resolver e elaborar problemas que envolvam porcentagens, com base na ideia de proporcionalidade, sem fazer uso da ?regra de três?, utilizando estratégias pessoais, cálculo mental e calculadora, em contextos de educação financeira, entre outros.'),
	(651,3,66,'EF06MA14','Reconhecer que a relação de igualdade matemática não se altera ao adicionar, subtrair, multiplicar ou dividir os seus dois membros por um mesmo número e utilizar essa noção para determinar valores desconhecidos na resolução de problemas.'),
	(652,3,66,'EF06MA15','Resolver e elaborar problemas que envolvam a partilha de uma quantidade em duas partes desiguais, envolvendo relações aditivas e multiplicativas, bem como a razão entre as partes e entre uma das partes e o todo.'),
	(653,3,67,'EF06MA16','Associar pares ordenados de números a pontos do plano cartesiano do 1º quadrante, em situações como a localização dos vértices de um polígono.'),
	(654,3,67,'EF06MA17','Quantificar e estabelecer relações entre o número de vértices, faces e arestas de prismas e pirâmides, em função do seu polígono da base, para resolver problemas e desenvolver a percepção espacial.'),
	(655,3,67,'EF06MA18','Reconhecer, nomear e comparar polígonos, considerando lados, vértices e ângulos, e classificá-los em regulares e não regulares, tanto em suas representações no plano como em faces de poliedros.'),
	(656,3,67,'EF06MA19','Identificar características dos triângulos e classificá-los em relação às medidas dos lados e dos ângulos.'),
	(657,3,67,'EF06MA20','Identificar características dos quadriláteros, classificá-los em relação a lados e a ângulos e reconhecer a inclusão e a intersecção de classes entre eles.'),
	(658,3,67,'EF06MA21','Construir figuras planas semelhantes em situações de ampliação e de redução, com o uso de malhas quadriculadas, plano cartesiano ou tecnologias digitais.'),
	(659,3,67,'EF06MA22','Utilizar instrumentos, como réguas e esquadros, ou softwares para representações de retas paralelas e perpendiculares e construção de quadriláteros, entre outros.'),
	(660,3,67,'EF06MA23','Construir algoritmo para resolver situações passo a passo (como na construção de dobraduras ou na indicação de deslocamento de um objeto no plano segundo pontos de referência e distâncias fornecidas etc.).'),
	(661,3,68,'EF06MA24','Resolver e elaborar problemas que envolvam as grandezas comprimento, massa, tempo, temperatura, área (triângulos e retângulos), capacidade e volume (sólidos formados por blocos retangulares), sem uso de fórmulas, inseridos, sempre que possível, em contextos oriundos de situações reais e/ou relacionadas às outras áreas do conhecimento.'),
	(662,3,68,'EF06MA25','Reconhecer a abertura do ângulo como grandeza associada às figuras geométricas.'),
	(663,3,68,'EF06MA26','Resolver problemas que envolvam a noção de ângulo em diferentes contextos e em situações reais, como ângulo de visão.'),
	(664,3,68,'EF06MA27','Determinar medidas da abertura de ângulos, por meio de transferidor e/ou tecnologias digitais.'),
	(665,3,68,'EF06MA28','Interpretar, descrever e desenhar plantas baixas simples de residências e vistas aéreas.'),
	(666,3,68,'EF06MA29','Analisar e descrever mudanças que ocorrem no perímetro e na área de um quadrado ao se ampliarem ou reduzirem, igualmente, as medidas de seus lados, para compreender que o perímetro é proporcional à medida do lado, o que não ocorre com a área.'),
	(667,3,69,'EF06MA30','Calcular a probabilidade de um evento aleatório, expressando-a por número racional (forma fracionária, decimal e percentual) e comparar esse número com a probabilidade obtida por meio de experimentos sucessivos.'),
	(668,3,69,'EF06MA31','Identificar as variáveis e suas frequências e os elementos constitutivos (título, eixos, legendas, fontes e datas) em diferentes tipos de gráfico.'),
	(669,3,69,'EF06MA32','Interpretar e resolver situações que envolvam dados de pesquisas sobre contextos ambientais, sustentabilidade, trânsito, consumo responsável, entre outros, apresentadas pela mídia em tabelas e em diferentes tipos de gráficos e redigir textos escritos com o objetivo de sintetizar conclusões.'),
	(670,3,69,'EF06MA33','Planejar e coletar dados de pesquisa referente a práticas sociais escolhidas pelos alunos e fazer uso de planilhas eletrônicas para registro, representação e interpretação das informações, em tabelas, vários tipos de gráficos e texto.'),
	(671,3,69,'EF06MA34','Interpretar e desenvolver fluxogramas simples, identificando as relações entre os objetos representados (por exemplo, posição de cidades considerando as estradas que as unem, hierarquia dos funcionários de uma empresa etc.).'),
	(672,3,70,'EF07CI01','Discutir a aplicação, ao longo da história, das máquinas simples e propor soluções e invenções para a realização de tarefas mecânicas cotidianas.'),
	(673,3,70,'EF07CI02','Diferenciar temperatura, calor e sensação térmica nas diferentes situações de equilíbrio termodinâmico cotidianas.'),
	(674,3,70,'EF07CI03','Utilizar o conhecimento das formas de propagação do calor para justificar a utilização de determinados materiais (condutores e isolantes) na vida cotidiana, explicar o princípio de funcionamento de alguns equipamentos (garrafa térmica, coletor solar etc.) e/ou construir soluções tecnológicas a partir desse conhecimento.'),
	(675,3,70,'EF07CI04','Avaliar o papel do equilíbrio termodinâmico para a manutenção da vida na Terra, para o funcionamento de máquinas térmicas e em outras situações cotidianas.'),
	(676,3,70,'EF07CI05','Discutir o uso de diferentes tipos de combustível e máquinas térmicas ao longo do tempo, para avaliar avanços, questões econômicas e problemas socioambientais causados pela produção e uso desses materiais e máquinas.'),
	(677,3,70,'EF07CI06','Discutir e avaliar mudanças econômicas, culturais e sociais, tanto na vida cotidiana quanto no mundo do trabalho, decorrentes do desenvolvimento de novos materiais e tecnologias (como automação e informatização).'),
	(678,3,71,'EF07CI07','Caracterizar os principais ecossistemas brasileiros quanto à paisagem, à quantidade de água, ao tipo de solo, à disponibilidade de luz solar, à temperatura etc., correlacionando essas características à flora e fauna específicas.'),
	(679,3,71,'EF07CI08','Avaliar como os impactos provocados por catástrofes naturais ou mudanças nos componentes físicos, biológicos ou sociais de um ecossistema afetam suas populações, podendo ameaçar ou provocar a extinção de espécies, alteração de hábitos, migração etc.'),
	(680,3,71,'EF07CI09','Interpretar as condições de saúde da comunidade, cidade ou estado, com base na análise e comparação de indicadores de saúde (como taxa de mortalidade infantil, cobertura de saneamento básico e incidência de doenças de veiculação hídrica, atmosférica entre outras) e dos resultados de políticas públicas destinadas à saúde.'),
	(681,3,71,'EF07CI10','Argumentar sobre a importância da vacinação para a saúde pública, com base em informações sobre a maneira como a vacina atua no organismo e o papel histórico da vacinação para a manutenção da saúde individual e coletiva e para a erradicação de doenças.'),
	(682,3,71,'EF07CI11','Analisar historicamente o uso da tecnologia, incluindo a digital, nas diferentes dimensões da vida humana, considerando indicadores ambientais e de qualidade de vida.'),
	(683,3,72,'EF07CI12','Demonstrar que o ar é uma mistura de gases, identificando sua composição, e discutir fenômenos naturais ou antrópicos que podem alterar essa composição.'),
	(684,3,72,'EF07CI13','Descrever o mecanismo natural do efeito estufa, seu papel fundamental para o desenvolvimento da vida na Terra, discutir as ações humanas responsáveis pelo seu aumento artificial (queima dos combustíveis fósseis, desmatamento, queimadas etc.) e selecionar e implementar propostas para a reversão ou controle desse quadro.'),
	(685,3,72,'EF07CI14','Justificar a importância da camada de ozônio para a vida na Terra, identificando os fatores que aumentam ou diminuem sua presença na atmosfera, e discutir propostas individuais e coletivas para sua preservação.'),
	(686,3,72,'EF07CI15','Interpretar fenômenos naturais (como vulcões, terremotos e tsunamis) e justificar a rara ocorrência desses fenômenos no Brasil, com base no modelo das placas tectônicas.'),
	(687,3,72,'EF07CI16','Justificar o formato das costas brasileira e africana com base na teoria da deriva dos continentes.'),
	(688,3,108,'EF07ER01','Reconhecer e respeitar as práticas de comunicação com as divindades em distintas manifestações e tradições religiosas.'),
	(689,3,108,'EF07ER02','Identificar práticas de espiritualidade utilizadas pelas pessoas em determinadas situações (acidentes, doenças, fenômenos climáticos).'),
	(690,3,108,'EF07ER03','Reconhecer os papéis atribuídos às lideranças de diferentes tradições religiosas.'),
	(691,3,108,'EF07ER04','Exemplificar líderes religiosos que se destacaram por suas contribuições à sociedade.'),
	(692,3,108,'EF07ER05','Discutir estratégias que promovam a convivência ética e respeitosa entre as religiões.'),
	(693,3,109,'EF07ER06','Identificar princípios éticos em diferentes tradições religiosas e filosofias de vida, discutindo como podem influenciar condutas pessoais e práticas sociais.'),
	(694,3,109,'EF07ER07','Identificar e discutir o papel das lideranças religiosas e seculares na defesa e promoção dos direitos humanos.'),
	(695,3,109,'EF07ER08','Reconhecer o direito à liberdade de consciência, crença ou convicção, questionando concepções e práticas sociais que a violam.'),
	(696,3,73,'EF07GE01','Avaliar, por meio de exemplos extraídos dos meios de comunicação, ideias e estereótipos acerca das paisagens e da formação territorial do Brasil.'),
	(697,3,74,'EF07GE02','Analisar a influência dos fluxos econômicos e populacionais na formação socioeconômica e territorial do Brasil, compreendendo os conflitos e as tensões históricas e contemporâneas.'),
	(698,3,74,'EF07GE03','Selecionar argumentos que reconheçam as territorialidades dos povos indígenas originários, das comunidades remanescentes de quilombos, de povos das florestas e do cerrado, de ribeirinhos e caiçaras, entre outros grupos sociais do campo e da cidade, como direitos legais dessas comunidades.'),
	(699,3,74,'EF07GE04','Analisar a distribuição territorial da população brasileira, considerando a diversidade étnico-cultural (indígena, africana, europeia e asiática), assim como aspectos de renda, sexo e idade nas regiões brasileiras.'),
	(700,3,75,'EF07GE05','Analisar fatos e situações representativas das alterações ocorridas entre o período mercantilista e o advento do capitalismo.'),
	(701,3,75,'EF07GE06','Discutir em que medida a produção, a circulação e o consumo de mercadorias provocam impactos ambientais, assim como influem na distribuição de riquezas, em diferentes lugares.'),
	(702,3,75,'EF07GE07','Analisar a influência e o papel das redes de transporte e comunicação na configuração do território brasileiro.'),
	(703,3,75,'EF07GE08','Estabelecer relações entre os processos de industrialização e inovação tecnológica com as transformações socioeconômicas do território brasileiro.'),
	(704,3,76,'EF07GE09','Interpretar e elaborar mapas temáticos e históricos, inclusive utilizando tecnologias digitais, com informações demográficas e econômicas do Brasil (cartogramas), identificando padrões espaciais, regionalizações e analogias espaciais.'),
	(705,3,76,'EF07GE10','Elaborar e interpretar gráficos de barras, gráficos de setores e histogramas, com base em dados socioeconômicos das regiões brasileiras.'),
	(706,3,77,'EF07GE11','Caracterizar dinâmicas dos componentes físico-naturais no território nacional, bem como sua distribuição e biodiversidade (Florestas Tropicais, Cerrados, Caatingas, Campos Sulinos e Matas de Araucária).'),
	(707,3,77,'EF07GE12','Comparar unidades de conservação existentes no Município de residência e em outras localidades brasileiras, com base na organização do Sistema Nacional de Unidades de Conservação (SNUC).'),
	(708,3,95,'EF07HI01','Explicar o significado de ?modernidade? e suas lógicas de inclusão e exclusão, com base em uma concepção europeia.'),
	(709,3,95,'EF07HI02','Identificar conexões e interações entre as sociedades do Novo Mundo, da Europa, da África e da Ásia no contexto das navegações e indicar a complexidade e as interações que ocorrem nos Oceanos Atlântico, Índico e Pacífico.'),
	(710,3,95,'EF07HI03','Identificar aspectos e processos específicos das sociedades africanas e americanas antes da chegada dos europeus, com destaque para as formas de organização social e o desenvolvimento de saberes e técnicas.'),
	(711,3,96,'EF07HI04','Identificar as principais características dos Humanismos e dos Renascimentos e analisar seus significados.'),
	(712,3,96,'EF07HI05','Identificar e relacionar as vinculações entre as reformas religiosas e os processos culturais e sociais do período moderno na Europa e na América.'),
	(713,3,96,'EF07HI06','Comparar as navegações no Atlântico e no Pacífico entre os séculos XIV e XVI.'),
	(714,3,97,'EF07HI07','Descrever os processos de formação e consolidação das monarquias e suas principais características com vistas à compreensão das razões da centralização política.'),
	(715,3,97,'EF07HI08','Descrever as formas de organização das sociedades americanas no tempo da conquista com vistas à compreensão dos mecanismos de alianças, confrontos e resistências.'),
	(716,3,97,'EF07HI09','Analisar os diferentes impactos da conquista europeia da América para as populações ameríndias e identificar as formas de resistência.'),
	(717,3,97,'EF07HI10','Analisar, com base em documentos históricos, diferentes interpretações sobre as dinâmicas das sociedades americanas no período colonial.'),
	(718,3,97,'EF07HI11','Analisar a formação histórico-geográfica do território da América portuguesa por meio de mapas históricos.'),
	(719,3,97,'EF07HI12','Identificar a distribuição territorial da população brasileira em diferentes épocas, considerando a diversidade étnico-racial e étnico-cultural (indígena, africana, europeia e asiática).'),
	(720,3,98,'EF07HI13','Caracterizar a ação dos europeus e suas lógicas mercantis visando ao domínio no mundo atlântico.'),
	(721,3,98,'EF07HI14','Descrever as dinâmicas comerciais das sociedades americanas e africanas e analisar suas interações com outras sociedades do Ocidente e do Oriente.'),
	(722,3,98,'EF07HI15','Discutir o conceito de escravidão moderna e suas distinções em relação ao escravismo antigo e à servidão medieval.'),
	(723,3,98,'EF07HI16','Analisar os mecanismos e as dinâmicas de comércio de escravizados em suas diferentes fases, identificando os agentes responsáveis pelo tráfico e as regiões e zonas africanas de procedência dos escravizados.'),
	(724,3,98,'EF07HI17','Discutir as razões da passagem do mercantilismo para o capitalismo.'),
	(725,3,44,'EF07LI01','Interagir em situações de intercâmbio oral para realizar as atividades em sala de aula, de forma respeitosa e colaborativa, trocando ideias e engajando-se em brincadeiras e jogos.'),
	(726,3,44,'EF07LI02','Entrevistar os colegas para conhecer suas histórias de vida.'),
	(727,3,45,'EF07LI03','Mobilizar conhecimentos prévios para compreender texto oral.'),
	(728,3,45,'EF07LI04','Identificar o contexto, a finalidade, o assunto e os interlocutores em textos orais presentes no cinema, na internet, na televisão, entre outros.'),
	(729,3,46,'EF07LI05','Compor, em língua inglesa, narrativas orais sobre fatos, acontecimentos e personalidades marcantes do passado.'),
	(730,3,47,'EF07LI06','Antecipar o sentido global de textos em língua inglesa por inferências, com base em leitura rápida, observando títulos, primeiras e últimas frases de parágrafos e palavras-chave repetidas.'),
	(731,3,47,'EF07LI07','Identificar a(s) informação(ões)-chave de partes de um texto em língua inglesa (parágrafos).'),
	(732,3,47,'EF07LI08','Relacionar as partes de um texto (parágrafos) para construir seu sentido global.'),
	(733,3,56,'EF07LI09','Selecionar, em um texto, a informação desejada como objetivo de leitura.'),
	(734,3,56,'EF07LI10','Escolher, em ambientes virtuais, textos em língua inglesa, de fontes confiáveis, para estudos/pesquisas escolares.'),
	(735,3,49,'EF07LI11','Participar de troca de opiniões e informações sobre textos, lidos na sala de aula ou em outros ambientes.'),
	(736,3,57,'EF07LI12','Planejar a escrita de textos em função do contexto (público, finalidade, layout e suporte).'),
	(737,3,57,'EF07LI13','Organizar texto em unidades de sentido, dividindo-o em parágrafos ou tópicos e subtópicos, explorando as possibilidades de organização gráfica, de suporte e de formato do texto.'),
	(738,3,51,'EF07LI14','Produzir textos diversos sobre fatos, acontecimentos e personalidades do passado (linha do tempo/ timelines, biografias, verbetes de enciclopédias, blogues, entre outros).'),
	(739,3,52,'EF07LI15','Construir repertório lexical relativo a verbos regulares e irregulares (formas no passado), preposições de tempo (in, on, at) e conectores (and, but, because, then, so, before, after, entre outros).'),
	(740,3,52,'EF07LI16','Reconhecer a pronúncia de verbos regulares no passado (-ed).'),
	(741,3,52,'EF07LI17','Explorar o caráter polissêmico de palavras de acordo com o contexto de uso.'),
	(742,3,53,'EF07LI18','Utilizar o passado simples e o passado contínuo para produzir textos orais e escritos, mostrando relações de sequência e causalidade.'),
	(743,3,53,'EF07LI19','Discriminar sujeito de objeto utilizando pronomes a eles relacionados.'),
	(744,3,53,'EF07LI20','Empregar, de forma inteligível, o verbo modal can para descrever habilidades (no presente e no passado).'),
	(745,3,54,'EF07LI21','Analisar o alcance da língua inglesa e os seus contextos de uso no mundo globalizado.'),
	(746,3,58,'EF07LI22','Explorar modos de falar em língua inglesa, refutando preconceitos e reconhecendo a variação linguística como fenômeno natural das línguas.'),
	(747,3,58,'EF07LI23','Reconhecer a variação linguística como manifestação de formas de pensar e expressar o mundo.'),
	(748,3,31,'EF07LP01','Distinguir diferentes propostas editoriais ? sensacionalismo, jornalismo investigativo etc. ?, de forma a identificar os recursos utilizados para impactar/chocar o leitor que podem comprometer uma análise crítica da notícia e do fato noticiado.'),
	(749,3,31,'EF07LP02','Comparar notícias e reportagens sobre um mesmo fato divulgadas em diferentes mídias, analisando as especificidades das mídias, os processos de (re)elaboração dos textos e a convergência das mídias em notícias ou reportagens multissemióticas.'),
	(750,3,26,'EF07LP03','Formar, com base em palavras primitivas, palavras derivadas com os prefixos e sufixos mais produtivos no português.'),
	(751,3,26,'EF07LP04','Reconhecer, em textos, o verbo como o núcleo das orações.'),
	(752,3,26,'EF07LP05','Identificar, em orações de textos lidos ou de produção própria, verbos de predicação completa e incompleta: intransitivos e transitivos.'),
	(753,3,26,'EF07LP06','Empregar as regras básicas de concordância nominal e verbal em situações comunicativas e na produção de textos.'),
	(754,3,26,'EF07LP07','Identificar, em textos lidos ou de produção própria, a estrutura básica da oração: sujeito, predicado, complemento (objetos direto e indireto).'),
	(755,3,26,'EF07LP08','Identificar, em textos lidos ou de produção própria, adjetivos que ampliam o sentido do substantivo sujeito ou complemento verbal.'),
	(756,3,26,'EF07LP09','Identificar, em textos lidos ou de produção própria, advérbios e locuções adverbiais que ampliam o sentido do verbo núcleo da oração.'),
	(757,3,26,'EF07LP10','Utilizar, ao produzir texto, conhecimentos linguísticos e gramaticais: modos e tempos verbais, concordância nominal e verbal, pontuação etc.'),
	(758,3,26,'EF07LP11','Identificar, em textos lidos ou de produção própria, períodos compostos nos quais duas orações são conectadas por vírgula, ou por conjunções que expressem soma de sentido (conjunção ?e?) ou oposição de sentidos (conjunções ?mas?, ?porém?).'),
	(759,3,26,'EF07LP12','Reconhecer recursos de coesão referencial: substituições lexicais (de substantivos por sinônimos) ou pronominais (uso de pronomes anafóricos ? pessoais, possessivos, demonstrativos).'),
	(760,3,26,'EF07LP13','Estabelecer relações entre partes do texto, identificando substituições lexicais (de substantivos por sinônimos) ou pronominais (uso de pronomes anafóricos ? pessoais, possessivos, demonstrativos), que contribuem para a continuidade do texto.'),
	(761,3,26,'EF07LP14','Identificar, em textos, os efeitos de sentido do uso de estratégias de modalização e argumentatividade.'),
	(762,3,65,'EF07MA01','Resolver e elaborar problemas com números naturais, envolvendo as noções de divisor e de múltiplo, podendo incluir máximo divisor comum ou mínimo múltiplo comum, por meio de estratégias diversas, sem a aplicação de algoritmos.'),
	(763,3,65,'EF07MA02','Resolver e elaborar problemas que envolvam porcentagens, como os que lidam com acréscimos e decréscimos simples, utilizando estratégias pessoais, cálculo mental e calculadora, no contexto de educação financeira, entre outros.'),
	(764,3,65,'EF07MA03','Comparar e ordenar números inteiros em diferentes contextos, incluindo o histórico, associá-los a pontos da reta numérica e utilizá-los em situações que envolvam adição e subtração.'),
	(765,3,65,'EF07MA04','Resolver e elaborar problemas que envolvam operações com números inteiros.'),
	(766,3,65,'EF07MA05','Resolver um mesmo problema utilizando diferentes algoritmos.'),
	(767,3,65,'EF07MA06','Reconhecer que as resoluções de um grupo de problemas que têm a mesma estrutura podem ser obtidas utilizando os mesmos procedimentos.'),
	(768,3,65,'EF07MA07','Representar por meio de um fluxograma os passos utilizados para resolver um grupo de problemas.'),
	(769,3,65,'EF07MA08','Comparar e ordenar frações associadas às ideias de partes de inteiros, resultado da divisão, razão e operador.'),
	(770,3,65,'EF07MA09','Utilizar, na resolução de problemas, a associação entre razão e fração, como a fração 2/3 para expressar a razão de duas partes de uma grandeza para três partes da mesma ou três partes de outra grandeza.'),
	(771,3,65,'EF07MA10','Comparar e ordenar números racionais em diferentes contextos e associá-los a pontos da reta numérica.'),
	(772,3,65,'EF07MA11','Compreender e utilizar a multiplicação e a divisão de números racionais, a relação entre elas e suas propriedades operatórias.'),
	(773,3,65,'EF07MA12','Resolver e elaborar problemas que envolvam as operações com números racionais.'),
	(774,3,66,'EF07MA13','Compreender a ideia de variável, representada por letra ou símbolo, para expressar relação entre duas grandezas, diferenciando-a da ideia de incógnita.'),
	(775,3,66,'EF07MA14','Classificar sequências em recursivas e não recursivas, reconhecendo que o conceito de recursão está presente não apenas na matemática, mas também nas artes e na literatura.'),
	(776,3,66,'EF07MA15','Utilizar a simbologia algébrica para expressar regularidades encontradas em sequências numéricas.'),
	(777,3,66,'EF07MA16','Reconhecer se duas expressões algébricas obtidas para descrever a regularidade de uma mesma sequência numérica são ou não equivalentes.'),
	(778,3,66,'EF07MA17','Resolver e elaborar problemas que envolvam variação de proporcionalidade direta e de proporcionalidade inversa entre duas grandezas, utilizando sentença algébrica para expressar a relação entre elas.'),
	(779,3,66,'EF07MA18','Resolver e elaborar problemas que possam ser representados por equações polinomiais de 1º grau, redutíveis à forma ax + b = c, fazendo uso das propriedades da igualdade.'),
	(780,3,67,'EF07MA19','Realizar transformações de polígonos representados no plano cartesiano, decorrentes da multiplicação das coordenadas de seus vértices por um número inteiro.'),
	(781,3,67,'EF07MA20','Reconhecer e representar, no plano cartesiano, o simétrico de figuras em relação aos eixos e à origem.'),
	(782,3,67,'EF07MA21','Reconhecer e construir figuras obtidas por simetrias de translação, rotação e reflexão, usando instrumentos de desenho ou softwares de geometria dinâmica e vincular esse estudo a representações planas de obras de arte, elementos arquitetônicos, entre outros.'),
	(783,3,67,'EF07MA22','Construir circunferências, utilizando compasso, reconhecê-las como lugar geométrico e utilizá-las para fazer composições artísticas e resolver problemas que envolvam objetos equidistantes.'),
	(784,3,67,'EF07MA23','Verificar relações entre os ângulos formados por retas paralelas cortadas por uma transversal, com e sem uso de softwares de geometria dinâmica.'),
	(785,3,67,'EF07MA24','Construir triângulos, usando régua e compasso, reconhecer a condição de existência do triângulo quanto à medida dos lados e verificar que a soma das medidas dos ângulos internos de um triângulo é 180°.'),
	(786,3,67,'EF07MA25','Reconhecer a rigidez geométrica dos triângulos e suas aplicações, como na construção de estruturas arquitetônicas (telhados, estruturas metálicas e outras) ou nas artes plásticas.'),
	(787,3,67,'EF07MA26','Descrever, por escrito e por meio de um fluxograma, um algoritmo para a construção de um triângulo qualquer, conhecidas as medidas dos três lados.'),
	(788,3,67,'EF07MA27','Calcular medidas de ângulos internos de polígonos regulares, sem o uso de fórmulas, e estabelecer relações entre ângulos internos e externos de polígonos, preferencialmente vinculadas à construção de mosaicos e de ladrilhamentos.'),
	(789,3,67,'EF07MA28','Descrever, por escrito e por meio de um fluxograma, um algoritmo para a construção de um polígono regular (como quadrado e triângulo equilátero), conhecida a medida de seu lado.'),
	(790,3,68,'EF07MA29','Resolver e elaborar problemas que envolvam medidas de grandezas inseridos em contextos oriundos de situações cotidianas ou de outras áreas do conhecimento, reconhecendo que toda medida empírica é aproximada.'),
	(791,3,68,'EF07MA30','Resolver e elaborar problemas de cálculo de medida do volume de blocos retangulares, envolvendo as unidades usuais (metro cúbico, decímetro cúbico e centímetro cúbico).'),
	(792,3,68,'EF07MA31','Estabelecer expressões de cálculo de área de triângulos e de quadriláteros.'),
	(793,3,68,'EF07MA32','Resolver e elaborar problemas de cálculo de medida de área de figuras planas que podem ser decompostas por quadrados, retângulos e/ou triângulos, utilizando a equivalência entre áreas.'),
	(794,3,68,'EF07MA33','Estabelecer o número ? como a razão entre a medida de uma circunferência e seu diâmetro, para compreender e resolver problemas, inclusive os de natureza histórica.'),
	(795,3,69,'EF07MA34','Planejar e realizar experimentos aleatórios ou simulações que envolvem cálculo de probabilidades ou estimativas por meio de frequência de ocorrências.'),
	(796,3,69,'EF07MA35','Compreender, em contextos significativos, o significado de média estatística como indicador da tendência de uma pesquisa, calcular seu valor e relacioná-lo, intuitivamente, com a amplitude do conjunto de dados.'),
	(797,3,69,'EF07MA36','Planejar e realizar pesquisa envolvendo tema da realidade social, identificando a necessidade de ser censitária ou de usar amostra, e interpretar os dados para comunicá-los por meio de relatório escrito, tabelas e gráficos, com o apoio de planilhas eletrônicas.'),
	(798,3,69,'EF07MA37','Interpretar e analisar dados apresentados em gráfico de setores divulgados pela mídia e compreender quando é possível ou conveniente sua utilização.'),
	(799,3,70,'EF08CI01','Identificar e classificar diferentes fontes (renováveis e não renováveis) e tipos de energia utilizados em residências, comunidades ou cidades.'),
	(800,3,70,'EF08CI02','Construir circuitos elétricos com pilha/bateria, fios e lâmpada ou outros dispositivos e compará-los a circuitos elétricos residenciais.'),
	(801,3,70,'EF08CI03','Classificar equipamentos elétricos residenciais (chuveiro, ferro, lâmpadas, TV, rádio, geladeira etc.) de acordo com o tipo de transformação de energia (da energia elétrica para a térmica, luminosa, sonora e mecânica, por exemplo).'),
	(802,3,70,'EF08CI04','Calcular o consumo de eletrodomésticos a partir dos dados de potência (descritos no próprio equipamento) e tempo médio de uso para avaliar o impacto de cada equipamento no consumo doméstico mensal.'),
	(803,3,70,'EF08CI05','Propor ações coletivas para otimizar o uso de energia elétrica em sua escola e/ou comunidade, com base na seleção de equipamentos segundo critérios de sustentabilidade (consumo de energia e eficiência energética) e hábitos de consumo responsável.'),
	(804,3,70,'EF08CI06','Discutir e avaliar usinas de geração de energia elétrica (termelétricas, hidrelétricas, eólicas etc.), suas semelhanças e diferenças, seus impactos socioambientais, e como essa energia chega e é usada em sua cidade, comunidade, casa ou escola.'),
	(805,3,71,'EF08CI07','Comparar diferentes processos reprodutivos em plantas e animais em relação aos mecanismos adaptativos e evolutivos.'),
	(806,3,71,'EF08CI08','Analisar e explicar as transformações que ocorrem na puberdade considerando a atuação dos hormônios sexuais e do sistema nervoso.'),
	(807,3,71,'EF08CI09','Comparar o modo de ação e a eficácia dos diversos métodos contraceptivos e justificar a necessidade de compartilhar a responsabilidade na escolha e na utilização do método mais adequado à prevenção da gravidez precoce e indesejada e de Doenças Sexualmente Transmissíveis (DST).'),
	(808,3,71,'EF08CI10','Identificar os principais sintomas, modos de transmissão e tratamento de algumas DST (com ênfase na AIDS), e discutir estratégias e métodos de prevenção.'),
	(809,3,71,'EF08CI11','Selecionar argumentos que evidenciem as múltiplas dimensões da sexualidade humana (biológica, sociocultural, afetiva e ética).'),
	(810,3,72,'EF08CI12','Justificar, por meio da construção de modelos e da observação da Lua no céu, a ocorrência das fases da Lua e dos eclipses, com base nas posições relativas entre Sol, Terra e Lua.'),
	(811,3,72,'EF08CI13','Representar os movimentos de rotação e translação da Terra e analisar o papel da inclinação do eixo de rotação da Terra em relação à sua órbita na ocorrência das estações do ano, com a utilização de modelos tridimensionais.'),
	(812,3,72,'EF08CI14','Relacionar climas regionais aos padrões de circulação atmosférica e oceânica e ao aquecimento desigual causado pela forma e pelos movimentos da Terra.'),
	(813,3,72,'EF08CI15','Identificar as principais variáveis envolvidas na previsão do tempo e simular situações nas quais elas possam ser medidas.'),
	(814,3,72,'EF08CI16','Discutir iniciativas que contribuam para restabelecer o equilíbrio ambiental a partir da identificação de alterações climáticas regionais e globais provocadas pela intervenção humana.'),
	(815,3,109,'EF08ER01','Discutir como as crenças e convicções podem influenciar escolhas e atitudes pessoais e coletivas.'),
	(816,3,109,'EF08ER02','Analisar filosofias de vida, manifestações e tradições religiosas destacando seus princípios éticos.'),
	(817,3,109,'EF08ER03','Analisar doutrinas das diferentes tradições religiosas e suas concepções de mundo, vida e morte.'),
	(818,3,109,'EF08ER04','Discutir como filosofias de vida, tradições e instituições religiosas podem influenciar diferentes campos da esfera pública (política, saúde, educação, economia).'),
	(819,3,109,'EF08ER05','Debater sobre as possibilidades e os limites da interferência das tradições religiosas na esfera pública.'),
	(820,3,109,'EF08ER06','Analisar práticas, projetos e políticas públicas que contribuem para a promoção da liberdade de pensamento, crenças e convicções.'),
	(821,3,109,'EF08ER07','Analisar as formas de uso das mídias e tecnologias pelas diferentes denominações religiosas.'),
	(822,3,73,'EF08GE01','Descrever as rotas de dispersão da população humana pelo planeta e os principais fluxos migratórios em diferentes períodos da história, discutindo os fatores históricos e condicionantes físico-naturais associados à distribuição da população humana pelos continentes.'),
	(823,3,73,'EF08GE02','Relacionar fatos e situações representativas da história das famílias do Município em que se localiza a escola, considerando a diversidade e os fluxos migratórios da população mundial.'),
	(824,3,73,'EF08GE03','Analisar aspectos representativos da dinâmica demográfica, considerando características da população (perfil etário, crescimento vegetativo e mobilidade espacial).'),
	(825,3,73,'EF08GE04','Compreender os fluxos de migração na América Latina (movimentos voluntários e forçados, assim como fatores e áreas de expulsão e atração) e as principais políticas migratórias da região.'),
	(826,3,74,'EF08GE05','Aplicar os conceitos de Estado, nação, território, governo e país para o entendimento de conflitos e tensões na contemporaneidade, com destaque para as situações geopolíticas na América e na África e suas múltiplas regionalizações a partir do pós-guerra.'),
	(827,3,74,'EF08GE06','Analisar a atuação das organizações mundiais nos processos de integração cultural e econômica nos contextos americano e africano, reconhecendo, em seus lugares de vivência, marcas desses processos.'),
	(828,3,74,'EF08GE07','Analisar os impactos geoeconômicos, geoestratégicos e geopolíticos da ascensão dos Estados Unidos da América no cenário internacional em sua posição de liderança global e na relação com a China e o Brasil.'),
	(829,3,74,'EF08GE08','Analisar a situação do Brasil e de outros países da América Latina e da África, assim como da potência estadunidense na ordem mundial do pós-guerra.'),
	(830,3,74,'EF08GE09','Analisar os padrões econômicos mundiais de produção, distribuição e intercâmbio dos produtos agrícolas e industrializados, tendo como referência os Estados Unidos da América e os países denominados de Brics (Brasil, Rússia, Índia, China e África do Sul).'),
	(831,3,74,'EF08GE10','Distinguir e analisar conflitos e ações dos movimentos sociais brasileiros, no campo e na cidade, comparando com outros movimentos sociais existentes nos países latino-americanos.'),
	(832,3,74,'EF08GE11','Analisar áreas de conflito e tensões nas regiões de fronteira do continente latino-americano e o papel de organismos internacionais e regionais de cooperação nesses cenários.'),
	(833,3,74,'EF08GE12','Compreender os objetivos e analisar a importância dos organismos de integração do território americano (Mercosul, OEA, OEI, Nafta, Unasul, Alba, Comunidade Andina, Aladi, entre outros).'),
	(834,3,75,'EF08GE13','Analisar a influência do desenvolvimento científico e tecnológico na caracterização dos tipos de trabalho e na economia dos espaços urbanos e rurais da América e da África.'),
	(835,3,75,'EF08GE14','Analisar os processos de desconcentração, descentralização e recentralização das atividades econômicas a partir do capital estadunidense e chinês em diferentes regiões no mundo, com destaque para o Brasil.'),
	(836,3,75,'EF08GE15','Analisar a importância dos principais recursos hídricos da America Latina (Aquífero Guarani, Bacias do rio da Prata, do Amazonas e do Orinoco, sistemas de nuvens na Amazônia e nos Andes, entre outros) e discutir os desafios relacionados à gestão e comercialização da água.'),
	(837,3,75,'EF08GE16','Analisar as principais problemáticas comuns às grandes cidades latino-americanas, particularmente aquelas relacionadas à distribuição, estrutura e dinâmica da população e às condições de vida e trabalho.'),
	(838,3,75,'EF08GE17','Analisar a segregação socioespacial em ambientes urbanos da América Latina, com atenção especial ao estudo de favelas, alagados e zona de riscos.'),
	(839,3,76,'EF08GE18','Elaborar mapas ou outras formas de representação cartográfica para analisar as redes e as dinâmicas urbanas e rurais, ordenamento territorial, contextos culturais, modo de vida e usos e ocupação de solos da África e América.'),
	(840,3,76,'EF08GE19','Interpretar cartogramas, mapas esquemáticos (croquis) e anamorfoses geográficas com informações geográficas acerca da África e América.'),
	(841,3,77,'EF08GE20','Analisar características de países e grupos de países da América e da África no que se refere aos aspectos populacionais, urbanos, políticos e econômicos, e discutir as desigualdades sociais e econômicas e as pressões sobre a natureza e suas riquezas (sua apropriação e valoração na produção e circulação), o que resulta na espoliação desses povos.'),
	(842,3,77,'EF08GE21','Analisar o papel ambiental e territorial da Antártica no contexto geopolítico, sua relevância para os países da América do Sul e seu valor como área destinada à pesquisa e à compreensão do ambiente global.'),
	(843,3,77,'EF08GE22','Identificar os principais recursos naturais dos países da América Latina, analisando seu uso para a produção de matéria-prima e energia e sua relevância para a cooperação entre os países do Mercosul.'),
	(844,3,77,'EF08GE23','Identificar paisagens da América Latina e associá-las, por meio da cartografia, aos diferentes povos da região, com base em aspectos da geomorfologia, da biogeografia e da climatologia.'),
	(845,3,77,'EF08GE24','Analisar as principais características produtivas dos países latino-americanos (como exploração mineral na Venezuela; agricultura de alta especialização e exploração mineira no Chile; circuito da carne nos pampas argentinos e no Brasil; circuito da cana-de-açúcar em Cuba; polígono industrial do sudeste brasileiro e plantações de soja no centro-oeste; maquiladoras mexicanas, entre outros).'),
	(846,3,99,'EF08HI01','Identificar os principais aspectos conceituais do iluminismo e do liberalismo e discutir a relação entre eles e a organização do mundo contemporâneo.'),
	(847,3,99,'EF08HI02','Identificar as particularidades político-sociais da Inglaterra do século XVII e analisar os desdobramentos posteriores à Revolução Gloriosa.'),
	(848,3,99,'EF08HI03','Analisar os impactos da Revolução Industrial na produção e circulação de povos, produtos e culturas.'),
	(849,3,99,'EF08HI04','Identificar e relacionar os processos da Revolução Francesa e seus desdobramentos na Europa e no mundo.'),
	(850,3,99,'EF08HI05','Explicar os movimentos e as rebeliões da América portuguesa, articulando as temáticas locais e suas interfaces com processos ocorridos na Europa e nas Américas.'),
	(851,3,100,'EF08HI06','Aplicar os conceitos de Estado, nação, território, governo e país para o entendimento de conflitos e tensões.'),
	(852,3,100,'EF08HI07','Identificar e contextualizar as especificidades dos diversos processos de independência nas Américas, seus aspectos populacionais e suas conformações territoriais.'),
	(853,3,100,'EF08HI08','Conhecer o ideário dos líderes dos movimentos independentistas e seu papel nas revoluções que levaram à independência das colônias hispano-americanas.'),
	(854,3,100,'EF08HI09','Conhecer as características e os principais pensadores do Pan-americanismo.'),
	(855,3,100,'EF08HI10','Identificar a Revolução de São Domingo como evento singular e desdobramento da Revolução Francesa e avaliar suas implicações.'),
	(856,3,100,'EF08HI11','Identificar e explicar os protagonismos e a atuação de diferentes grupos sociais e étnicos nas lutas de independência no Brasil, na América espanhola e no Haiti.'),
	(857,3,100,'EF08HI12','Caracterizar a organização política e social no Brasil desde a chegada da Corte portuguesa, em 1808, até 1822 e seus desdobramentos para a história política brasileira.'),
	(858,3,100,'EF08HI13','Analisar o processo de independência em diferentes países latino-americanos e comparar as formas de governo neles adotadas.'),
	(859,3,100,'EF08HI14','Discutir a noção da tutela dos grupos indígenas e a participação dos negros na sociedade brasileira do final do período colonial, identificando permanências na forma de preconceitos, estereótipos e violências sobre as populações indígenas e negras no Brasil e nas Américas.'),
	(860,3,101,'EF08HI15','Identificar e analisar o equilíbrio das forças e os sujeitos envolvidos nas disputas políticas durante o Primeiro e o Segundo Reinado.'),
	(861,3,101,'EF08HI16','Identificar, comparar e analisar a diversidade política, social e regional nas rebeliões e nos movimentos contestatórios ao poder centralizado.'),
	(862,3,101,'EF08HI17','Relacionar as transformações territoriais, em razão de questões de fronteiras, com as tensões e conflitos durante o Império.'),
	(863,3,101,'EF08HI18','Identificar as questões internas e externas sobre a atuação do Brasil na Guerra do Paraguai e discutir diferentes versões sobre o conflito.'),
	(864,3,101,'EF08HI19','Formular questionamentos sobre o legado da escravidão nas Américas, com base na seleção e consulta de fontes de diferentes naturezas.'),
	(865,3,101,'EF08HI20','Identificar e relacionar aspectos das estruturas sociais da atualidade com os legados da escravidão no Brasil e discutir a importância de ações afirmativas.'),
	(866,3,101,'EF08HI21','Identificar e analisar as políticas oficiais com relação ao indígena durante o Império.'),
	(867,3,101,'EF08HI22','Discutir o papel das culturas letradas, não letradas e das artes na produção das identidades no Brasil do século XIX.'),
	(868,3,102,'EF08HI23','Estabelecer relações causais entre as ideologias raciais e o determinismo no contexto do imperialismo europeu e seus impactos na África e na Ásia.'),
	(869,3,102,'EF08HI24','Reconhecer os principais produtos, utilizados pelos europeus, procedentes do continente africano durante o imperialismo e analisar os impactos sobre as comunidades locais na forma de organização e exploração econômica.'),
	(870,3,102,'EF08HI25','Caracterizar e contextualizar aspectos das relações entre os Estados Unidos da América e a América Latina no século XIX.'),
	(871,3,102,'EF08HI26','Identificar e contextualizar o protagonismo das populações locais na resistência ao imperialismo na África e Ásia.'),
	(872,3,102,'EF08HI27','Identificar as tensões e os significados dos discursos civilizatórios, avaliando seus impactos negativos para os povos indígenas originários e as populações negras nas Américas.'),
	(873,3,44,'EF08LI01','Fazer uso da língua inglesa para resolver mal-entendidos, emitir opiniões e esclarecer informações por meio de paráfrases ou justificativas.'),
	(874,3,44,'EF08LI02','Explorar o uso de recursos linguísticos (frases incompletas, hesitações, entre outros) e paralinguísticos (gestos, expressões faciais, entre outros) em situações de interação oral.'),
	(875,3,45,'EF08LI03','Construir o sentido global de textos orais, relacionando suas partes, o assunto principal e informações relevantes.'),
	(876,3,46,'EF08LI04','Utilizar recursos e repertório linguísticos apropriados para informar/comunicar/falar do futuro: planos, previsões, possibilidades e probabilidades.'),
	(877,3,47,'EF08LI05','Inferir informações e relações que não aparecem de modo explícito no texto para construção de sentidos.'),
	(878,3,59,'EF08LI06','Apreciar textos narrativos em língua inglesa (contos, romances, entre outros, em versão original ou simplificada), como forma de valorizar o patrimônio cultural produzido em língua inglesa.'),
	(879,3,59,'EF08LI07','Explorar ambientes virtuais e/ou aplicativos para acessar e usufruir do patrimônio artístico literário em língua inglesa.'),
	(880,3,60,'EF08LI08','Analisar, criticamente, o conteúdo de textos, comparando diferentes perspectivas apresentadas sobre um mesmo assunto.'),
	(881,3,61,'EF08LI09','Avaliar a própria produção escrita e a de colegas, com base no contexto de comunicação (finalidade e adequação ao público, conteúdo a ser comunicado, organização textual, legibilidade, estrutura de frases).'),
	(882,3,61,'EF08LI10','Reconstruir o texto, com cortes, acréscimos, reformulações e correções, para aprimoramento, edição e publicação final.'),
	(883,3,51,'EF08LI11','Produzir textos (comentários em fóruns, relatos pessoais, mensagens instantâneas, tweets, reportagens, histórias de ficção, blogues, entre outros), com o uso de estratégias de escrita (planejamento, produção de rascunho, revisão e edição final), apontando sonhos e projetos para o futuro (pessoal, da família, da comunidade ou do planeta).'),
	(884,3,52,'EF08LI12','Construir repertório lexical relativo a planos, previsões e expectativas para o futuro.'),
	(885,3,52,'EF08LI13','Reconhecer sufixos e prefixos comuns utilizados na formação de palavras em língua inglesa.'),
	(886,3,53,'EF08LI14','Utilizar formas verbais do futuro para descrever planos e expectativas e fazer previsões.'),
	(887,3,53,'EF08LI15','Utilizar, de modo inteligível, as formas comparativas e superlativas de adjetivos para comparar qualidades e quantidades.'),
	(888,3,53,'EF08LI16','Utilizar, de modo inteligível, corretamente, some, any, many, much.'),
	(889,3,53,'EF08LI17','Empregar, de modo inteligível, os pronomes relativos (who, which, that, whose) para construir períodos compostos por subordinação.'),
	(890,3,62,'EF08LI18','Construir repertório cultural por meio do contato com manifestações artístico-culturais vinculadas à língua inglesa (artes plásticas e visuais, literatura, música, cinema, dança, festividades, entre outros), valorizando a diversidade entre culturas.'),
	(891,3,58,'EF08LI19','Investigar de que forma expressões, gestos e comportamentos são interpretados em função de aspectos culturais.'),
	(892,3,58,'EF08LI20','Examinar fatores que podem impedir o entendimento entre pessoas de culturas diferentes que falam a língua inglesa.'),
	(893,3,31,'EF08LP01','Identificar e comparar as várias editorias de jornais impressos e digitais e de sites noticiosos, de forma a refletir sobre os tipos de fato que são noticiados e comentados, as escolhas sobre o que noticiar e o que não noticiar e o destaque/enfoque dado e a fidedignidade da informação.'),
	(894,3,31,'EF08LP02','Justificar diferenças ou semelhanças no tratamento dado a uma mesma informação veiculada em textos diferentes, consultando sites e serviços de checadores de fatos.'),
	(895,3,31,'EF08LP03','Produzir artigos de opinião, tendo em vista o contexto de produção dado, a defesa de um ponto de vista, utilizando argumentos e contra-argumentos e articuladores de coesão que marquem relações de oposição, contraste, exemplificação, ênfase.'),
	(896,3,26,'EF08LP04','Utilizar, ao produzir texto, conhecimentos linguísticos e gramaticais: ortografia, regências e concordâncias nominal e verbal, modos e tempos verbais, pontuação etc.'),
	(897,3,26,'EF08LP05','Analisar processos de formação de palavras por composição (aglutinação e justaposição), apropriando-se de regras básicas de uso do hífen em palavras compostas.'),
	(898,3,26,'EF08LP06','Identificar, em textos lidos ou de produção própria, os termos constitutivos da oração (sujeito e seus modificadores, verbo e seus complementos e modificadores).'),
	(899,3,26,'EF08LP07','Diferenciar, em textos lidos ou de produção própria, complementos diretos e indiretos de verbos transitivos, apropriando-se da regência de verbos de uso frequente.'),
	(900,3,26,'EF08LP08','Identificar, em textos lidos ou de produção própria, verbos na voz ativa e na voz passiva, interpretando os efeitos de sentido de sujeito ativo e passivo (agente da passiva).'),
	(901,3,26,'EF08LP09','Interpretar efeitos de sentido de modificadores (adjuntos adnominais ? artigos definido ou indefinido, adjetivos, expressões adjetivas) em substantivos com função de sujeito ou de complemento verbal, usando-os para enriquecer seus próprios textos.'),
	(902,3,26,'EF08LP10','Interpretar, em textos lidos ou de produção própria, efeitos de sentido de modificadores do verbo (adjuntos adverbiais ? advérbios e expressões adverbiais), usando-os para enriquecer seus próprios textos.'),
	(903,3,26,'EF08LP11','Identificar, em textos lidos ou de produção própria, agrupamento de orações em períodos, diferenciando coordenação de subordinação.'),
	(904,3,26,'EF08LP12','Identificar, em textos lidos, orações subordinadas com conjunções de uso frequente, incorporando-as às suas próprias produções.'),
	(905,3,26,'EF08LP13','Inferir efeitos de sentido decorrentes do uso de recursos de coesão sequencial: conjunções e articuladores textuais.'),
	(906,3,26,'EF08LP14','Utilizar, ao produzir texto, recursos de coesão sequencial (articuladores) e referencial (léxica e pronominal), construções passivas e impessoais, discurso direto e indireto e outros recursos expressivos adequados ao gênero textual.'),
	(907,3,26,'EF08LP15','Estabelecer relações entre partes do texto, identificando o antecedente de um pronome relativo ou o referente comum de uma cadeia de substituições lexicais.'),
	(908,3,26,'EF08LP16','Explicar os efeitos de sentido do uso, em textos, de estratégias de modalização e argumentatividade (sinais de pontuação, adjetivos, substantivos, expressões de grau, verbos e perífrases verbais, advérbios etc.).'),
	(909,3,65,'EF08MA01','Efetuar cálculos com potências de expoentes inteiros e aplicar esse conhecimento na representação de números em notação científica.'),
	(910,3,65,'EF08MA02','Resolver e elaborar problemas usando a relação entre potenciação e radiciação, para representar uma raiz como potência de expoente fracionário.'),
	(911,3,65,'EF08MA03','Resolver e elaborar problemas de contagem cuja resolução envolva a aplicação do princípio multiplicativo.'),
	(912,3,65,'EF08MA04','Resolver e elaborar problemas, envolvendo cálculo de porcentagens, incluindo o uso de tecnologias digitais.'),
	(913,3,65,'EF08MA05','Reconhecer e utilizar procedimentos para a obtenção de uma fração geratriz para uma dízima periódica.'),
	(914,3,66,'EF08MA06','Resolver e elaborar problemas que envolvam cálculo do valor numérico de expressões algébricas, utilizando as propriedades das operações.'),
	(915,3,66,'EF08MA07','Associar uma equação linear de 1º grau com duas incógnitas a uma reta no plano cartesiano.'),
	(916,3,66,'EF08MA08','Resolver e elaborar problemas relacionados ao seu contexto próximo, que possam ser representados por sistemas de equações de 1º grau com duas incógnitas e interpretá-los, utilizando, inclusive, o plano cartesiano como recurso.'),
	(917,3,66,'EF08MA09','Resolver e elaborar, com e sem uso de tecnologias, problemas que possam ser representados por equações polinomiais de 2º grau do tipo ax2 = b.'),
	(918,3,66,'EF08MA10','Identificar a regularidade de uma sequência numérica ou figural não recursiva e construir um algoritmo por meio de um fluxograma que permita indicar os números ou as figuras seguintes.'),
	(919,3,66,'EF08MA11','Identificar a regularidade de uma sequência numérica recursiva e construir um algoritmo por meio de um fluxograma que permita indicar os números seguintes.'),
	(920,3,66,'EF08MA12','Identificar a natureza da variação de duas grandezas, diretamente, inversamente proporcionais ou não proporcionais, expressando a relação existente por meio de sentença algébrica e representá-la no plano cartesiano.'),
	(921,3,66,'EF08MA13','Resolver e elaborar problemas que envolvam grandezas diretamente ou inversamente proporcionais, por meio de estratégias variadas.'),
	(922,3,67,'EF08MA14','Demonstrar propriedades de quadriláteros por meio da identificação da congruência de triângulos.'),
	(923,3,67,'EF08MA15','Construir, utilizando instrumentos de desenho ou softwares de geometria dinâmica, mediatriz, bissetriz, ângulos de 90°, 60°, 45° e 30° e polígonos regulares.'),
	(924,3,67,'EF08MA16','Descrever, por escrito e por meio de um fluxograma, um algoritmo para a construção de um hexágono regular de qualquer área, a partir da medida do ângulo central e da utilização de esquadros e compasso.'),
	(925,3,67,'EF08MA17','Aplicar os conceitos de mediatriz e bissetriz como lugares geométricos na resolução de problemas.'),
	(926,3,67,'EF08MA18','Reconhecer e construir figuras obtidas por composições de transformações geométricas (translação, reflexão e rotação), com o uso de instrumentos de desenho ou de softwares de geometria dinâmica.'),
	(927,3,68,'EF08MA19','Resolver e elaborar problemas que envolvam medidas de área de figuras geométricas, utilizando expressões de cálculo de área (quadriláteros, triângulos e círculos), em situações como determinar medida de terrenos.'),
	(928,3,68,'EF08MA20','Reconhecer a relação entre um litro e um decímetro cúbico e a relação entre litro e metro cúbico, para resolver problemas de cálculo de capacidade de recipientes.'),
	(929,3,68,'EF08MA21','Resolver e elaborar problemas que envolvam o cálculo do volume de recipiente cujo formato é o de um bloco retangular.'),
	(930,3,69,'EF08MA22','Calcular a probabilidade de eventos, com base na construção do espaço amostral, utilizando o princípio multiplicativo, e reconhecer que a soma das probabilidades de todos os elementos do espaço amostral é igual a 1.'),
	(931,3,69,'EF08MA23','Avaliar a adequação de diferentes tipos de gráficos para representar um conjunto de dados de uma pesquisa.'),
	(932,3,69,'EF08MA24','Classificar as frequências de uma variável contínua de uma pesquisa em classes, de modo que resumam os dados de maneira adequada para a tomada de decisões.'),
	(933,3,69,'EF08MA25','Obter os valores de medidas de tendência central de uma pesquisa estatística (média, moda e mediana) com a compreensão de seus significados e relacioná-los com a dispersão de dados, indicada pela amplitude.'),
	(934,3,69,'EF08MA26','Selecionar razões, de diferentes naturezas (física, ética ou econômica), que justificam a realização de pesquisas amostrais e não censitárias, e reconhecer que a seleção da amostra pode ser feita de diferentes maneiras (amostra casual simples, sistemática e estratificada).'),
	(935,3,69,'EF08MA27','Planejar e executar pesquisa amostral, selecionando uma técnica de amostragem adequada, e escrever relatório que contenha os gráficos apropriados para representar os conjuntos de dados, destacando aspectos como as medidas de tendência central, a amplitude e as conclusões.'),
	(936,3,70,'EF09CI01','Investigar as mudanças de estado físico da matéria e explicar essas transformações com base no modelo de constituição submicroscópica.'),
	(937,3,70,'EF09CI02','Comparar quantidades de reagentes e produtos envolvidos em transformações químicas, estabelecendo a proporção entre as suas massas.'),
	(938,3,70,'EF09CI03','Identificar modelos que descrevem a estrutura da matéria (constituição do átomo e composição de moléculas simples) e reconhecer sua evolução histórica.'),
	(939,3,70,'EF09CI04','Planejar e executar experimentos que evidenciem que todas as cores de luz podem ser formadas pela composição das três cores primárias da luz e que a cor de um objeto está relacionada também à cor da luz que o ilumina.'),
	(940,3,70,'EF09CI05','Investigar os principais mecanismos envolvidos na transmissão e recepção de imagem e som que revolucionaram os sistemas de comunicação humana.'),
	(941,3,70,'EF09CI06','Classificar as radiações eletromagnéticas por suas frequências, fontes e aplicações, discutindo e avaliando as implicações de seu uso em controle remoto, telefone celular, raio X, forno de micro-ondas, fotocélulas etc.'),
	(942,3,70,'EF09CI07','Discutir o papel do avanço tecnológico na aplicação das radiações na medicina diagnóstica (raio X, ultrassom, ressonância nuclear magnética) e no tratamento de doenças (radioterapia, cirurgia ótica a laser, infravermelho, ultravioleta etc.).'),
	(943,3,71,'EF09CI08','Associar os gametas à transmissão das características hereditárias, estabelecendo relações entre ancestrais e descendentes.'),
	(944,3,71,'EF09CI09','Discutir as ideias de Mendel sobre hereditariedade (fatores hereditários, segregação, gametas, fecundação), considerando-as para resolver problemas envolvendo a transmissão de características hereditárias em diferentes organismos.'),
	(945,3,71,'EF09CI10','Comparar as ideias evolucionistas de Lamarck e Darwin apresentadas em textos científicos e históricos, identificando semelhanças e diferenças entre essas ideias e sua importância para explicar a diversidade biológica.'),
	(946,3,71,'EF09CI11','Discutir a evolução e a diversidade das espécies com base na atuação da seleção natural sobre as variantes de uma mesma espécie, resultantes de processo reprodutivo.'),
	(947,3,71,'EF09CI12','Justificar a importância das unidades de conservação para a preservação da biodiversidade e do patrimônio nacional, considerando os diferentes tipos de unidades (parques, reservas e florestas nacionais), as populações humanas e as atividades a eles relacionados.'),
	(948,3,71,'EF09CI13','Propor iniciativas individuais e coletivas para a solução de problemas ambientais da cidade ou da comunidade, com base na análise de ações de consumo consciente e de sustentabilidade bem-sucedidas.'),
	(949,3,72,'EF09CI14','Descrever a composição e a estrutura do Sistema Solar (Sol, planetas rochosos, planetas gigantes gasosos e corpos menores), assim como a localização do Sistema Solar na nossa Galáxia (a Via Láctea) e dela no Universo (apenas uma galáxia dentre bilhões).'),
	(950,3,72,'EF09CI15','Relacionar diferentes leituras do céu e explicações sobre a origem da Terra, do Sol ou do Sistema Solar às necessidades de distintas culturas (agricultura, caça, mito, orientação espacial e temporal etc.).'),
	(951,3,72,'EF09CI16','Selecionar argumentos sobre a viabilidade da sobrevivência humana fora da Terra, com base nas condições necessárias à vida, nas características dos planetas e nas distâncias e nos tempos envolvidos em viagens interplanetárias e interestelares.'),
	(952,3,72,'EF09CI17','Analisar o ciclo evolutivo do Sol (nascimento, vida e morte) baseado no conhecimento das etapas de evolução de estrelas de diferentes dimensões e os efeitos desse processo no nosso planeta.'),
	(953,3,109,'EF09ER01','Analisar princípios e orientações para o cuidado da vida e nas diversas tradições religiosas e filosofias de vida.'),
	(954,3,109,'EF09ER02','Discutir as diferentes expressões de valorização e de desrespeito à vida, por meio da análise de matérias nas diferentes mídias.'),
	(955,3,109,'EF09ER03','Identificar sentidos do viver e do morrer em diferentes tradições religiosas, através do estudo de mitos fundantes.'),
	(956,3,109,'EF09ER04','Identificar concepções de vida e morte em diferentes tradições religiosas e filosofias de vida, por meio da análise de diferentes ritos fúnebres.'),
	(957,3,109,'EF09ER05','Analisar as diferentes ideias de imortalidade elaboradas pelas tradições religiosas (ancestralidade, reencarnação, transmigração e ressurreição).'),
	(958,3,109,'EF09ER06','Reconhecer a coexistência como uma atitude ética de respeito à vida e à dignidade humana.'),
	(959,3,109,'EF09ER07','Identificar princípios éticos (familiares, religiosos e culturais) que possam alicerçar a construção de projetos de vida.'),
	(960,3,109,'EF09ER08','Construir projetos de vida assentados em princípios e valores éticos.'),
	(961,3,73,'EF09GE01','Analisar criticamente de que forma a hegemonia europeia foi exercida em várias regiões do planeta, notadamente em situações de conflito, intervenções militares e/ou influência cultural em diferentes tempos e lugares.'),
	(962,3,73,'EF09GE02','Analisar a atuação das corporações internacionais e das organizações econômicas mundiais na vida da população em relação ao consumo, à cultura e à mobilidade.'),
	(963,3,73,'EF09GE03','Identificar diferentes manifestações culturais de minorias étnicas como forma de compreender a multiplicidade cultural na escala mundial, defendendo o princípio do respeito às diferenças.'),
	(964,3,73,'EF09GE04','Relacionar diferenças de paisagens aos modos de viver de diferentes povos na Europa, Ásia e Oceania, valorizando identidades e interculturalidades regionais.'),
	(965,3,74,'EF09GE05','Analisar fatos e situações para compreender a integração mundial (econômica, política e cultural), comparando as diferentes interpretações: globalização e mundialização.'),
	(966,3,74,'EF09GE06','Associar o critério de divisão do mundo em Ocidente e Oriente com o Sistema Colonial implantado pelas potências europeias.'),
	(967,3,74,'EF09GE07','Analisar os componentes físico-naturais da Eurásia e os determinantes histórico-geográficos de sua divisão em Europa e Ásia.'),
	(968,3,74,'EF09GE08','Analisar transformações territoriais, considerando o movimento de fronteiras, tensões, conflitos e múltiplas regionalidades na Europa, na Ásia e na Oceania.'),
	(969,3,74,'EF09GE09','Analisar características de países e grupos de países europeus, asiáticos e da Oceania em seus aspectos populacionais, urbanos, políticos e econômicos, e discutir suas desigualdades sociais e econômicas e pressões sobre seus ambientes físico-naturais.'),
	(970,3,75,'EF09GE10','Analisar os impactos do processo de industrialização na produção e circulação de produtos e culturas na Europa, na Ásia e na Oceania.'),
	(971,3,75,'EF09GE11','Relacionar as mudanças técnicas e científicas decorrentes do processo de industrialização com as transformações no trabalho em diferentes regiões do mundo e suas consequências no Brasil.'),
	(972,3,75,'EF09GE12','Relacionar o processo de urbanização às transformações da produção agropecuária, à expansão do desemprego estrutural e ao papel crescente do capital financeiro em diferentes países, com destaque para o Brasil.'),
	(973,3,75,'EF09GE13','Analisar a importância da produção agropecuária na sociedade urbano-industrial ante o problema da desigualdade mundial de acesso aos recursos alimentares e à matéria-prima.'),
	(974,3,76,'EF09GE14','Elaborar e interpretar gráficos de barras e de setores, mapas temáticos e esquemáticos (croquis) e anamorfoses geográficas para analisar, sintetizar e apresentar dados e informações sobre diversidade, diferenças e desigualdades sociopolíticas e geopolíticas mundiais.'),
	(975,3,76,'EF09GE15','Comparar e classificar diferentes regiões do mundo com base em informações populacionais, econômicas e socioambientais representadas em mapas temáticos e com diferentes projeções cartográficas.'),
	(976,3,77,'EF09GE16','Identificar e comparar diferentes domínios morfoclimáticos da Europa, da Ásia e da Oceania.'),
	(977,3,77,'EF09GE17','Explicar as características físico-naturais e a forma de ocupação e usos da terra em diferentes regiões da Europa, da Ásia e da Oceania.'),
	(978,3,77,'EF09GE18','Identificar e analisar as cadeias industriais e de inovação e as consequências dos usos de recursos naturais e das diferentes fontes de energia (tais como termoelétrica, hidrelétrica, eólica e nuclear) em diferentes países.'),
	(979,3,103,'EF09HI01','Descrever e contextualizar os principais aspectos sociais, culturais, econômicos e políticos da emergência da República no Brasil.'),
	(980,3,103,'EF09HI02','Caracterizar e compreender os ciclos da história republicana, identificando particularidades da história local e regional até 1954.'),
	(981,3,103,'EF09HI03','Identificar os mecanismos de inserção dos negros na sociedade brasileira pós-abolição e avaliar os seus resultados.'),
	(982,3,103,'EF09HI04','Discutir a importância da participação da população negra na formação econômica, política e social do Brasil.'),
	(983,3,103,'EF09HI05','Identificar os processos de urbanização e modernização da sociedade brasileira e avaliar suas contradições e impactos na região em que vive.'),
	(984,3,103,'EF09HI06','Identificar e discutir o papel do trabalhismo como força política, social e cultural no Brasil, em diferentes escalas (nacional, regional, cidade, comunidade).'),
	(985,3,103,'EF09HI07','Identificar e explicar, em meio a lógicas de inclusão e exclusão, as pautas dos povos indígenas, no contexto republicano (até 1964), e das populações afrodescendentes.'),
	(986,3,103,'EF09HI08','Identificar as transformações ocorridas no debate sobre as questões da diversidade no Brasil durante o século XX e compreender o significado das mudanças de abordagem em relação ao tema.'),
	(987,3,103,'EF09HI09','Relacionar as conquistas de direitos políticos, sociais e civis à atuação de movimentos sociais.'),
	(988,3,104,'EF09HI10','Identificar e relacionar as dinâmicas do capitalismo e suas crises, os grandes conflitos mundiais e os conflitos vivenciados na Europa.'),
	(989,3,104,'EF09HI11','Identificar as especificidades e os desdobramentos mundiais da Revolução Russa e seu significado histórico.'),
	(990,3,104,'EF09HI12','Analisar a crise capitalista de 1929 e seus desdobramentos em relação à economia global.'),
	(991,3,104,'EF09HI13','Descrever e contextualizar os processos da emergência do fascismo e do nazismo, a consolidação dos estados totalitários e as práticas de extermínio (como o holocausto).'),
	(992,3,104,'EF09HI14','Caracterizar e discutir as dinâmicas do colonialismo no continente africano e asiático e as lógicas de resistência das populações locais diante das questões internacionais.'),
	(993,3,104,'EF09HI15','Discutir as motivações que levaram à criação da Organização das Nações Unidas (ONU) no contexto do pós-guerra e os propósitos dessa organização.'),
	(994,3,104,'EF09HI16','Relacionar a Carta dos Direitos Humanos ao processo de afirmação dos direitos fundamentais e de defesa da dignidade humana, valorizando as instituições voltadas para a defesa desses direitos e para a identificação dos agentes responsáveis por sua violação.'),
	(995,3,105,'EF09HI17','Identificar e analisar processos sociais, econômicos, culturais e políticos do Brasil a partir de 1946.'),
	(996,3,105,'EF09HI18','Descrever e analisar as relações entre as transformações urbanas e seus impactos na cultura brasileira entre 1946 e 1964 e na produção das desigualdades regionais e sociais.'),
	(997,3,105,'EF09HI19','Identificar e compreender o processo que resultou na ditadura civil-militar no Brasil e discutir a emergência de questões relacionadas à memória e à justiça sobre os casos de violação dos direitos humanos.'),
	(998,3,105,'EF09HI20','Discutir os processos de resistência e as propostas de reorganização da sociedade brasileira durante a ditadura civil-militar.'),
	(999,3,105,'EF09HI21','Identificar e relacionar as demandas indígenas e quilombolas como forma de contestação ao modelo desenvolvimentista da ditadura.'),
	(1000,3,105,'EF09HI22','Discutir o papel da mobilização da sociedade brasileira do final do período ditatorial até a Constituição de 1988.'),
	(1001,3,105,'EF09HI23','Identificar direitos civis, políticos e sociais expressos na Constituição de 1988 e relacioná-los à noção de cidadania e ao pacto da sociedade brasileira de combate a diversas formas de preconceito, como o racismo.'),
	(1002,3,105,'EF09HI24','Analisar as transformações políticas, econômicas, sociais e culturais de 1989 aos dias atuais, identificando questões prioritárias para a promoção da cidadania e dos valores democráticos.'),
	(1003,3,105,'EF09HI25','Relacionar as transformações da sociedade brasileira aos protagonismos da sociedade civil após 1989.'),
	(1004,3,105,'EF09HI26','Discutir e analisar as causas da violência contra populações marginalizadas (negros, indígenas, mulheres, homossexuais, camponeses, pobres etc.) com vistas à tomada de consciência e à construção de uma cultura de paz, empatia e respeito às pessoas.'),
	(1005,3,105,'EF09HI27','Relacionar aspectos das mudanças econômicas, culturais e sociais ocorridas no Brasil a partir da década de 1990 ao papel do País no cenário internacional na era da globalização.'),
	(1006,3,106,'EF09HI28','Identificar e analisar aspectos da Guerra Fria, seus principais conflitos e as tensões geopolíticas no interior dos blocos liderados por soviéticos e estadunidenses.'),
	(1007,3,106,'EF09HI29','Descrever e analisar as experiências ditatoriais na América Latina, seus procedimentos e vínculos com o poder, em nível nacional e internacional, e a atuação de movimentos de contestação às ditaduras.'),
	(1008,3,106,'EF09HI30','Comparar as características dos regimes ditatoriais latino-americanos, com especial atenção para a censura política, a opressão e o uso da força, bem como para as reformas econômicas e sociais e seus impactos.'),
	(1009,3,106,'EF09HI31','Descrever e avaliar os processos de descolonização na África e na Ásia.'),
	(1010,3,106,'EF09HI32','Analisar mudanças e permanências associadas ao processo de globalização, considerando os argumentos dos movimentos críticos às políticas globais.'),
	(1011,3,106,'EF09HI33','Analisar as transformações nas relações políticas locais e globais geradas pelo desenvolvimento das tecnologias digitais de informação e comunicação.'),
	(1012,3,106,'EF09HI34','Discutir as motivações da adoção de diferentes políticas econômicas na América Latina, assim como seus impactos sociais nos países da região.'),
	(1013,3,106,'EF09HI35','Analisar os aspectos relacionados ao fenômeno do terrorismo na contemporaneidade, incluindo os movimentos migratórios e os choques entre diferentes grupos e culturas.'),
	(1014,3,106,'EF09HI36','Identificar e discutir as diversidades identitárias e seus significados históricos no início do século XXI, combatendo qualquer forma de preconceito e violência.'),
	(1015,3,44,'EF09LI01','Fazer uso da língua inglesa para expor pontos de vista, argumentos e contra-argumentos, considerando o contexto e os recursos linguísticos voltados para a eficácia da comunicação.'),
	(1016,3,45,'EF09LI02','Compilar as ideias-chave de textos por meio de tomada de notas.'),
	(1017,3,45,'EF09LI03','Analisar posicionamentos defendidos e refutados em textos orais sobre temas de interesse social e coletivo.'),
	(1018,3,46,'EF09LI04','Expor resultados de pesquisa ou estudo com o apoio de recursos, tais como notas, gráficos, tabelas, entre outros, adequando as estratégias de construção do texto oral aos objetivos de comunicação e ao contexto.'),
	(1019,3,47,'EF09LI05','Identificar recursos de persuasão (escolha e jogo de palavras, uso de cores e imagens, tamanho de letras), utilizados nos textos publicitários e de propaganda, como elementos de convencimento.'),
	(1020,3,47,'EF09LI06','Distinguir fatos de opiniões em textos argumentativos da esfera jornalística.'),
	(1021,3,47,'EF09LI07','Identificar argumentos principais e as evidências/exemplos que os sustentam.'),
	(1022,3,63,'EF09LI08','Explorar ambientes virtuais de informação e socialização, analisando a qualidade e a validade das informações veiculadas.'),
	(1023,3,60,'EF09LI09','Compartilhar, com os colegas, a leitura dos textos escritos pelo grupo, valorizando os diferentes pontos de vista defendidos, com ética e respeito.'),
	(1024,3,64,'EF09LI10','Propor potenciais argumentos para expor e defender ponto de vista em texto escrito, refletindo sobre o tema proposto e pesquisando dados, evidências e exemplos para sustentar os argumentos, organizando-os em sequência lógica.'),
	(1025,3,64,'EF09LI11','Utilizar recursos verbais e não verbais para construção da persuasão em textos da esfera publicitária, de forma adequada ao contexto de circulação (produção e compreensão).'),
	(1026,3,51,'EF09LI12','Produzir textos (infográficos, fóruns de discussão on-line, fotorreportagens, campanhas publicitárias, memes, entre outros) sobre temas de interesse coletivo local ou global, que revelem posicionamento crítico.'),
	(1027,3,52,'EF09LI13','Reconhecer, nos novos gêneros digitais (blogues, mensagens instantâneas, tweets, entre outros), novas formas de escrita (abreviação de palavras, palavras com combinação de letras e números, pictogramas, símbolos gráficos, entre outros) na constituição das mensagens.'),
	(1028,3,52,'EF09LI14','Utilizar conectores indicadores de adição, condição, oposição, contraste, conclusão e síntese como auxiliares na construção da argumentação e intencionalidade discursiva.'),
	(1029,3,53,'EF09LI15','Empregar, de modo inteligível, as formas verbais em orações condicionais dos tipos 1 e 2 (If-clauses).'),
	(1030,3,53,'EF09LI16','Empregar, de modo inteligível, os verbos should, must, have to, may e might para indicar recomendação, necessidade ou obrigação e probabilidade.'),
	(1031,3,54,'EF09LI17','Debater sobre a expansão da língua inglesa pelo mundo, em função do processo de colonização nas Américas, África, Ásia e Oceania.'),
	(1032,3,54,'EF09LI18','Analisar a importância da língua inglesa para o desenvolvimento das ciências (produção, divulgação e discussão de novos conhecimentos), da economia e da política no cenário mundial.'),
	(1033,3,58,'EF09LI19','Discutir a comunicação intercultural por meio da língua inglesa como mecanismo de valorização pessoal e de construção de identidades no mundo globalizado.'),
	(1034,3,31,'EF09LP01','Analisar o fenômeno da disseminação de notícias falsas nas redes sociais e desenvolver estratégias para reconhecê-las, a partir da verificação/avaliação do veículo, fonte, data e local da publicação, autoria, URL, da análise da formatação, da comparação de diferentes fontes, da consulta a sites de curadoria que atestam a fidedignidade do relato dos fatos e denunciam boatos etc.'),
	(1035,3,31,'EF09LP02','Analisar e comentar a cobertura da imprensa sobre fatos de relevância social, comparando diferentes enfoques por meio do uso de ferramentas de curadoria.'),
	(1036,3,31,'EF09LP03','Produzir artigos de opinião, tendo em vista o contexto de produção dado, assumindo posição diante de tema polêmico, argumentando de acordo com a estrutura própria desse tipo de texto e utilizando diferentes tipos de argumentos ? de autoridade, comprovação, exemplificação princípio etc.'),
	(1037,3,26,'EF09LP04','Escrever textos corretamente, de acordo com a norma-padrão, com estruturas sintáticas complexas no nível da oração e do período.'),
	(1038,3,26,'EF09LP05','Identificar, em textos lidos e em produções próprias, orações com a estrutura sujeito-verbo de ligação-predicativo.'),
	(1039,3,26,'EF09LP06','Diferenciar, em textos lidos e em produções próprias, o efeito de sentido do uso dos verbos de ligação ?ser?, ?estar?, ?ficar?, ?parecer? e ?permanecer?.'),
	(1040,3,26,'EF09LP07','Comparar o uso de regência verbal e regência nominal na norma-padrão com seu uso no português brasileiro coloquial oral.'),
	(1041,3,26,'EF09LP08','Identificar, em textos lidos e em produções próprias, a relação que conjunções (e locuções conjuntivas) coordenativas e subordinativas estabelecem entre as orações que conectam.'),
	(1042,3,26,'EF09LP09','Identificar efeitos de sentido do uso de orações adjetivas restritivas e explicativas em um período composto.'),
	(1043,3,26,'EF09LP10','Comparar as regras de colocação pronominal na norma-padrão com o seu uso no português brasileiro coloquial.'),
	(1044,3,26,'EF09LP11','Inferir efeitos de sentido decorrentes do uso de recursos de coesão sequencial (conjunções e articuladores textuais).'),
	(1045,3,26,'EF09LP12','Identificar estrangeirismos, caracterizando-os segundo a conservação, ou não, de sua forma gráfica de origem, avaliando a pertinência, ou não, de seu uso.'),
	(1046,3,65,'EF09MA01','Reconhecer que, uma vez fixada uma unidade de comprimento, existem segmentos de reta cujo comprimento não é expresso por número racional (como as medidas de diagonais de um polígono e alturas de um triângulo, quando se toma a medida de cada lado como unidade).'),
	(1047,3,65,'EF09MA02','Reconhecer um número irracional como um número real cuja representação decimal é infinita e não periódica, e estimar a localização de alguns deles na reta numérica.'),
	(1048,3,65,'EF09MA03','Efetuar cálculos com números reais, inclusive potências com expoentes fracionários.'),
	(1049,3,65,'EF09MA04','Resolver e elaborar problemas com números reais, inclusive em notação científica, envolvendo diferentes operações.'),
	(1050,3,65,'EF09MA05','Resolver e elaborar problemas que envolvam porcentagens, com a ideia de aplicação de percentuais sucessivos e a determinação das taxas percentuais, preferencialmente com o uso de tecnologias digitais, no contexto da educação financeira.'),
	(1051,3,66,'EF09MA06','Compreender as funções como relações de dependência unívoca entre duas variáveis e suas representações numérica, algébrica e gráfica e utilizar esse conceito para analisar situações que envolvam relações funcionais entre duas variáveis.'),
	(1052,3,66,'EF09MA07','Resolver problemas que envolvam a razão entre duas grandezas de espécies diferentes, como velocidade e densidade demográfica.'),
	(1053,3,66,'EF09MA08','Resolver e elaborar problemas que envolvam relações de proporcionalidade direta e inversa entre duas ou mais grandezas, inclusive escalas, divisão em partes proporcionais e taxa de variação, em contextos socioculturais, ambientais e de outras áreas.'),
	(1054,3,66,'EF09MA09','Compreender os processos de fatoração de expressões algébricas, com base em suas relações com os produtos notáveis, para resolver e elaborar problemas que possam ser representados por equações polinomiais do 2º grau.'),
	(1055,3,67,'EF09MA10','Demonstrar relações simples entre os ângulos formados por retas paralelas cortadas por uma transversal.'),
	(1056,3,67,'EF09MA11','Resolver problemas por meio do estabelecimento de relações entre arcos, ângulos centrais e ângulos inscritos na circunferência, fazendo uso, inclusive, de softwares de geometria dinâmica.'),
	(1057,3,67,'EF09MA12','Reconhecer as condições necessárias e suficientes para que dois triângulos sejam semelhantes.'),
	(1058,3,67,'EF09MA13','Demonstrar relações métricas do triângulo retângulo, entre elas o teorema de Pitágoras, utilizando, inclusive, a semelhança de triângulos.'),
	(1059,3,67,'EF09MA14','Resolver e elaborar problemas de aplicação do teorema de Pitágoras ou das relações de proporcionalidade envolvendo retas paralelas cortadas por secantes.'),
	(1060,3,67,'EF09MA15','Descrever, por escrito e por meio de um fluxograma, um algoritmo para a construção de um polígono regular cuja medida do lado é conhecida, utilizando régua e compasso, como também softwares.'),
	(1061,3,67,'EF09MA16','Determinar o ponto médio de um segmento de reta e a distância entre dois pontos quaisquer, dadas as coordenadas desses pontos no plano cartesiano, sem o uso de fórmulas, e utilizar esse conhecimento para calcular, por exemplo, medidas de perímetros e áreas de figuras planas construídas no plano.'),
	(1062,3,67,'EF09MA17','Reconhecer vistas ortogonais de figuras espaciais e aplicar esse conhecimento para desenhar objetos em perspectiva.'),
	(1063,3,68,'EF09MA18','Reconhecer e empregar unidades usadas para expressar medidas muito grandes ou muito pequenas, tais como distância entre planetas e sistemas solares, tamanho de vírus ou de células, capacidade de armazenamento de computadores, entre outros.'),
	(1064,3,68,'EF09MA19','Resolver e elaborar problemas que envolvam medidas de volumes de prismas e de cilindros retos, inclusive com uso de expressões de cálculo, em situações cotidianas.'),
	(1065,3,69,'EF09MA20','Reconhecer, em experimentos aleatórios, eventos independentes e dependentes e calcular a probabilidade de sua ocorrência, nos dois casos.'),
	(1066,3,69,'EF09MA21','Analisar e identificar, em gráficos divulgados pela mídia, os elementos que podem induzir, às vezes propositadamente, erros de leitura, como escalas inapropriadas, legendas não explicitadas corretamente, omissão de informações importantes (fontes e datas), entre outros.'),
	(1067,3,69,'EF09MA22','Escolher e construir o gráfico mais adequado (colunas, setores, linhas), com ou sem uso de planilhas eletrônicas, para apresentar um determinado conjunto de dados, destacando aspectos como as medidas de tendência central.'),
	(1068,3,69,'EF09MA23','Planejar e executar pesquisa amostral envolvendo tema da realidade social e comunicar os resultados por meio de relatório contendo avaliação de medidas de tendência central e da amplitude, tabelas e gráficos adequados, construídos com o apoio de planilhas eletrônicas.'),
	(1069,3,38,'EF12EF01','Experimentar, fruir e recriar diferentes brincadeiras e jogos da cultura popular presentes no contexto comunitário e regional, reconhecendo e respeitando as diferenças individuais de desempenho dos colegas.'),
	(1070,3,38,'EF12EF02','Explicar, por meio de múltiplas linguagens (corporal, visual, oral e escrita), as brincadeiras e os jogos populares do contexto comunitário e regional, reconhecendo e valorizando a importância desses jogos e brincadeiras para suas culturas de origem.'),
	(1071,3,38,'EF12EF03','Planejar e utilizar estratégias para resolver desafios de brincadeiras e jogos populares do contexto comunitário e regional, com base no reconhecimento das características dessas práticas.'),
	(1072,3,38,'EF12EF04','Colaborar na proposição e na produção de alternativas para a prática, em outros momentos e espaços, de brincadeiras e jogos e demais práticas corporais tematizadas na escola, produzindo textos (orais, escritos, audiovisuais) para divulgá-las na escola e na comunidade.'),
	(1073,3,39,'EF12EF05','Experimentar e fruir, prezando pelo trabalho coletivo e pelo protagonismo, a prática de esportes de marca e de precisão, identificando os elementos comuns a esses esportes.'),
	(1074,3,39,'EF12EF06','Discutir a importância da observação das normas e das regras dos esportes de marca e de precisão para assegurar a integridade própria e as dos demais participantes.'),
	(1075,3,40,'EF12EF07','Experimentar, fruir e identificar diferentes elementos básicos da ginástica (equilíbrios, saltos, giros, rotações, acrobacias, com e sem materiais) e da ginástica geral, de forma individual e em pequenos grupos, adotando procedimentos de segurança.'),
	(1076,3,40,'EF12EF08','Planejar e utilizar estratégias para a execução de diferentes elementos básicos da ginástica e da ginástica geral.'),
	(1077,3,40,'EF12EF09','Participar da ginástica geral, identificando as potencialidades e os limites do corpo, e respeitando as diferenças individuais e de desempenho corporal.'),
	(1078,3,40,'EF12EF10','Descrever, por meio de múltiplas linguagens (corporal, oral, escrita e audiovisual), as características dos elementos básicos da ginástica e da ginástica geral, identificando a presença desses elementos em distintas práticas corporais.'),
	(1079,3,41,'EF12EF11','Experimentar e fruir diferentes danças do contexto comunitário e regional (rodas cantadas, brincadeiras rítmicas e expressivas), e recriá-las, respeitando as diferenças individuais e de desempenho corporal.'),
	(1080,3,41,'EF12EF12','Identificar os elementos constitutivos (ritmo, espaço, gestos) das danças do contexto comunitário e regional, valorizando e respeitando as manifestações de diferentes culturas.'),
	(1081,3,26,'EF12LP01','Ler palavras novas com precisão na decodificação, no caso de palavras de uso frequente, ler globalmente, por memorização.'),
	(1082,3,26,'EF12LP02','Buscar, selecionar e ler, com a mediação do professor (leitura compartilhada), textos que circulam em meios impressos ou digitais, de acordo com as necessidades e interesses.'),
	(1083,3,26,'EF12LP03','Copiar textos breves, mantendo suas características e voltando para o texto sempre que tiver dúvidas sobre sua distribuição gráfica, espaçamento entre as palavras, escrita das palavras e pontuação.'),
	(1084,3,27,'EF12LP04','Ler e compreender, em colaboração com os colegas e com a ajuda do professor ou já com certa autonomia, listas, agendas, calendários, avisos, convites, receitas, instruções de montagem (digitais ou impressos), dentre outros gêneros do campo da vida cotidiana, considerando a situação comunicativa e o tema/assunto do texto e relacionando sua forma de organização à sua finalidade.'),
	(1085,3,27,'EF12LP05','Planejar e produzir, em colaboração com os colegas e com a ajuda do professor, (re)contagens de histórias, poemas e outros textos versificados (letras de canção, quadrinhas, cordel), poemas visuais, tiras e histórias em quadrinhos, dentre outros gêneros do campo artístico-literário, considerando a situação comunicativa e a finalidade do texto.'),
	(1086,3,27,'EF12LP06','Planejar e produzir, em colaboração com os colegas e com a ajuda do professor, recados, avisos, convites, receitas, instruções de montagem, dentre outros gêneros do campo da vida cotidiana, que possam ser repassados oralmente por meio de ferramentas digitais, em áudio ou vídeo, considerando a situação comunicativa e o tema/assunto/finalidade do texto.'),
	(1087,3,27,'EF12LP07','Identificar e (re)produzir, em cantiga, quadras, quadrinhas, parlendas, trava-línguas e canções, rimas, aliterações, assonâncias, o ritmo de fala relacionado ao ritmo e à melodia das músicas e seus efeitos de sentido.'),
	(1088,3,28,'EF12LP08','Ler e compreender, em colaboração com os colegas e com a ajuda do professor, fotolegendas em notícias, manchetes e lides em notícias, álbum de fotos digital noticioso e notícias curtas para público infantil, dentre outros gêneros do campo jornalístico, considerando a situação comunicativa e o tema/assunto do texto.'),
	(1089,3,28,'EF12LP09','Ler e compreender, em colaboração com os colegas e com a ajuda do professor, slogans, anúncios publicitários e textos de campanhas de conscientização destinados ao público infantil, dentre outros gêneros do campo publicitário, considerando a situação comunicativa e o tema/assunto do texto.'),
	(1090,3,28,'EF12LP10','Ler e compreender, em colaboração com os colegas e com a ajuda do professor, cartazes, avisos, folhetos, regras e regulamentos que organizam a vida na comunidade escolar, dentre outros gêneros do campo da atuação cidadã, considerando a situação comunicativa e o tema/assunto do texto.'),
	(1091,3,28,'EF12LP11','Escrever, em colaboração com os colegas e com a ajuda do professor, fotolegendas em notícias, manchetes e lides em notícias, álbum de fotos digital noticioso e notícias curtas para público infantil, digitais ou impressos, dentre outros gêneros do campo jornalístico, considerando a situação comunicativa e o tema/assunto do texto.'),
	(1092,3,28,'EF12LP12','Escrever, em colaboração com os colegas e com a ajuda do professor, slogans, anúncios publicitários e textos de campanhas de conscientização destinados ao público infantil, dentre outros gêneros do campo publicitário, considerando a situação comunicativa e o tema/ assunto/finalidade do texto.'),
	(1093,3,28,'EF12LP13','Planejar, em colaboração com os colegas e com a ajuda do professor, slogans e peça de campanha de conscientização destinada ao público infantil que possam ser repassados oralmente por meio de ferramentas digitais, em áudio ou vídeo, considerando a situação comunicativa e o tema/assunto/finalidade do texto.'),
	(1094,3,28,'EF12LP14','Identificar e reproduzir, em fotolegendas de notícias, álbum de fotos digital noticioso, cartas de leitor (revista infantil), digitais ou impressos, a formatação e diagramação específica de cada um desses gêneros, inclusive em suas versões orais.'),
	(1095,3,28,'EF12LP15','Identificar a forma de composição de slogans publicitários.'),
	(1096,3,28,'EF12LP16','Identificar e reproduzir, em anúncios publicitários e textos de campanhas de conscientização destinados ao público infantil (orais e escritos, digitais ou impressos), a formatação e diagramação específica de cada um desses gêneros, inclusive o uso de imagens.'),
	(1097,3,29,'EF12LP17','Ler e compreender, em colaboração com os colegas e com a ajuda do professor, enunciados de tarefas escolares, diagramas, curiosidades, pequenos relatos de experimentos, entrevistas, verbetes de enciclopédia infantil, entre outros gêneros do campo investigativo, considerando a situação comunicativa e o tema/assunto do texto.'),
	(1098,3,30,'EF12LP18','Apreciar poemas e outros textos versificados, observando rimas, sonoridades, jogos de palavras, reconhecendo seu pertencimento ao mundo imaginário e sua dimensão de encantamento, jogo e fruição.'),
	(1099,3,30,'EF12LP19','Reconhecer, em textos versificados, rimas, sonoridades, jogos de palavras, palavras, expressões, comparações, relacionando-as com sensações e associações.'),
	(1100,3,33,'EF15AR01','Identificar e apreciar formas distintas das artes visuais tradicionais e contemporâneas, cultivando a percepção, o imaginário, a capacidade de simbolizar e o repertório imagético.'),
	(1101,3,33,'EF15AR02','Explorar e reconhecer elementos constitutivos das artes visuais (ponto, linha, forma, cor, espaço, movimento etc.).'),
	(1102,3,33,'EF15AR03','Reconhecer e analisar a influência de distintas matrizes estéticas e culturais das artes visuais nas manifestações artísticas das culturas locais, regionais e nacionais.'),
	(1103,3,33,'EF15AR04','Experimentar diferentes formas de expressão artística (desenho, pintura, colagem, quadrinhos, dobradura, escultura, modelagem, instalação, vídeo, fotografia etc.), fazendo uso sustentável de materiais, instrumentos, recursos e técnicas convencionais e não convencionais.'),
	(1104,3,33,'EF15AR05','Experimentar a criação em artes visuais de modo individual, coletivo e colaborativo, explorando diferentes espaços da escola e da comunidade.'),
	(1105,3,33,'EF15AR06','Dialogar sobre a sua criação e as dos colegas, para alcançar sentidos plurais.'),
	(1106,3,33,'EF15AR07','Reconhecer algumas categorias do sistema das artes visuais (museus, galerias, instituições, artistas, artesãos, curadores etc.).'),
	(1107,3,34,'EF15AR08','Experimentar e apreciar formas distintas de manifestações da dança presentes em diferentes contextos, cultivando a percepção, o imaginário, a capacidade de simbolizar e o repertório corporal.'),
	(1108,3,34,'EF15AR09','Estabelecer relações entre as partes do corpo e destas com o todo corporal na construção do movimento dançado.'),
	(1109,3,34,'EF15AR10','Experimentar diferentes formas de orientação no espaço (deslocamentos, planos, direções, caminhos etc.) e ritmos de movimento (lento, moderado e rápido) na construção do movimento dançado.'),
	(1110,3,34,'EF15AR11','Criar e improvisar movimentos dançados de modo individual, coletivo e colaborativo, considerando os aspectos estruturais, dinâmicos e expressivos dos elementos constitutivos do movimento, com base nos códigos de dança.'),
	(1111,3,34,'EF15AR12','Discutir, com respeito e sem preconceito, as experiências pessoais e coletivas em dança vivenciadas na escola, como fonte para a construção de vocabulários e repertórios próprios.'),
	(1112,3,35,'EF15AR13','Identificar e apreciar criticamente diversas formas e gêneros de expressão musical, reconhecendo e analisando os usos e as funções da música em diversos contextos de circulação, em especial, aqueles da vida cotidiana.'),
	(1113,3,35,'EF15AR14','Perceber e explorar os elementos constitutivos da música (altura, intensidade, timbre, melodia, ritmo etc.), por meio de jogos, brincadeiras, canções e práticas diversas de composição/criação, execução e apreciação musical.'),
	(1114,3,35,'EF15AR15','Explorar fontes sonoras diversas, como as existentes no próprio corpo (palmas, voz, percussão corporal), na natureza e em objetos cotidianos, reconhecendo os elementos constitutivos da música e as características de instrumentos musicais variados.'),
	(1115,3,35,'EF15AR16','Explorar diferentes formas de registro musical não convencional (representação gráfica de sons, partituras criativas etc.), bem como procedimentos e técnicas de registro em áudio e audiovisual, e reconhecer a notação musical convencional.'),
	(1116,3,35,'EF15AR17','Experimentar improvisações, composições e sonorização de histórias, entre outros, utilizando vozes, sons corporais e/ou instrumentos musicais convencionais ou não convencionais, de modo individual, coletivo e colaborativo.'),
	(1117,3,36,'EF15AR18','Reconhecer e apreciar formas distintas de manifestações do teatro presentes em diferentes contextos, aprendendo a ver e a ouvir histórias dramatizadas e cultivando a percepção, o imaginário, a capacidade de simbolizar e o repertório ficcional.'),
	(1118,3,36,'EF15AR19','Descobrir teatralidades na vida cotidiana, identificando elementos teatrais (variadas entonações de voz, diferentes fisicalidades, diversidade de personagens e narrativas etc.).'),
	(1119,3,36,'EF15AR20','Experimentar o trabalho colaborativo, coletivo e autoral em improvisações teatrais e processos narrativos criativos em teatro, explorando desde a teatralidade dos gestos e das ações do cotidiano até elementos de diferentes matrizes estéticas e culturais.'),
	(1120,3,36,'EF15AR21','Exercitar a imitação e o faz de conta, ressignificando objetos e fatos e experimentando-se no lugar do outro, ao compor e encenar acontecimentos cênicos, por meio de músicas, imagens, textos ou outros pontos de partida, de forma intencional e reflexiva.'),
	(1121,3,36,'EF15AR22','Experimentar possibilidades criativas de movimento e de voz na criação de um personagem teatral, discutindo estereótipos.'),
	(1122,3,37,'EF15AR23','Reconhecer e experimentar, em projetos temáticos, as relações processuais entre diversas linguagens artísticas.'),
	(1123,3,37,'EF15AR24','Caracterizar e experimentar brinquedos, brincadeiras, jogos, danças, canções e histórias de diferentes matrizes estéticas e culturais.'),
	(1124,3,37,'EF15AR25','Conhecer e valorizar o patrimônio cultural, material e imaterial, de culturas diversas, em especial a brasileira, incluindo-se suas matrizes indígenas, africanas e europeias, de diferentes épocas, favorecendo a construção de vocabulário e repertório relativos às diferentes linguagens artísticas.'),
	(1125,3,37,'EF15AR26','Explorar diferentes tecnologias e recursos digitais (multimeios, animações, jogos eletrônicos, gravações em áudio e vídeo, fotografia, softwares etc.) nos processos de criação artística.'),
	(1126,3,26,'EF15LP01','Identificar a função social de textos que circulam em campos da vida social dos quais participa cotidianamente (a casa, a rua, a comunidade, a escola) e nas mídias impressa, de massa e digital, reconhecendo para que foram produzidos, onde circulam, quem os produziu e a quem se destinam.'),
	(1127,3,26,'EF15LP02','Estabelecer expectativas em relação ao texto que vai ler (pressuposições antecipadoras dos sentidos, da forma e da função social do texto), apoiando-se em seus conhecimentos prévios sobre as condições de produção e recepção desse texto, o gênero, o suporte e o universo temático, bem como sobre saliências textuais, recursos gráficos, imagens, dados da própria obra (índice, prefácio etc.), confirmando antecipações e inferências realizadas antes e durante a leitura de textos, checando a adequação d'),
	(1128,3,26,'EF15LP03','Localizar informações explícitas em textos.'),
	(1129,3,26,'EF15LP04','Identificar o efeito de sentido produzido pelo uso de recursos expressivos gráfico-visuais em textos multissemióticos.'),
	(1130,3,26,'EF15LP05','Planejar, com a ajuda do professor, o texto que será produzido, considerando a situação comunicativa, os interlocutores (quem escreve/para quem escreve); a finalidade ou o propósito (escrever para quê); a circulação (onde o texto vai circular); o suporte (qual é o portador do texto); a linguagem, organização e forma do texto e seu tema, pesquisando em meios impressos ou digitais, sempre que for preciso, informações necessárias à produção do texto, organizando em tópicos os dados e as fontes pesq'),
	(1131,3,26,'EF15LP06','Reler e revisar o texto produzido com a ajuda do professor e a colaboração dos colegas, para corrigi-lo e aprimorá-lo, fazendo cortes, acréscimos, reformulações, correções de ortografia e pontuação.'),
	(1132,3,26,'EF15LP07','Editar a versão final do texto, em colaboração com os colegas e com a ajuda do professor, ilustrando, quando for o caso, em suporte adequado, manual ou digital.'),
	(1133,3,26,'EF15LP08','Utilizar software, inclusive programas de edição de texto, para editar e publicar os textos produzidos, explorando os recursos multissemióticos disponíveis.'),
	(1134,3,26,'EF15LP09','Expressar-se em situações de intercâmbio oral com clareza, preocupando-se em ser compreendido pelo interlocutor e usando a palavra com tom de voz audível, boa articulação e ritmo adequado.'),
	(1135,3,26,'EF15LP10','Escutar, com atenção, falas de professores e colegas, formulando perguntas pertinentes ao tema e solicitando esclarecimentos sempre que necessário.'),
	(1136,3,26,'EF15LP11','Reconhecer características da conversação espontânea presencial, respeitando os turnos de fala, selecionando e utilizando, durante a conversação, formas de tratamento adequadas, de acordo com a situação e a posição do interlocutor.'),
	(1137,3,26,'EF15LP12','Atribuir significado a aspectos não linguísticos (paralinguísticos) observados na fala, como direção do olhar, riso, gestos, movimentos da cabeça (de concordância ou discordância), expressão corporal, tom de voz.'),
	(1138,3,26,'EF15LP13','Identificar finalidades da interação oral em diferentes contextos comunicativos (solicitar informações, apresentar opiniões, informar, relatar experiências etc.).'),
	(1139,3,27,'EF15LP14','Construir o sentido de histórias em quadrinhos e tirinhas, relacionando imagens e palavras e interpretando recursos gráficos (tipos de balões, de letras, onomatopeias).'),
	(1140,3,30,'EF15LP15','Reconhecer que os textos literários fazem parte do mundo do imaginário e apresentam uma dimensão lúdica, de encantamento, valorizando-os, em sua diversidade cultural, como patrimônio artístico da humanidade.'),
	(1141,3,30,'EF15LP16','Ler e compreender, em colaboração com os colegas e com a ajuda do professor e, mais tarde, de maneira autônoma, textos narrativos de maior porte como contos (populares, de fadas, acumulativos, de assombração etc.) e crônicas.'),
	(1142,3,30,'EF15LP17','Apreciar poemas visuais e concretos, observando efeitos de sentido criados pelo formato do texto na página, distribuição e diagramação das letras, pelas ilustrações e por outros efeitos visuais.'),
	(1143,3,30,'EF15LP18','Relacionar texto com ilustrações e outros recursos gráficos.'),
	(1144,3,30,'EF15LP19','Recontar oralmente, com e sem apoio de imagem, textos literários lidos pelo professor.'),
	(1145,3,38,'EF35EF01','Experimentar e fruir brincadeiras e jogos populares do Brasil e do mundo, incluindo aqueles de matriz indígena e africana, e recriá-los, valorizando a importância desse patrimônio histórico cultural.'),
	(1146,3,38,'EF35EF02','Planejar e utilizar estratégias para possibilitar a participação segura de todos os alunos em brincadeiras e jogos populares do Brasil e de matriz indígena e africana.'),
	(1147,3,38,'EF35EF03','Descrever, por meio de múltiplas linguagens (corporal, oral, escrita, audiovisual), as brincadeiras e os jogos populares do Brasil e de matriz indígena e africana, explicando suas características e a importância desse patrimônio histórico cultural na preservação das diferentes culturas.'),
	(1148,3,38,'EF35EF04','Recriar, individual e coletivamente, e experimentar, na escola e fora dela, brincadeiras e jogos populares do Brasil e do mundo, incluindo aqueles de matriz indígena e africana, e demais práticas corporais tematizadas na escola, adequando-as aos espaços públicos disponíveis.'),
	(1149,3,39,'EF35EF05','Experimentar e fruir diversos tipos de esportes de campo e taco, rede/parede e invasão, identificando seus elementos comuns e criando estratégias individuais e coletivas básicas para sua execução, prezando pelo trabalho coletivo e pelo protagonismo.'),
	(1150,3,39,'EF35EF06','Diferenciar os conceitos de jogo e esporte, identificando as características que os constituem na contemporaneidade e suas manifestações (profissional e comunitária/lazer).'),
	(1151,3,40,'EF35EF07','Experimentar e fruir, de forma coletiva, combinações de diferentes elementos da ginástica geral (equilíbrios, saltos, giros, rotações, acrobacias, com e sem materiais), propondo coreografias com diferentes temas do cotidiano.'),
	(1152,3,40,'EF35EF08','Planejar e utilizar estratégias para resolver desafios na execução de elementos básicos de apresentações coletivas de ginástica geral, reconhecendo as potencialidades e os limites do corpo e adotando procedimentos de segurança.'),
	(1153,3,41,'EF35EF09','Experimentar, recriar e fruir danças populares do Brasil e do mundo e danças de matriz indígena e africana, valorizando e respeitando os diferentes sentidos e significados dessas danças em suas culturas de origem.'),
	(1154,3,41,'EF35EF10','Comparar e identificar os elementos constitutivos comuns e diferentes (ritmo, espaço, gestos) em danças populares do Brasil e do mundo e danças de matriz indígena e africana.'),
	(1155,3,41,'EF35EF11','Formular e utilizar estratégias para a execução de elementos constitutivos das danças populares do Brasil e do mundo, e das danças de matriz indígena e africana.'),
	(1156,3,41,'EF35EF12','Identificar situações de injustiça e preconceito geradas e/ou presentes no contexto das danças e demais práticas corporais e discutir alternativas para superá-las.'),
	(1157,3,42,'EF35EF13','Experimentar, fruir e recriar diferentes lutas presentes no contexto comunitário e regional e lutas de matriz indígena e africana.'),
	(1158,3,42,'EF35EF14','Planejar e utilizar estratégias básicas das lutas do contexto comunitário e regional e lutas de matriz indígena e africana experimentadas, respeitando o colega como oponente e as normas de segurança.'),
	(1159,3,42,'EF35EF15','Identificar as características das lutas do contexto comunitário e regional e lutas de matriz indígena e africana, reconhecendo as diferenças entre lutas e brigas e entre lutas e as demais práticas corporais.'),
	(1160,3,26,'EF35LP01','Ler e compreender, silenciosamente e, em seguida, em voz alta, com autonomia e fluência, textos curtos com nível de textualidade adequado.'),
	(1161,3,26,'EF35LP02','Selecionar livros da biblioteca e/ou do cantinho de leitura da sala de aula e/ou disponíveis em meios digitais para leitura individual, justificando a escolha e compartilhando com os colegas sua opinião, após a leitura.'),
	(1162,3,26,'EF35LP03','Identificar a ideia central do texto, demonstrando compreensão global.'),
	(1163,3,26,'EF35LP04','Inferir informações implícitas nos textos lidos.'),
	(1164,3,26,'EF35LP05','Inferir o sentido de palavras ou expressões desconhecidas em textos, com base no contexto da frase ou do texto.'),
	(1165,3,26,'EF35LP06','Recuperar relações entre partes de um texto, identificando substituições lexicais (de substantivos por sinônimos) ou pronominais (uso de pronomes anafóricos ? pessoais, possessivos, demonstrativos) que contribuem para a continuidade do texto.'),
	(1166,3,26,'EF35LP07','Utilizar, ao produzir um texto, conhecimentos linguísticos e gramaticais, tais como ortografia, regras básicas de concordância nominal e verbal, pontuação (ponto final, ponto de exclamação, ponto de interrogação, vírgulas em enumerações) e pontuação do discurso direto, quando for o caso.'),
	(1167,3,26,'EF35LP08','Utilizar, ao produzir um texto, recursos de referenciação (por substituição lexical ou por pronomes pessoais, possessivos e demonstrativos), vocabulário apropriado ao gênero, recursos de coesão pronominal (pronomes anafóricos) e articuladores de relações de sentido (tempo, causa, oposição, conclusão, comparação), com nível suficiente de informatividade.'),
	(1168,3,26,'EF35LP09','Organizar o texto em unidades de sentido, dividindo-o em parágrafos segundo as normas gráficas e de acordo com as características do gênero textual.'),
	(1169,3,26,'EF35LP10','Identificar gêneros do discurso oral, utilizados em diferentes situações e contextos comunicativos, e suas características linguístico-expressivas e composicionais (conversação espontânea, conversação telefônica, entrevistas pessoais, entrevistas no rádio ou na TV, debate, noticiário de rádio e TV, narração de jogos esportivos no rádio e TV, aula, debate etc.).'),
	(1170,3,26,'EF35LP11','Ouvir gravações, canções, textos falados em diferentes variedades linguísticas, identificando características regionais, urbanas e rurais da fala e respeitando as diversas variedades linguísticas como características do uso da língua por diferentes grupos regionais ou diferentes culturas locais, rejeitando preconceitos linguísticos.'),
	(1171,3,26,'EF35LP12','Recorrer ao dicionário para esclarecer dúvida sobre a escrita de palavras, especialmente no caso de palavras com relações irregulares fonema-grafema.'),
	(1172,3,26,'EF35LP13','Memorizar a grafia de palavras de uso frequente nas quais as relações fonema-grafema são irregulares e com h inicial que não representa fonema.'),
	(1173,3,26,'EF35LP14','Identificar em textos e usar na produção textual pronomes pessoais, possessivos e demonstrativos, como recurso coesivo anafórico.'),
	(1174,3,28,'EF35LP15','Opinar e defender ponto de vista sobre tema polêmico relacionado a situações vivenciadas na escola e/ou na comunidade, utilizando registro formal e estrutura adequada à argumentação, considerando a situação comunicativa e o tema/assunto do texto.'),
	(1175,3,28,'EF35LP16','Identificar e reproduzir, em notícias, manchetes, lides e corpo de notícias simples para público infantil e cartas de reclamação (revista infantil), digitais ou impressos, a formatação e diagramação específica de cada um desses gêneros, inclusive em suas versões orais.'),
	(1176,3,29,'EF35LP17','Buscar e selecionar, com o apoio do professor, informações de interesse sobre fenômenos sociais e naturais, em textos que circulam em meios impressos ou digitais.'),
	(1177,3,29,'EF35LP18','Escutar, com atenção, apresentações de trabalhos realizadas por colegas, formulando perguntas pertinentes ao tema e solicitando esclarecimentos sempre que necessário.'),
	(1178,3,29,'EF35LP19','Recuperar as ideias principais em situações formais de escuta de exposições, apresentações e palestras.'),
	(1179,3,29,'EF35LP20','Expor trabalhos ou pesquisas escolares, em sala de aula, com apoio de recursos multissemióticos (imagens, diagrama, tabelas etc.), orientando-se por roteiro escrito, planejando o tempo de fala e adequando a linguagem à situação comunicativa.'),
	(1180,3,30,'EF35LP21','Ler e compreender, de forma autônoma, textos literários de diferentes gêneros e extensões, inclusive aqueles sem ilustrações, estabelecendo preferências por gêneros, temas, autores.'),
	(1181,3,30,'EF35LP22','Perceber diálogos em textos narrativos, observando o efeito de sentido de verbos de enunciação e, se for o caso, o uso de variedades linguísticas no discurso direto.'),
	(1182,3,30,'EF35LP23','Apreciar poemas e outros textos versificados, observando rimas, aliterações e diferentes modos de divisão dos versos, estrofes e refrões e seu efeito de sentido.'),
	(1183,3,30,'EF35LP24','Identificar funções do texto dramático (escrito para ser encenado) e sua organização por meio de diálogos entre personagens e marcadores das falas das personagens e de cena.'),
	(1184,3,30,'EF35LP25','Criar narrativas ficcionais, com certa autonomia, utilizando detalhes descritivos, sequências de eventos e imagens apropriadas para sustentar o sentido do texto, e marcadores de tempo, espaço e de fala de personagens.'),
	(1185,3,30,'EF35LP26','Ler e compreender, com certa autonomia, narrativas ficcionais que apresentem cenários e personagens, observando os elementos da estrutura narrativa: enredo, tempo, espaço, personagens, narrador e a construção do discurso indireto e discurso direto.'),
	(1186,3,30,'EF35LP27','Ler e compreender, com certa autonomia, textos em versos, explorando rimas, sons e jogos de palavras, imagens poéticas (sentidos figurados) e recursos visuais e sonoros.'),
	(1187,3,30,'EF35LP28','Declamar poemas, com entonação, postura e interpretação adequadas.'),
	(1188,3,30,'EF35LP29','Identificar, em narrativas, cenário, personagem central, conflito gerador, resolução e o ponto de vista com base no qual histórias são narradas, diferenciando narrativas em primeira e terceira pessoas.'),
	(1189,3,30,'EF35LP30','Diferenciar discurso indireto e discurso direto, determinando o efeito de sentido de verbos de enunciação e explicando o uso de variedades linguísticas no discurso direto, quando for o caso.'),
	(1190,3,30,'EF35LP31','Identificar, em textos versificados, efeitos de sentido decorrentes do uso de recursos rítmicos e sonoros e de metáforas.'),
	(1191,3,38,'EF67EF01','Experimentar e fruir, na escola e fora dela, jogos eletrônicos diversos, valorizando e respeitando os sentidos e significados atribuídos a eles por diferentes grupos sociais e etários.'),
	(1192,3,38,'EF67EF02','Identificar as transformações nas características dos jogos eletrônicos em função dos avanços das tecnologias e nas respectivas exigências corporais colocadas por esses diferentes tipos de jogos.'),
	(1193,3,39,'EF67EF03','Experimentar e fruir esportes de marca, precisão, invasão e técnico-combinatórios, valorizando o trabalho coletivo e o protagonismo.'),
	(1194,3,39,'EF67EF04','Praticar um ou mais esportes de marca, precisão, invasão e técnico-combinatórios oferecidos pela escola, usando habilidades técnico-táticas básicas e respeitando regras.'),
	(1195,3,39,'EF67EF05','Planejar e utilizar estratégias para solucionar os desafios técnicos e táticos, tanto nos esportes de marca, precisão, invasão e técnico-combinatórios como nas modalidades esportivas escolhidas para praticar de forma específica.'),
	(1196,3,39,'EF67EF06','Analisar as transformações na organização e na prática dos esportes em suas diferentes manifestações (profissional e comunitário/lazer).'),
	(1197,3,39,'EF67EF07','Propor e produzir alternativas para experimentação dos esportes não disponíveis e/ou acessíveis na comunidade e das demais práticas corporais tematizadas na escola.'),
	(1198,3,40,'EF67EF08','Experimentar e fruir exercícios físicos que solicitem diferentes capacidades físicas, identificando seus tipos (força, velocidade, resistência, flexibilidade) e as sensações corporais provocadas pela sua prática.'),
	(1199,3,40,'EF67EF09','Construir, coletivamente, procedimentos e normas de convívio que viabilizem a participação de todos na prática de exercícios físicos, com o objetivo de promover a saúde.'),
	(1200,3,40,'EF67EF10','Diferenciar exercício físico de atividade física e propor alternativas para a prática de exercícios físicos dentro e fora do ambiente escolar.'),
	(1201,3,41,'EF67EF11','Experimentar, fruir e recriar danças urbanas, identificando seus elementos constitutivos (ritmo, espaço, gestos).,'),
	(1202,3,41,'EF67EF12','Planejar e utilizar estratégias para aprender elementos constitutivos das danças urbanas.'),
	(1203,3,41,'EF67EF13','Diferenciar as danças urbanas das demais manifestações da dança, valorizando e respeitando os sentidos e significados atribuídos a eles por diferentes grupos sociais.'),
	(1204,3,42,'EF67EF14','Experimentar, fruir e recriar diferentes lutas do Brasil, valorizando a própria segurança e integridade física, bem como as dos demais.,'),
	(1205,3,42,'EF67EF15','Planejar e utilizar estratégias básicas das lutas do Brasil, respeitando o colega como oponente.'),
	(1206,3,42,'EF67EF16','Identificar as características (códigos, rituais, elementos técnico-táticos, indumentária, materiais, instalações, instituições) das lutas do Brasil.'),
	(1207,3,42,'EF67EF17','Problematizar preconceitos e estereótipos relacionados ao universo das lutas e demais práticas corporais, propondo alternativas para superá-los, com base na solidariedade, na justiça, na equidade e no respeito.'),
	(1208,3,43,'EF67EF18','Experimentar e fruir diferentes práticas corporais de aventura urbanas, valorizando a própria segurança e integridade física, bem como as dos demais.'),
	(1209,3,43,'EF67EF19','Identificar os riscos durante a realização de práticas corporais de aventura urbanas e planejar estratégias para sua superação.'),
	(1210,3,43,'EF67EF20','Executar práticas corporais de aventura urbanas, respeitando o patrimônio público e utilizando alternativas para a prática segura em diversos espaços.'),
	(1211,3,43,'EF67EF21','Identificar a origem das práticas corporais de aventura e as possibilidades de recriá-las, reconhecendo as características (instrumentos, equipamentos de segurança, indumentária, organização) e seus tipos de práticas.'),
	(1212,3,31,'EF67LP01','Analisar a estrutura e funcionamento dos hiperlinks em textos noticiosos publicados na Web e vislumbrar possibilidades de uma escrita hipertextual.'),
	(1213,3,31,'EF67LP02','Explorar o espaço reservado ao leitor nos jornais, revistas, impressos e on-line, sites noticiosos etc., destacando notícias, fotorreportagens, entrevistas, charges, assuntos, temas, debates em foco, posicionando-se de maneira ética e respeitosa frente a esses textos e opiniões a eles relacionadas, e publicar notícias, notas jornalísticas, fotorreportagem de interesse geral nesses espaços do leitor.'),
	(1214,3,31,'EF67LP03','Comparar informações sobre um mesmo fato divulgadas em diferentes veículos e mídias, analisando e avaliando a confiabilidade.'),
	(1215,3,31,'EF67LP04','Distinguir, em segmentos descontínuos de textos, fato da opinião enunciada em relação a esse mesmo fato.'),
	(1216,3,31,'EF67LP05','Identificar e avaliar teses/opiniões/posicionamentos explícitos e argumentos em textos argumentativos (carta de leitor, comentário, artigo de opinião, resenha crítica etc.), manifestando concordância ou discordância.'),
	(1217,3,31,'EF67LP06','Identificar os efeitos de sentido provocados pela seleção lexical, topicalização de elementos e seleção e hierarquização de informações, uso de 3ª pessoa etc.'),
	(1218,3,31,'EF67LP07','Identificar o uso de recursos persuasivos em textos argumentativos diversos (como a elaboração do título, escolhas lexicais, construções metafóricas, a explicitação ou a ocultação de fontes de informação) e perceber seus efeitos de sentido.'),
	(1219,3,31,'EF67LP08','Identificar os efeitos de sentido devidos à escolha de imagens estáticas, sequenciação ou sobreposição de imagens, definição de figura/fundo, ângulo, profundidade e foco, cores/tonalidades, relação com o escrito (relações de reiteração, complementação ou oposição) etc. em notícias, reportagens, fotorreportagens, foto-denúncias, memes, gifs, anúncios publicitários e propagandas publicados em jornais, revistas, sites na internet etc.'),
	(1220,3,31,'EF67LP09','Planejar notícia impressa e para circulação em outras mídias (rádio ou TV/vídeo), tendo em vista as condições de produção, do texto ? objetivo, leitores/espectadores, veículos e mídia de circulação etc. ?, a partir da escolha do fato a ser noticiado (de relevância para a turma, escola ou comunidade), do levantamento de dados e informações sobre o fato ? que pode envolver entrevistas com envolvidos ou com especialistas, consultas a fontes, análise de documentos, cobertura de eventos etc.?, do reg'),
	(1221,3,31,'EF67LP10','Produzir notícia impressa tendo em vista características do gênero ? título ou manchete com verbo no tempo presente, linha fina (opcional), lide, progressão dada pela ordem decrescente de importância dos fatos, uso de 3ª pessoa, de palavras que indicam precisão ?, e o estabelecimento adequado de coesão e produzir notícia para TV, rádio e internet, tendo em vista, além das características do gênero, os recursos de mídias disponíveis e o manejo de recursos de captação e edição de áudio e imagem.'),
	(1222,3,31,'EF67LP11','Planejar resenhas, vlogs, vídeos e podcasts variados, e textos e vídeos de apresentação e apreciação próprios das culturas juvenis (algumas possibilidades: fanzines, fanclipes, e-zines, gameplay, detonado etc.), dentre outros, tendo em vista as condições de produção do texto ? objetivo, leitores/espectadores, veículos e mídia de circulação etc. ?, a partir da escolha de uma produção ou evento cultural para analisar ? livro, filme, série, game, canção, videoclipe, fanclipe, show, saraus, slams et'),
	(1223,3,31,'EF67LP12','Produzir resenhas críticas, vlogs, vídeos, podcasts variados e produções e gêneros próprios das culturas juvenis (algumas possibilidades: fanzines, fanclipes, e-zines, gameplay, detonado etc.), que apresentem/descrevam e/ou avaliem produções culturais (livro, filme, série, game, canção, disco, videoclipe etc.) ou evento (show, sarau, slam etc.), tendo em vista o contexto de produção dado, as características do gênero, os recursos das mídias envolvidas e a textualização adequada dos textos e/ou p'),
	(1224,3,31,'EF67LP13','Produzir, revisar e editar textos publicitários, levando em conta o contexto de produção dado, explorando recursos multissemióticos, relacionando elementos verbais e visuais, utilizando adequadamente estratégias discursivas de persuasão e/ou convencimento e criando título ou slogan que façam o leitor motivar-se a interagir com o texto produzido e se sinta atraído pelo serviço, ideia ou produto em questão.'),
	(1225,3,31,'EF67LP14','Definir o contexto de produção da entrevista (objetivos, o que se pretende conseguir, porque aquele entrevistado etc.), levantar informações sobre o entrevistado e sobre o acontecimento ou tema em questão, preparar o roteiro de perguntar e realizar entrevista oral com envolvidos ou especialistas relacionados com o fato noticiado ou com o tema em pauta, usando roteiro previamente elaborado e formulando outras perguntas a partir das respostas dadas e, quando for o caso, selecionar partes, transcre'),
	(1226,3,32,'EF67LP15','Identificar a proibição imposta ou o direito garantido, bem como as circunstâncias de sua aplicação, em artigos relativos a normas, regimentos escolares, regimentos e estatutos da sociedade civil, regulamentações para o mercado publicitário, Código de Defesa do Consumidor, Código Nacional de Trânsito, ECA, Constituição, dentre outros.'),
	(1227,3,32,'EF67LP16','Explorar e analisar espaços de reclamação de direitos e de envio de solicitações (tais como ouvidorias, SAC, canais ligados a órgãos públicos, plataformas do consumidor, plataformas de reclamação), bem como de textos pertencentes a gêneros que circulam nesses espaços, reclamação ou carta de reclamação, solicitação ou carta de solicitação, como forma de ampliar as possibilidades de produção desses textos em casos que remetam a reivindicações que envolvam a escola, a comunidade ou algum de seus me'),
	(1228,3,32,'EF67LP17','Analisar, a partir do contexto de produção, a forma de organização das cartas de solicitação e de reclamação (datação, forma de início, apresentação contextualizada do pedido ou da reclamação, em geral, acompanhada de explicações, argumentos e/ou relatos do problema, fórmula de finalização mais ou menos cordata, dependendo do tipo de carta e subscrição) e algumas das marcas linguísticas relacionadas à argumentação, explicação ou relato de fatos, como forma de possibilitar a escrita fundamentada '),
	(1229,3,32,'EF67LP18','Identificar o objeto da reclamação e/ou da solicitação e sua sustentação, explicação ou justificativa, de forma a poder analisar a pertinência da solicitação ou justificação.'),
	(1230,3,32,'EF67LP19','Realizar levantamento de questões, problemas que requeiram a denúncia de desrespeito a direitos, reivindicações, reclamações, solicitações que contemplem a comunidade escolar ou algum de seus membros e examinar normas e legislações.'),
	(1231,3,29,'EF67LP20','Realizar pesquisa, a partir de recortes e questões definidos previamente, usando fontes indicadas e abertas.'),
	(1232,3,29,'EF67LP21','Divulgar resultados de pesquisas por meio de apresentações orais, painéis, artigos de divulgação científica, verbetes de enciclopédia, podcasts científicos etc.'),
	(1233,3,29,'EF67LP22','Produzir resumos, a partir das notas e/ou esquemas feitos, com o uso adequado de paráfrases e citações.'),
	(1234,3,29,'EF67LP23','Respeitar os turnos de fala, na participação em conversações e em discussões ou atividades coletivas, na sala de aula e na escola e formular perguntas coerentes e adequadas em momentos oportunos em situações de aulas, apresentação oral, seminário etc.'),
	(1235,3,29,'EF67LP24','Tomar nota de aulas, apresentações orais, entrevistas (ao vivo, áudio, TV, vídeo), identificando e hierarquizando as informações principais, tendo em vista apoiar o estudo e a produção de sínteses e reflexões pessoais ou outros objetivos em questão.'),
	(1236,3,29,'EF67LP25','Reconhecer e utilizar os critérios de organização tópica (do geral para o específico, do específico para o geral etc.), as marcas linguísticas dessa organização (marcadores de ordenação e enumeração, de explicação, definição e exemplificação, por exemplo) e os mecanismos de paráfrase, de maneira a organizar mais adequadamente a coesão e a progressão temática de seus textos.'),
	(1237,3,29,'EF67LP26','Reconhecer a estrutura de hipertexto em textos de divulgação científica e proceder à remissão a conceitos e relações por meio de notas de rodapés ou boxes.'),
	(1238,3,30,'EF67LP27','Analisar, entre os textos literários e entre estes e outras manifestações artísticas (como cinema, teatro, música, artes visuais e midiáticas), referências explícitas ou implícitas a outros textos, quanto aos temas, personagens e recursos literários e semióticos'),
	(1239,3,30,'EF67LP28','Ler, de forma autônoma, e compreender ? selecionando procedimentos e estratégias de leitura adequados a diferentes objetivos e levando em conta características dos gêneros e suportes ?, romances infantojuvenis, contos populares, contos de terror, lendas brasileiras, indígenas e africanas, narrativas de aventuras, narrativas de enigma, mitos, crônicas, autobiografias, histórias em quadrinhos, mangás, poemas de forma livre e fixa (como sonetos e cordéis), vídeo-poemas, poemas visuais, dentre outro'),
	(1240,3,30,'EF67LP29','Identificar, em texto dramático, personagem, ato, cena, fala e indicações cênicas e a organização do texto: enredo, conflitos, ideias principais, pontos de vista, universos de referência.'),
	(1241,3,30,'EF67LP30','Criar narrativas ficcionais, tais como contos populares, contos de suspense, mistério, terror, humor, narrativas de enigma, crônicas, histórias em quadrinhos, dentre outros, que utilizem cenários e personagens realistas ou de fantasia, observando os elementos da estrutura narrativa próprios ao gênero pretendido, tais como enredo, personagens, tempo, espaço e narrador, utilizando tempos verbais adequados à narração de fatos passados, empregando conhecimentos sobre diferentes modos de se iniciar u'),
	(1242,3,30,'EF67LP31','Criar poemas compostos por versos livres e de forma fixa (como quadras e sonetos), utilizando recursos visuais, semânticos e sonoros, tais como cadências, ritmos e rimas, e poemas visuais e vídeo-poemas, explorando as relações entre imagem e texto verbal, a distribuição da mancha gráfica (poema visual) e outros recursos visuais e sonoros.'),
	(1243,3,26,'EF67LP32','Escrever palavras com correção ortográfica, obedecendo as convenções da língua escrita.'),
	(1244,3,26,'EF67LP33','Pontuar textos adequadamente.'),
	(1245,3,26,'EF67LP34','Formar antônimos com acréscimo de prefixos que expressam noção de negação.'),
	(1246,3,26,'EF67LP35','Distinguir palavras derivadas por acréscimo de afixos e palavras compostas.'),
	(1247,3,26,'EF67LP36','Utilizar, ao produzir texto, recursos de coesão referencial (léxica e pronominal) e sequencial e outros recursos expressivos adequados ao gênero textual.'),
	(1248,3,26,'EF67LP37','Analisar, em diferentes textos, os efeitos de sentido decorrentes do uso de recursos linguístico-discursivos de prescrição, causalidade, sequências descritivas e expositivas e ordenação de eventos.'),
	(1249,3,26,'EF67LP38','Analisar os efeitos de sentido do uso de figuras de linguagem, como comparação, metáfora, metonímia, personificação, hipérbole, dentre outras.'),
	(1250,3,33,'EF69AR01','Pesquisar, apreciar e analisar formas distintas das artes visuais tradicionais e contemporâneas, em obras de artistas brasileiros e estrangeiros de diferentes épocas e em diferentes matrizes estéticas e culturais, de modo a ampliar a experiência com diferentes contextos e práticas artístico-visuais e cultivar a percepção, o imaginário, a capacidade de simbolizar e o repertório imagético.'),
	(1251,3,33,'EF69AR02','Pesquisar e analisar diferentes estilos visuais, contextualizando-os no tempo e no espaço.'),
	(1252,3,33,'EF69AR03','Analisar situações nas quais as linguagens das artes visuais se integram às linguagens audiovisuais (cinema, animações, vídeos etc.), gráficas (capas de livros, ilustrações de textos diversos etc.), cenográficas, coreográficas, musicais etc.'),
	(1253,3,33,'EF69AR04','Analisar os elementos constitutivos das artes visuais (ponto, linha, forma, direção, cor, tom, escala, dimensão, espaço, movimento etc.) na apreciação de diferentes produções artísticas.'),
	(1254,3,33,'EF69AR05','Experimentar e analisar diferentes formas de expressão artística (desenho, pintura, colagem, quadrinhos, dobradura, escultura, modelagem, instalação, vídeo, fotografia, performance etc.).'),
	(1255,3,33,'EF69AR06','Desenvolver processos de criação em artes visuais, com base em temas ou interesses artísticos, de modo individual, coletivo e colaborativo, fazendo uso de materiais, instrumentos e recursos convencionais, alternativos e digitais.'),
	(1256,3,33,'EF69AR07','Dialogar com princípios conceituais, proposições temáticas, repertórios imagéticos e processos de criação nas suas produções visuais.'),
	(1257,3,33,'EF69AR08','Diferenciar as categorias de artista, artesão, produtor cultural, curador, designer, entre outras, estabelecendo relações entre os profissionais do sistema das artes visuais.'),
	(1258,3,34,'EF69AR09','Pesquisar e analisar diferentes formas de expressão, representação e encenação da dança, reconhecendo e apreciando composições de dança de artistas e grupos brasileiros e estrangeiros de diferentes épocas.'),
	(1259,3,34,'EF69AR10','Explorar elementos constitutivos do movimento cotidiano e do movimento dançado, abordando, criticamente, o desenvolvimento das formas da dança em sua história tradicional e contemporânea.'),
	(1260,3,34,'EF69AR11','Experimentar e analisar os fatores de movimento (tempo, peso, fluência e espaço) como elementos que, combinados, geram as ações corporais e o movimento dançado.'),
	(1261,3,34,'EF69AR12','Investigar e experimentar procedimentos de improvisação e criação do movimento como fonte para a construção de vocabulários e repertórios próprios.'),
	(1262,3,34,'EF69AR13','Investigar brincadeiras, jogos, danças coletivas e outras práticas de dança de diferentes matrizes estéticas e culturais como referência para a criação e a composição de danças autorais, individualmente e em grupo.'),
	(1263,3,34,'EF69AR14','Analisar e experimentar diferentes elementos (figurino, iluminação, cenário, trilha sonora etc.) e espaços (convencionais e não convencionais) para composição cênica e apresentação coreográfica.'),
	(1264,3,34,'EF69AR15','Discutir as experiências pessoais e coletivas em dança vivenciadas na escola e em outros contextos, problematizando estereótipos e preconceitos.'),
	(1265,3,35,'EF69AR16','Analisar criticamente, por meio da apreciação musical, usos e funções da música em seus contextos de produção e circulação, relacionando as práticas musicais às diferentes dimensões da vida social, cultural, política, histórica, econômica, estética e ética'),
	(1266,3,35,'EF69AR17','Explorar e analisar, criticamente, diferentes meios e equipamentos culturais de circulação da música e do conhecimento musical.'),
	(1267,3,35,'EF69AR18','Reconhecer e apreciar o papel de músicos e grupos de música brasileiros e estrangeiros que contribuíram para o desenvolvimento de formas e gêneros musicais.'),
	(1268,3,35,'EF69AR19','Identificar e analisar diferentes estilos musicais, contextualizando-os no tempo e no espaço, de modo a aprimorar a capacidade de apreciação da estética musical.'),
	(1269,3,35,'EF69AR20','Explorar e analisar elementos constitutivos da música (altura, intensidade, timbre, melodia, ritmo etc.), por meio de recursos tecnológicos (games e plataformas digitais), jogos, canções e práticas diversas de composição/criação, execução e apreciação musicais.'),
	(1270,3,35,'EF69AR21','Explorar e analisar fontes e materiais sonoros em práticas de composição/criação, execução e apreciação musical, reconhecendo timbres e características de instrumentos musicais diversos.'),
	(1271,3,35,'EF69AR22','Explorar e identificar diferentes formas de registro musical (notação musical tradicional, partituras criativas e procedimentos da música contemporânea), bem como procedimentos e técnicas de registro em áudio e audiovisual.'),
	(1272,3,35,'EF69AR23','Explorar e criar improvisações, composições, arranjos, jingles, trilhas sonoras, entre outros, utilizando vozes, sons corporais e/ou instrumentos acústicos ou eletrônicos, convencionais ou não convencionais, expressando ideias musicais de maneira individual, coletiva e colaborativa.'),
	(1273,3,36,'EF69AR24','Reconhecer e apreciar artistas e grupos de teatro brasileiros e estrangeiros de diferentes épocas, investigando os modos de criação, produção, divulgação, circulação e organização da atuação profissional em teatro.'),
	(1274,3,36,'EF69AR25','Identificar e analisar diferentes estilos cênicos, contextualizando-os no tempo e no espaço de modo a aprimorar a capacidade de apreciação da estética teatral.'),
	(1275,3,36,'EF69AR26','Explorar diferentes elementos envolvidos na composição dos acontecimentos cênicos (figurinos, adereços, cenário, iluminação e sonoplastia) e reconhecer seus vocabulários.'),
	(1276,3,36,'EF69AR27','Pesquisar e criar formas de dramaturgias e espaços cênicos para o acontecimento teatral, em diálogo com o teatro contemporâneo.'),
	(1277,3,36,'EF69AR28','Investigar e experimentar diferentes funções teatrais e discutir os limites e desafios do trabalho artístico coletivo e colaborativo.'),
	(1278,3,36,'EF69AR29','Experimentar a gestualidade e as construções corporais e vocais de maneira imaginativa na improvisação teatral e no jogo cênico.'),
	(1279,3,36,'EF69AR30','Compor improvisações e acontecimentos cênicos com base em textos dramáticos ou outros estímulos (música, imagens, objetos etc.), caracterizando personagens (com figurinos e adereços), cenário, iluminação e sonoplastia e considerando a relação com o espectador.'),
	(1280,3,37,'EF69AR31','Relacionar as práticas artísticas às diferentes dimensões da vida social, cultural, política, histórica, econômica, estética e ética.'),
	(1281,3,37,'EF69AR32','Analisar e explorar, em projetos temáticos, as relações processuais entre diversas linguagens artísticas.'),
	(1282,3,37,'EF69AR33','Analisar aspectos históricos, sociais e políticos da produção artística, problematizando as narrativas eurocêntricas e as diversas categorizações da arte (arte, artesanato, folclore, design etc.).'),
	(1283,3,37,'EF69AR34','Analisar e valorizar o patrimônio cultural, material e imaterial, de culturas diversas, em especial a brasileira, incluindo suas matrizes indígenas, africanas e europeias, de diferentes épocas, e favorecendo a construção de vocabulário e repertório relativos às diferentes linguagens artísticas.'),
	(1284,3,37,'EF69AR35','Identificar e manipular diferentes tecnologias e recursos digitais para acessar, apreciar, produzir, registrar e compartilhar práticas e repertórios artísticos, de modo reflexivo, ético e responsável.'),
	(1285,3,31,'EF69LP01','Diferenciar liberdade de expressão de discursos de ódio, posicionando-se contrariamente a esse tipo de discurso e vislumbrando possibilidades de denúncia quando for o caso.'),
	(1286,3,31,'EF69LP02','Analisar e comparar peças publicitárias variadas (cartazes, folhetos, outdoor, anúncios e propagandas em diferentes mídias, spots, jingle, vídeos etc.), de forma a perceber a articulação entre elas em campanhas, as especificidades das várias semioses e mídias, a adequação dessas peças ao público-alvo, aos objetivos do anunciante e/ou da campanha e à construção composicional e estilo dos gêneros em questão, como forma de ampliar suas possibilidades de compreensão (e produção) de textos pertencent'),
	(1287,3,31,'EF69LP03','Identificar, em notícias, o fato central, suas principais circunstâncias e eventuais decorrências; em reportagens e fotorreportagens o fato ou a temática retratada e a perspectiva de abordagem, em entrevistas os principais temas/subtemas abordados, explicações dadas ou teses defendidas em relação a esses subtemas; em tirinhas, memes, charge, a crítica, ironia ou humor presente.'),
	(1288,3,31,'EF69LP04','Identificar e analisar os efeitos de sentido que fortalecem a persuasão nos textos publicitários, relacionando as estratégias de persuasão e apelo ao consumo com os recursos linguístico-discursivos utilizados, como imagens, tempo verbal, jogos de palavras, figuras de linguagem etc., com vistas a fomentar práticas de consumo conscientes.'),
	(1289,3,31,'EF69LP05','Inferir e justificar, em textos multissemióticos ? tirinhas, charges, memes, gifs etc. ?, o efeito de humor, ironia e/ou crítica pelo uso ambíguo de palavras, expressões ou imagens ambíguas, de clichês, de recursos iconográficos, de pontuação etc.'),
	(1290,3,31,'EF69LP06','Produzir e publicar notícias, fotodenúncias, fotorreportagens, reportagens, reportagens multimidiáticas, infográficos, podcasts noticiosos, entrevistas, cartas de leitor, comentários, artigos de opinião de interesse local ou global, textos de apresentação e apreciação de produção cultural ? resenhas e outros próprios das formas de expressão das culturas juvenis, tais como vlogs e podcasts culturais, gameplay, detonado etc.? e cartazes, anúncios, propagandas, spots, jingles de campanhas sociais, '),
	(1291,3,31,'EF69LP07','Produzir textos em diferentes gêneros, considerando sua adequação ao contexto produção e circulação ? os enunciadores envolvidos, os objetivos, o gênero, o suporte, a circulação -, ao modo (escrito ou oral; imagem estática ou em movimento etc.), à variedade linguística e/ou semiótica apropriada a esse contexto, à construção da textualidade relacionada às propriedades textuais e do gênero), utilizando estratégias de planejamento, elaboração, revisão, edição, reescrita/redesign e avaliação de text'),
	(1292,3,31,'EF69LP08','Revisar/editar o texto produzido ? notícia, reportagem, resenha, artigo de opinião, dentre outros ?, tendo em vista sua adequação ao contexto de produção, a mídia em questão, características do gênero, aspectos relativos à textualidade, a relação entre as diferentes semioses, a formatação e uso adequado das ferramentas de edição (de texto, foto, áudio e vídeo, dependendo do caso) e adequação à norma culta.'),
	(1293,3,31,'EF69LP09','Planejar uma campanha publicitária sobre questões/problemas, temas, causas significativas para a escola e/ou comunidade, a partir de um levantamento de material sobre o tema ou evento, da definição do público-alvo, do texto ou peça a ser produzido ? cartaz, banner, folheto, panfleto, anúncio impresso e para internet, spot, propaganda de rádio, TV etc. ?, da ferramenta de edição de texto, áudio ou vídeo que será utilizada, do recorte e enfoque a ser dado, das estratégias de persuasão que serão ut'),
	(1294,3,31,'EF69LP10','Produzir notícias para rádios, TV ou vídeos, podcasts noticiosos e de opinião, entrevistas, comentários, vlogs, jornais radiofônicos e televisivos, dentre outros possíveis, relativos a fato e temas de interesse pessoal, local ou global e textos orais de apreciação e opinião ? podcasts e vlogs noticiosos, culturais e de opinião, orientando-se por roteiro ou texto, considerando o contexto de produção e demonstrando domínio dos gêneros.'),
	(1295,3,31,'EF69LP11','Identificar e analisar posicionamentos defendidos e refutados na escuta de interações polêmicas em entrevistas, discussões e debates (televisivo, em sala de aula, em redes sociais etc.), entre outros, e se posicionar frente a eles.'),
	(1296,3,31,'EF69LP12','Desenvolver estratégias de planejamento, elaboração, revisão, edição, reescrita/ redesign (esses três últimos quando não for situação ao vivo) e avaliação de textos orais, áudio e/ou vídeo, considerando sua adequação aos contextos em que foram produzidos, à forma composicional e estilo de gêneros, a clareza, progressão temática e variedade linguística empregada, os elementos relacionados à fala, tais como modulação de voz, entonação, ritmo, altura e intensidade, respiração etc., os elementos cin'),
	(1297,3,31,'EF69LP13','Engajar-se e contribuir com a busca de conclusões comuns relativas a problemas, temas ou questões polêmicas de interesse da turma e/ou de relevância social.'),
	(1298,3,31,'EF69LP14','Formular perguntas e decompor, com a ajuda dos colegas e dos professores, tema/questão polêmica, explicações e ou argumentos relativos ao objeto de discussão para análise mais minuciosa e buscar em fontes diversas informações ou dados que permitam analisar partes da questão e compartilhá-los com a turma.'),
	(1299,3,31,'EF69LP15','Apresentar argumentos e contra-argumentos coerentes, respeitando os turnos de fala, na participação em discussões sobre temas controversos e/ou polêmicos.'),
	(1300,3,31,'EF69LP16','Analisar e utilizar as formas de composição dos gêneros jornalísticos da ordem do relatar, tais como notícias (pirâmide invertida no impresso X blocos noticiosos hipertextuais e hipermidiáticos no digital, que também pode contar com imagens de vários tipos, vídeos, gravações de áudio etc.), da ordem do argumentar, tais como artigos de opinião e editorial (contextualização, defesa de tese/opinião e uso de argumentos) e das entrevistas: apresentação e contextualização do entrevistado e do tema, es'),
	(1301,3,31,'EF69LP17','Perceber e analisar os recursos estilísticos e semióticos dos gêneros jornalísticos e publicitários, os aspectos relativos ao tratamento da informação em notícias, como a ordenação dos eventos, as escolhas lexicais, o efeito de imparcialidade do relato, a morfologia do verbo, em textos noticiosos e argumentativos, reconhecendo marcas de pessoa, número, tempo, modo, a distribuição dos verbos nos gêneros textuais (por exemplo, as formas de pretérito em relatos; as formas de presente e futuro em gê'),
	(1302,3,31,'EF69LP18','Utilizar, na escrita/reescrita de textos argumentativos, recursos linguísticos que marquem as relações de sentido entre parágrafos e enunciados do texto e operadores de conexão adequados aos tipos de argumento e à forma de composição de textos argumentativos, de maneira a garantir a coesão, a coerência e a progressão temática nesses textos (?primeiramente, mas, no entanto, em primeiro/segundo/terceiro lugar, finalmente, em conclusão? etc.).'),
	(1303,3,31,'EF69LP19','Analisar, em gêneros orais que envolvam argumentação, os efeitos de sentido de elementos típicos da modalidade falada, como a pausa, a entonação, o ritmo, a gestualidade e expressão facial, as hesitações etc.'),
	(1304,3,32,'EF69LP20','Identificar, tendo em vista o contexto de produção, a forma de organização dos textos normativos e legais, a lógica de hierarquização de seus itens e subitens e suas partes: parte inicial (título ? nome e data ? e ementa), blocos de artigos (parte, livro, capítulo, seção, subseção), artigos (caput e parágrafos e incisos) e parte final (disposições pertinentes à sua implementação) e analisar efeitos de sentido causados pelo uso de vocabulário técnico, pelo uso do imperativo, de palavras e express'),
	(1305,3,32,'EF69LP21','Posicionar-se em relação a conteúdos veiculados em práticas não institucionalizadas de participação social, sobretudo àquelas vinculadas a manifestações artísticas, produções culturais, intervenções urbanas e práticas próprias das culturas juvenis que pretendam denunciar, expor uma problemática ou ?convocar? para uma reflexão/ação, relacionando esse texto/produção com seu contexto de produção e relacionando as partes e semioses presentes para a construção de sentidos.');

INSERT INTO `TAG_ENTITY` (`ENTITY_ID`, `ENTITY_DOMAIN_ID`, `ENTITY_PACKET_ID`, `ENTITY_CODE`, `ENTITY_DESCRIPTION`)
VALUES
	(1306,3,32,'EF69LP22','Produzir, revisar e editar textos reivindicatórios ou propositivos sobre problemas que afetam a vida escolar ou da comunidade, justificando pontos de vista, reivindicações e detalhando propostas (justificativa, objetivos, ações previstas etc.), levando em conta seu contexto de produção e as características dos gêneros em questão.'),
	(1307,3,32,'EF69LP23','Contribuir com a escrita de textos normativos, quando houver esse tipo de demanda na escola ? regimentos e estatutos de organizações da sociedade civil do âmbito da atuação das crianças e jovens (grêmio livre, clubes de leitura, associações culturais etc.) ? e de regras e regulamentos nos vários âmbitos da escola ? campeonatos, festivais, regras de convivência etc., levando em conta o contexto de produção e as características dos gêneros em questão.'),
	(1308,3,32,'EF69LP24','Discutir casos, reais ou simulações, submetidos a juízo, que envolvam (supostos) desrespeitos a artigos, do ECA, do Código de Defesa do Consumidor, do Código Nacional de Trânsito, de regulamentações do mercado publicitário etc., como forma de criar familiaridade com textos legais ? seu vocabulário, formas de organização, marcas de estilo etc. -, de maneira a facilitar a compreensão de leis, fortalecer a defesa de direitos, fomentar a escrita de textos normativos (se e quando isso for necessário)'),
	(1309,3,32,'EF69LP25','Posicionar-se de forma consistente e sustentada em uma discussão, assembleia, reuniões de colegiados da escola, de agremiações e outras situações de apresentação de propostas e defesas de opiniões, respeitando as opiniões contrárias e propostas alternativas e fundamentando seus posicionamentos, no tempo de fala previsto, valendo-se de sínteses e propostas claras e justificadas.'),
	(1310,3,32,'EF69LP26','Tomar nota em discussões, debates, palestras, apresentação de propostas, reuniões, como forma de documentar o evento e apoiar a própria fala (que pode se dar no momento do evento ou posteriormente, quando, por exemplo, for necessária a retomada dos assuntos tratados em outros contextos públicos, como diante dos representados).'),
	(1311,3,32,'EF69LP27','Analisar a forma composicional de textos pertencentes a gêneros normativos/ jurídicos e a gêneros da esfera política, tais como propostas, programas políticos (posicionamento quanto a diferentes ações a serem propostas, objetivos, ações previstas etc.), propaganda política (propostas e sua sustentação, posicionamento quanto a temas em discussão) e textos reivindicatórios: cartas de reclamação, petição (proposta, suas justificativas e ações a serem adotadas) e suas marcas linguísticas, de forma a'),
	(1312,3,32,'EF69LP28','Observar os mecanismos de modalização adequados aos textos jurídicos, as modalidades deônticas, que se referem ao eixo da conduta (obrigatoriedade/permissibilidade) como, por exemplo: Proibição: ?Não se deve fumar em recintos fechados.?; Obrigatoriedade: ?A vida tem que valer a pena.?; Possibilidade: ?É permitido a entrada de menores acompanhados de adultos responsáveis?, e os mecanismos de modalização adequados aos textos políticos e propositivos, as modalidades apreciativas, em que o locutor e'),
	(1313,3,29,'EF69LP29','Refletir sobre a relação entre os contextos de produção dos gêneros de divulgação científica ? texto didático, artigo de divulgação científica, reportagem de divulgação científica, verbete de enciclopédia (impressa e digital), esquema, infográfico (estático e animado), relatório, relato multimidiático de campo, podcasts e vídeos variados de divulgação científica etc. ? e os aspectos relativos à construção composicional e às marcas linguística características desses gêneros, de forma a ampliar su'),
	(1314,3,29,'EF69LP30','Comparar, com a ajuda do professor, conteúdos, dados e informações de diferentes fontes, levando em conta seus contextos de produção e referências, identificando coincidências, complementaridades e contradições, de forma a poder identificar erros/imprecisões conceituais, compreender e posicionar-se criticamente sobre os conteúdos e informações em questão.'),
	(1315,3,29,'EF69LP31','Utilizar pistas linguísticas ? tais como ?em primeiro/segundo/terceiro lugar?, ?por outro lado?, ?dito de outro modo?, isto é?, ?por exemplo? ? para compreender a hierarquização das proposições, sintetizando o conteúdo dos textos.'),
	(1316,3,29,'EF69LP32','Selecionar informações e dados relevantes de fontes diversas (impressas, digitais, orais etc.), avaliando a qualidade e a utilidade dessas fontes, e organizar, esquematicamente, com ajuda do professor, as informações necessárias (sem excedê-las) com ou sem apoio de ferramentas digitais, em quadros, tabelas ou gráficos.'),
	(1317,3,29,'EF69LP33','Articular o verbal com os esquemas, infográficos, imagens variadas etc. na (re)construção dos sentidos dos textos de divulgação científica e retextualizar do discursivo para o esquemático ? infográfico, esquema, tabela, gráfico, ilustração etc. ? e, ao contrário, transformar o conteúdo das tabelas, esquemas, infográficos, ilustrações etc. em texto discursivo, como forma de ampliar as possibilidades de compreensão desses textos e analisar as características das multissemioses e dos gêneros em que'),
	(1318,3,29,'EF69LP34','Grifar as partes essenciais do texto, tendo em vista os objetivos de leitura, produzir marginálias (ou tomar notas em outro suporte), sínteses organizadas em itens, quadro sinóptico, quadro comparativo, esquema, resumo ou resenha do texto lido (com ou sem comentário/análise), mapa conceitual, dependendo do que for mais adequado, como forma de possibilitar uma maior compreensão do texto, a sistematização de conteúdos e informações e'),
	(1319,3,29,'EF69LP35','Planejar textos de divulgação científica, a partir da elaboração de esquema que considere as pesquisas feitas anteriormente, de notas e sínteses de leituras ou de registros de experimentos ou de estudo de campo, produzir, revisar e editar textos voltados para a divulgação do conhecimento e de dados e resultados de pesquisas, tais como artigo de divulgação científica, artigo de opinião, reportagem científica, verbete de enciclopédia, verbete de enciclopédia digital colaborativa , infográfico, rel'),
	(1320,3,29,'EF69LP36','Produzir, revisar e editar textos voltados para a divulgação do conhecimento e de dados e resultados de pesquisas, tais como artigos de divulgação científica, verbete de enciclopédia, infográfico, infográfico animado, podcast ou vlog científico, relato de experimento, relatório, relatório multimidiático de campo, dentre outros, considerando o contexto de produção e as regularidades dos gêneros em termos de suas construções composicionais e estilos.'),
	(1321,3,29,'EF69LP37','Produzir roteiros para elaboração de vídeos de diferentes tipos (vlog científico, vídeo-minuto, programa de rádio, podcasts) para divulgação de conhecimentos científicos e resultados de pesquisa, tendo em vista seu contexto de produção, os elementos e a construção composicional dos roteiros.'),
	(1322,3,29,'EF69LP38','Organizar os dados e informações pesquisados em painéis ou slides de apresentação, levando em conta o contexto de produção, o tempo disponível, as características do gênero apresentação oral, a multissemiose, as mídias e tecnologias que serão utilizadas, ensaiar a apresentação, considerando também elementos paralinguísticos e cinésicos e proceder à exposição oral de resultados de estudos e pesquisas, no tempo determinado, a partir do planejamento e da definição de diferentes formas de uso da fal'),
	(1323,3,29,'EF69LP39','Definir o recorte temático da entrevista e o entrevistado, levantar informações sobre o entrevistado e sobre o tema da entrevista, elaborar roteiro de perguntas, realizar entrevista, a partir do roteiro, abrindo possibilidades para fazer perguntas a partir da resposta, se o contexto permitir, tomar nota, gravar ou salvar a entrevista e usar adequadamente as informações obtidas, de acordo com os objetivos estabelecidos.'),
	(1324,3,29,'EF69LP40','Analisar, em gravações de seminários, conferências rápidas, trechos de palestras, dentre outros, a construção composicional dos gêneros de apresentação ? abertura/saudação, introdução ao tema, apresentação do plano de exposição, desenvolvimento dos conteúdos, por meio do encadeamento de temas e subtemas (coesão temática), síntese final e/ou conclusão, encerramento ?, os elementos paralinguísticos (tais como: tom e volume da voz, pausas e hesitações ? que, em geral, devem ser minimizadas ?, modul'),
	(1325,3,29,'EF69LP41','Usar adequadamente ferramentas de apoio a apresentações orais, escolhendo e usando tipos e tamanhos de fontes que permitam boa visualização, topicalizando e/ou organizando o conteúdo em itens, inserindo de forma adequada imagens, gráficos, tabelas, formas e elementos gráficos, dimensionando a quantidade de texto (e imagem) por slide, usando progressivamente e de forma harmônica recursos mais sofisticados como efeitos de transição, slides mestres, layouts personalizados etc.'),
	(1326,3,29,'EF69LP42','Analisar a construção composicional dos textos pertencentes a gêneros relacionados à divulgação de conhecimentos: título, (olho), introdução, divisão do texto em subtítulos, imagens ilustrativas de conceitos, relações, ou resultados complexos (fotos, ilustrações, esquemas, gráficos, infográficos, diagramas, figuras, tabelas, mapas) etc., exposição, contendo definições, descrições, comparações, enumerações, exemplificações e remissões a conceitos e relações por meio de notas de rodapé, boxes ou l'),
	(1327,3,29,'EF69LP43','Identificar e utilizar os modos de introdução de outras vozes no texto ? citação literal e sua formatação e paráfrase ?, as pistas linguísticas responsáveis por introduzir no texto a posição do autor e dos outros autores citados (?Segundo X; De acordo com Y; De minha/nossa parte, penso/amos que?...) e os elementos de normatização (tais como as regras de inclusão e formatação de citações e paráfrases, de organização de referências bibliográficas) em textos científicos, desenvolvendo reflexão sobr'),
	(1328,3,30,'EF69LP44','Inferir a presença de valores sociais, culturais e humanos e de diferentes visões de mundo, em textos literários, reconhecendo nesses textos formas de estabelecer múltiplos olhares sobre as identidades, sociedades e culturas e considerando a autoria e o contexto social e histórico de sua produção.'),
	(1329,3,30,'EF69LP45','Posicionar-se criticamente em relação a textos pertencentes a gêneros como quarta-capa, programa (de teatro, dança, exposição etc.), sinopse, resenha crítica, comentário em blog/vlog cultural etc., para selecionar obras literárias e outras manifestações artísticas (cinema, teatro, exposições, espetáculos, CD´s, DVD´s etc.), diferenciando as sequências descritivas e avaliativas e reconhecendo-os como gêneros que apoiam a escolha do livro ou produção cultural e consultando-os no momento de fazer e'),
	(1330,3,30,'EF69LP46','Participar de práticas de compartilhamento de leitura/recepção de obras literárias/ manifestações artísticas, como rodas de leitura, clubes de leitura, eventos de contação de histórias, de leituras dramáticas, de apresentações teatrais, musicais e de filmes, cineclubes, festivais de vídeo, saraus, slams, canais de booktubers, redes sociais temáticas (de leitores, de cinéfilos, de música etc.), dentre outros, tecendo, quando possível, comentários de ordem estética e afetiva'),
	(1331,3,30,'EF69LP47','Analisar, em textos narrativos ficcionais, as diferentes formas de composição próprias de cada gênero, os recursos coesivos que constroem a passagem do tempo e articulam suas partes, a escolha lexical típica de cada gênero para a caracterização dos cenários e dos personagens e os efeitos de sentido decorrentes dos tempos verbais, dos tipos de discurso, dos verbos de enunciação e das variedades linguísticas (no discurso direto, se houver) empregados, identificando o enredo e o foco narrativo e pe'),
	(1332,3,30,'EF69LP48','Interpretar, em poemas, efeitos produzidos pelo uso de recursos expressivos sonoros (estrofação, rimas, aliterações etc), semânticos (figuras de linguagem, por exemplo), gráfico- espacial (distribuição da mancha gráfica no papel), imagens e sua relação com o texto verbal.'),
	(1333,3,30,'EF69LP49','Mostrar-se interessado e envolvido pela leitura de livros de literatura e por outras produções culturais do campo e receptivo a textos que rompam com seu universo de expectativas, que representem um desafio em relação às suas possibilidades atuais e suas experiências anteriores de leitura, apoiando-se nas marcas linguísticas, em seu conhecimento sobre os gêneros e a temática e nas orientações dadas pelo professor.'),
	(1334,3,30,'EF69LP50','Elaborar texto teatral, a partir da adaptação de romances, contos, mitos, narrativas de enigma e de aventura, novelas, biografias romanceadas, crônicas, dentre outros, indicando as rubricas para caracterização do cenário, do espaço, do tempo; explicitando a caracterização física e psicológica dos personagens e dos seus modos de ação; reconfigurando a inserção do discurso direto e dos tipos de narrador; explicitando as marcas de variação linguística (dialetos, registros e jargões) e retextualizan'),
	(1335,3,30,'EF69LP51','Engajar-se ativamente nos processos de planejamento, textualização, revisão/ edição e reescrita, tendo em vista as restrições temáticas, composicionais e estilísticas dos textos pretendidos e as configurações da situação de produção ? o leitor pretendido, o suporte, o contexto de circulação do texto, as finalidades etc. ? e considerando a imaginação, a estesia e a verossimilhança próprias ao texto literário.'),
	(1336,3,30,'EF69LP52','Representar cenas ou textos dramáticos, considerando, na caracterização dos personagens, os aspectos linguísticos e paralinguísticos das falas (timbre e tom de voz, pausas e hesitações, entonação e expressividade, variedades e registros linguísticos), os gestos e os deslocamentos no espaço cênico, o figurino e a maquiagem e elaborando as rubricas indicadas pelo autor por meio do cenário, da trilha sonora e da exploração dos modos de interpretação.'),
	(1337,3,30,'EF69LP53','Ler em voz alta textos literários diversos ? como contos de amor, de humor, de suspense, de terror; crônicas líricas, humorísticas, críticas; bem como leituras orais capituladas (compartilhadas ou não com o professor) de livros de maior extensão, como romances, narrativas de enigma, narrativas de aventura, literatura infantojuvenil, ? contar/recontar histórias tanto da tradição oral (causos, contos de esperteza, contos de animais, contos de amor, contos de encantamento, piadas, dentre outros) qu'),
	(1338,3,30,'EF69LP54','Analisar os efeitos de sentido decorrentes da interação entre os elementos linguísticos e os recursos paralinguísticos e cinésicos, como as variações no ritmo, as modulações no tom de voz, as pausas, as manipulações do estrato sonoro da linguagem, obtidos por meio da estrofação, das rimas e de figuras de linguagem como as aliterações, as assonâncias, as onomatopeias, dentre outras, a postura corporal e a gestualidade, na declamação de poemas, apresentações musicais e teatrais, tanto em gêneros e'),
	(1339,3,26,'EF69LP55','Reconhecer as variedades da língua falada, o conceito de norma-padrão e o de preconceito linguístico.'),
	(1340,3,26,'EF69LP56','Fazer uso consciente e reflexivo de regras e normas da norma-padrão em situações de fala e escrita nas quais ela deve ser usada.'),
	(1341,3,39,'EF89EF01','Experimentar diferentes papéis (jogador, árbitro e técnico) e fruir os esportes de rede/parede, campo e taco, invasão e combate, valorizando o trabalho coletivo e o protagonismo.,'),
	(1342,3,39,'EF89EF02','Praticar um ou mais esportes de rede/parede, campo e taco, invasão e combate oferecidos pela escola, usando habilidades técnico-táticas básicas.'),
	(1343,3,39,'EF89EF03','Formular e utilizar estratégias para solucionar os desafios técnicos e táticos, tanto nos esportes de campo e taco, rede/parede, invasão e combate como nas modalidades esportivas escolhidas para praticar de forma específica.'),
	(1344,3,39,'EF89EF04','Identificar os elementos técnicos ou técnico-táticos individuais, combinações táticas, sistemas de jogo e regras das modalidades esportivas praticadas, bem como diferenciar as modalidades esportivas com base nos critérios da lógica interna das categorias de esporte: rede/parede, campo e taco, invasão e combate.'),
	(1345,3,39,'EF89EF05','Identificar as transformações históricas do fenômeno esportivo e discutir alguns de seus problemas (doping, corrupção, violência etc.) e a forma como as mídias os apresentam.'),
	(1346,3,39,'EF89EF06','Verificar locais disponíveis na comunidade para a prática de esportes e das demais práticas corporais tematizadas na escola, propondo e produzindo alternativas para utilizá-los no tempo livre.'),
	(1347,3,40,'EF89EF07','Experimentar e fruir um ou mais programas de exercícios físicos, identificando as exigências corporais desses diferentes programas e reconhecendo a importância de uma prática individualizada, adequada às características e necessidades de cada sujeito.,'),
	(1348,3,40,'EF89EF08','Discutir as transformações históricas dos padrões de desempenho, saúde e beleza, considerando a forma como são apresentados nos diferentes meios (científico, midiático etc.).'),
	(1349,3,40,'EF89EF09','Problematizar a prática excessiva de exercícios físicos e o uso de medicamentos para a ampliação do rendimento ou potencialização das transformações corporais.'),
	(1350,3,40,'EF89EF10','Experimentar e fruir um ou mais tipos de ginástica de conscientização corporal, identificando as exigências corporais dos mesmos.'),
	(1351,3,40,'EF89EF11','Identificar as diferenças e semelhanças entre a ginástica de conscientização corporal e as de condicionamento físico e discutir como a prática de cada uma dessas manifestações pode contribuir para a melhoria das condições de vida, saúde, bem-estar e cuidado consigo mesmo.'),
	(1352,3,41,'EF89EF12','Experimentar, fruir e recriar danças de salão, valorizando a diversidade cultural e respeitando a tradição dessas culturas.'),
	(1353,3,41,'EF89EF13','Planejar e utilizar estratégias para se apropriar dos elementos constitutivos (ritmo, espaço, gestos) das danças de salão.'),
	(1354,3,41,'EF89EF14','Discutir estereótipos e preconceitos relativos às danças de salão e demais práticas corporais e propor alternativas para sua superação.'),
	(1355,3,41,'EF89EF15','Analisar as características (ritmos, gestos, coreografias e músicas) das danças de salão, bem como suas transformações históricas e os grupos de origem.'),
	(1356,3,42,'EF89EF16','Experimentar e fruir a execução dos movimentos pertencentes às lutas do mundo, adotando procedimentos de segurança e respeitando o oponente.'),
	(1357,3,42,'EF89EF17','Planejar e utilizar estratégias básicas das lutas experimentadas, reconhecendo as suas características técnico-táticas.'),
	(1358,3,42,'EF89EF18','Discutir as transformações históricas, o processo de esportivização e a midiatização de uma ou mais lutas, valorizando e respeitando as culturas de origem.'),
	(1359,3,43,'EF89EF19','Experimentar e fruir diferentes práticas corporais de aventura na natureza, valorizando a própria segurança e integridade física, bem como as dos demais, respeitando o patrimônio natural e minimizando os impactos de degradação ambiental.'),
	(1360,3,43,'EF89EF20','Identificar riscos, formular estratégias e observar normas de segurança para superar os desafios na realização de práticas corporais de aventura na natureza.'),
	(1361,3,43,'EF89EF21','Identificar as características (equipamentos de segurança, instrumentos, indumentária, organização) das práticas corporais de aventura na natureza, bem como suas transformações históricas.'),
	(1362,3,31,'EF89LP01','Analisar os interesses que movem o campo jornalístico, os efeitos das novas tecnologias no campo e as condições que fazem da informação uma mercadoria, de forma a poder desenvolver uma atitude crítica frente aos textos jornalísticos.'),
	(1363,3,31,'EF89LP02','Analisar diferentes práticas (curtir, compartilhar, comentar, curar etc.) e textos pertencentes a diferentes gêneros da cultura digital (meme, gif, comentário, charge digital etc.) envolvidos no trato com a informação e opinião, de forma a possibilitar uma presença mais crítica e ética nas redes.'),
	(1364,3,31,'EF89LP03','Analisar textos de opinião (artigos de opinião, editoriais, cartas de leitores, comentários, posts de blog e de redes sociais, charges, memes, gifs etc.) e posicionar-se de forma crítica e fundamentada, ética e respeitosa frente a fatos e opiniões relacionados a esses textos.'),
	(1365,3,31,'EF89LP04','Identificar e avaliar teses/opiniões/posicionamentos explícitos e implícitos, argumentos e contra-argumentos em textos argumentativos do campo (carta de leitor, comentário, artigo de opinião, resenha crítica etc.), posicionando-se frente à questão controversa de forma sustentada.'),
	(1366,3,31,'EF89LP05','Analisar o efeito de sentido produzido pelo uso, em textos, de recurso a formas de apropriação textual (paráfrases, citações, discurso direto, indireto ou indireto livre).'),
	(1367,3,31,'EF89LP06','Analisar o uso de recursos persuasivos em textos argumentativos diversos (como a elaboração do título, escolhas lexicais, construções metafóricas, a explicitação ou a ocultação de fontes de informação) e seus efeitos de sentido.'),
	(1368,3,31,'EF89LP07','Analisar, em notícias, reportagens e peças publicitárias em várias mídias, os efeitos de sentido devidos ao tratamento e à composição dos elementos nas imagens em movimento, à performance, à montagem feita (ritmo, duração e sincronização entre as linguagens ? complementaridades, interferências etc.) e ao ritmo, melodia, instrumentos e sampleamentos das músicas e efeitos sonoros.'),
	(1369,3,31,'EF89LP08','Planejar reportagem impressa e em outras mídias (rádio ou TV/vídeo, sites), tendo em vista as condições de produção do texto ? objetivo, leitores/espectadores, veículos e mídia de circulação etc. ? a partir da escolha do fato a ser aprofundado ou do tema a ser focado (de relevância para a turma, escola ou comunidade), do levantamento de dados e informações sobre o fato ou tema ? que pode envolver entrevistas com envolvidos ou com especialistas, consultas a fontes diversas, análise de documentos,'),
	(1370,3,31,'EF89LP09','Produzir reportagem impressa, com título, linha fina (optativa), organização composicional (expositiva, interpretativa e/ou opinativa), progressão temática e uso de recursos linguísticos compatíveis com as escolhas feitas e reportagens multimidiáticas, tendo em vista as condições de produção, as características do gênero, os recursos e mídias disponíveis, sua organização hipertextual e o manejo adequado de recursos de captação e edição de áudio e imagem e adequação à norma-padrão.'),
	(1371,3,31,'EF89LP10','Planejar artigos de opinião, tendo em vista as condições de produção do texto ? objetivo, leitores/espectadores, veículos e mídia de circulação etc. ?, a partir da escolha do tema ou questão a ser discutido(a), da relevância para a turma, escola ou comunidade, do levantamento de dados e informações sobre a questão, de argumentos relacionados a diferentes posicionamentos em jogo, da definição ? o que pode envolver consultas a fontes diversas, entrevistas com especialistas, análise de textos, orga'),
	(1372,3,31,'EF89LP11','Produzir, revisar e editar peças e campanhas publicitárias, envolvendo o uso articulado e complementar de diferentes peças publicitárias: cartaz, banner, indoor, folheto, panfleto, anúncio de jornal/revista, para internet, spot, propaganda de rádio, TV, a partir da escolha da questão/problema/causa significativa para a escola e/ou a comunidade escolar, da definição do público-alvo, das peças que serão produzidas, das estratégias de persuasão e convencimento que serão utilizadas.'),
	(1373,3,31,'EF89LP12','Planejar coletivamente a realização de um debate sobre tema previamente definido, de interesse coletivo, com regras acordadas e planejar, em grupo, participação em debate a partir do levantamento de informações e argumentos que possam sustentar o posicionamento a ser defendido (o que pode envolver entrevistas com especialistas, consultas a fontes diversas, o registro das informações e dados obtidos etc.), tendo em vista as condições de produção do debate ? perfil dos ouvintes e demais participan'),
	(1374,3,31,'EF89LP13','Planejar entrevistas orais com pessoas ligadas ao fato noticiado, especialistas etc., como forma de obter dados e informações sobre os fatos cobertos sobre o tema ou questão discutida ou temáticas em estudo, levando em conta o gênero e seu contexto de produção, partindo do levantamento de informações sobre o entrevistado e sobre a temática e da elaboração de um roteiro de perguntas, garantindo a relevância das informações mantidas e a continuidade temática, realizar entrevista e fazer edição em '),
	(1375,3,31,'EF89LP14','Analisar, em textos argumentativos e propositivos, os movimentos argumentativos de sustentação, refutação e negociação e os tipos de argumentos, avaliando a força/tipo dos argumentos utilizados.'),
	(1376,3,31,'EF89LP15','Utilizar, nos debates, operadores argumentativos que marcam a defesa de ideia e de diálogo com a tese do outro: concordo, discordo, concordo parcialmente, do meu ponto de vista, na perspectiva aqui assumida etc.'),
	(1377,3,31,'EF89LP16','Analisar a modalização realizada em textos noticiosos e argumentativos, por meio das modalidades apreciativas, viabilizadas por classes e estruturas gramaticais como adjetivos, locuções adjetivas, advérbios, locuções adverbiais, orações adjetivas e adverbiais, orações relativas restritivas e explicativas etc., de maneira a perceber a apreciação ideológica sobre os fatos noticiados ou as posições implícitas ou assumidas.'),
	(1378,3,32,'EF89LP17','Relacionar textos e documentos legais e normativos de importância universal, nacional ou local que envolvam direitos, em especial, de crianças, adolescentes e jovens ? tais como a Declaração dos Direitos Humanos, a Constituição Brasileira, o ECA -, e a regulamentação da organização escolar ? por exemplo, regimento escolar -, a seus contextos de produção, reconhecendo e analisando possíveis motivações, finalidades e sua vinculação com experiências humanas e fatos históricos e sociais, como forma '),
	(1379,3,32,'EF89LP18','Explorar e analisar instâncias e canais de participação disponíveis na escola (conselho de escola, outros colegiados, grêmio livre), na comunidade (associações, coletivos, movimentos, etc.), no munícipio ou no país, incluindo formas de participação digital, como canais e plataformas de participação (como portal e-cidadania), serviços, portais e ferramentas de acompanhamentos do trabalho de políticos e de tramitação de leis, canais de educação política, bem como de propostas e proposições que cir'),
	(1380,3,32,'EF89LP19','Analisar, a partir do contexto de produção, a forma de organização das cartas abertas, abaixo-assinados e petições on-line (identificação dos signatários, explicitação da reivindicação feita, acompanhada ou não de uma breve apresentação da problemática e/ou de justificativas que visam sustentar a reivindicação) e a proposição, discussão e aprovação de propostas políticas ou de soluções para problemas de interesse público, apresentadas ou lidas nos canais digitais de participação, identificando s'),
	(1381,3,32,'EF89LP20','Comparar propostas políticas e de solução de problemas, identificando o que se pretende fazer/implementar, por que (motivações, justificativas), para que (objetivos, benefícios e consequências esperados), como (ações e passos), quando etc. e a forma de avaliar a eficácia da proposta/solução, contrastando dados e informações de diferentes fontes, identificando coincidências, complementaridades e contradições, de forma a poder compreender e posicionar-se criticamente sobre os dados e informações u'),
	(1382,3,32,'EF89LP21','Realizar enquetes e pesquisas de opinião, de forma a levantar prioridades, problemas a resolver ou propostas que possam contribuir para melhoria da escola ou da comunidade, caracterizar demanda/necessidade, documentando-a de diferentes maneiras por meio de diferentes procedimentos, gêneros e mídias e, quando for o caso, selecionar informações e dados relevantes de fontes pertinentes diversas (sites, impressos, vídeos etc.), avaliando a qualidade e a utilidade dessas fontes, que possam servir de '),
	(1383,3,32,'EF89LP22','Compreender e comparar as diferentes posições e interesses em jogo em uma discussão ou apresentação de propostas, avaliando a validade e força dos argumentos e as consequências do que está sendo proposto e, quando for o caso, formular e negociar propostas de diferentes naturezas relativas a interesses coletivos envolvendo a escola ou comunidade escolar.'),
	(1384,3,32,'EF89LP23','Analisar, em textos argumentativos, reivindicatórios e propositivos, os movimentos argumentativos utilizados (sustentação, refutação e negociação), avaliando a força dos argumentos utilizados.'),
	(1385,3,32,'EF89LP24','Realizar pesquisa, estabelecendo o recorte das questões, usando fontes abertas e confiáveis.'),
	(1386,3,32,'EF89LP25','Divulgar o resultado de pesquisas por meio de apresentações orais, verbetes de enciclopédias colaborativas, reportagens de divulgação científica, vlogs científicos, vídeos de diferentes tipos etc.'),
	(1387,3,32,'EF89LP26','Produzir resenhas, a partir das notas e/ou esquemas feitos, com o manejo adequado das vozes envolvidas (do resenhador, do autor da obra e, se for o caso, também dos autores citados na obra resenhada), por meio do uso de paráfrases, marcas do discurso reportado e citações.'),
	(1388,3,32,'EF89LP27','Tecer considerações e formular problematizações pertinentes, em momentos oportunos, em situações de aulas, apresentação oral, seminário etc.'),
	(1389,3,32,'EF89LP28','Tomar nota de videoaulas, aulas digitais, apresentações multimídias, vídeos de divulgação científica, documentários e afins, identificando, em função dos objetivos, informações principais para apoio ao estudo e realizando, quando necessário, uma síntese final que destaque e reorganize os pontos ou conceitos centrais e suas relações e que, em alguns casos, seja acompanhada de reflexões pessoais, que podem conter dúvidas, questionamentos, considerações etc.'),
	(1390,3,32,'EF89LP29','Utilizar e perceber mecanismos de progressão temática, tais como retomadas anafóricas (?que, cujo, onde?, pronomes do caso reto e oblíquos, pronomes demonstrativos, nomes correferentes etc.), catáforas (remetendo para adiante ao invés de retomar o já dito), uso de organizadores textuais, de coesivos etc., e analisar os mecanismos de reformulação e paráfrase utilizados nos textos de divulgação do conhecimento.'),
	(1391,3,32,'EF89LP30','Analisar a estrutura de hipertexto e hiperlinks em textos de divulgação científica que circulam na Web e proceder à remissão a conceitos e relações por meio de links.'),
	(1392,3,32,'EF89LP31','Analisar e utilizar modalização epistêmica, isto é, modos de indicar uma avaliação sobre o valor de verdade e as condições de verdade de uma proposição, tais como os asseverativos ? quando se concorda com (?realmente, evidentemente, naturalmente, efetivamente, claro, certo, lógico, sem dúvida? etc.) ou discorda de (?de jeito nenhum, de forma alguma?) uma ideia; e os quase-asseverativos, que indicam que se considera o conteúdo como quase certo (?talvez, assim, possivelmente, provavelmente, eventu'),
	(1393,3,30,'EF89LP32','Analisar os efeitos de sentido decorrentes do uso de mecanismos de intertextualidade (referências, alusões, retomadas) entre os textos literários, entre esses textos literários e outras manifestações artísticas (cinema, teatro, artes visuais e midiáticas, música), quanto aos temas, personagens, estilos, autores etc., e entre o texto original e paródias, paráfrases, pastiches, trailer honesto, vídeos-minuto, vidding, dentre outros.'),
	(1394,3,30,'EF89LP33','Ler, de forma autônoma, e compreender ? selecionando procedimentos e estratégias de leitura adequados a diferentes objetivos e levando em conta características dos gêneros e suportes ? romances, contos contemporâneos, minicontos, fábulas contemporâneas, romances juvenis, biografias romanceadas, novelas, crônicas visuais, narrativas de ficção científica, narrativas de suspense, poemas de forma livre e fixa (como haicai), poema concreto, ciberpoema, dentre outros, expressando avaliação sobre o tex'),
	(1395,3,30,'EF89LP34','Analisar a organização de texto dramático apresentado em teatro, televisão, cinema, identificando e percebendo os sentidos decorrentes dos recursos linguísticos e semióticos que sustentam sua realização como peça teatral, novela, filme etc.'),
	(1396,3,30,'EF89LP35','Criar contos ou crônicas (em especial, líricas), crônicas visuais, minicontos, narrativas de aventura e de ficção científica, dentre outros, com temáticas próprias ao gênero, usando os conhecimentos sobre os constituintes estruturais e recursos expressivos típicos dos gêneros narrativos pretendidos, e, no caso de produção em grupo, ferramentas de escrita colaborativa.'),
	(1397,3,30,'EF89LP36','Parodiar poemas conhecidos da literatura e criar textos em versos (como poemas concretos, ciberpoemas, haicais, liras, microrroteiros, lambe-lambes e outros tipos de poemas), explorando o uso de recursos sonoros e semânticos (como figuras de linguagem e jogos de palavras) e visuais (como relações entre imagem e texto verbal e distribuição da mancha gráfica), de forma a propiciar diferentes efeitos de sentido.'),
	(1398,3,26,'EF89LP37','Analisar os efeitos de sentido do uso de figuras de linguagem como ironia, eufemismo, antítese, aliteração, assonância, dentre outras.'),
	(1399,3,20,'EM13CNT310','Investigar e analisar os efeitos de programas de infraestrutura e demais serviços básicos (saneamento, energia elétrica, transporte, telecomunicações, cobertura vacinal, atendimento primário à saúde e produção de alimentos, entre outros) e identificar necessidades locais e/ou regionais em relação a esses serviços, a fim de avaliar e/ou promover ações que contribuam para a melhoria na qualidade de vida e nas condições de saúde da população.'),
	(1400,3,20,'EM13LGG101','Compreender e analisar processos de produção e circulação de discursos, nas diferentes linguagens, para fazer escolhas fundamentadas em função de interesses pessoais e coletivos.'),
	(1401,3,20,'EM13LGG102','Analisar visões de mundo, conflitos de interesse, preconceitos e ideologias presentes nos discursos veiculados nas diferentes mídias, ampliando suas possibilidades de explicação, interpretação e intervenção crítica da/na realidade.'),
	(1402,3,20,'EM13LGG103','Analisar o funcionamento das linguagens, para interpretar e produzir criticamente discursos em textos de diversas semioses (visuais, verbais, sonoras, gestuais).'),
	(1403,3,20,'EM13LGG104','Utilizar as diferentes linguagens, levando em conta seus funcionamentos, para a compreensão e produção de textos e discursos em diversos campos de atuação social.'),
	(1404,3,20,'EM13LGG201','Utilizar as diversas linguagens (artísticas, corporais e verbais) em diferentes contextos, valorizando-as como fenômeno social, cultural, histórico, variável, heterogêneo e sensível aos contextos de uso.'),
	(1405,3,20,'EM13LGG202','Analisar interesses, relações de poder e perspectivas de mundo nos discursos das diversas práticas de linguagem (artísticas, corporais e verbais), compreendendo criticamente o modo como circulam, constituem-se e (re)produzem significação e ideologias.'),
	(1406,3,20,'EM13LGG203','Analisar os diálogos e os processos de disputa por legitimidade nas práticas de linguagem e em suas produções (artísticas, corporais e verbais).'),
	(1407,3,20,'EM13LGG204','Dialogar e produzir entendimento mútuo, nas diversas linguagens (artísticas, corporais e verbais), com vistas ao interesse comum pautado em princípios e valores de equidade assentados na democracia e nos Direitos Humanos.'),
	(1408,3,20,'EM13LGG301','Participar de processos de produção individual e colaborativa em diferentes linguagens (artísticas, corporais e verbais), levando em conta suas formas e seus funcionamentos, para produzir sentidos em diferentes contextos.'),
	(1409,3,20,'EM13LGG302','Posicionar-se criticamente diante de diversas visões de mundo presentes nos discursos em diferentes linguagens, levando em conta seus contextos de produção e de circulação.'),
	(1410,3,20,'EM13LGG303','Debater questões polêmicas de relevância social, analisando diferentes argumentos e opiniões, para formular, negociar e sustentar posições, frente à análise de perspectivas distintas.'),
	(1411,3,20,'EM13LGG304','Formular propostas, intervir e tomar decisões que levem em conta o bem comum e os Direitos Humanos, a consciência socioambiental e o consumo responsável em âmbito local, regional e global.'),
	(1412,3,20,'EM13LGG305','Mapear e criar, por meio de práticas de linguagem, possibilidades de atuação social, política, artística e cultural para enfrentar desafios contemporâneos, discutindo princípios e objetivos dessa atuação de maneira crítica, criativa, solidária e ética.'),
	(1413,3,20,'EM13LGG401','Analisar criticamente textos de modo a compreender e caracterizar as línguas como fenômeno (geo)político, histórico, social, cultural, variável, heterogêneo e sensível aos contextos de uso.'),
	(1414,3,20,'EM13LGG402','Empregar, nas interações sociais, a variedade e o estilo de língua adequados à situação comunicativa, ao(s) interlocutor(es) e ao gênero do discurso, respeitando os usos das línguas por esse(s) interlocutor(es) e sem preconceito linguístico.'),
	(1415,3,20,'EM13LGG403','Fazer uso do inglês como língua de comunicação global, levando em conta a multiplicidade e variedade de usos, usuários e funções dessa língua no mundo contemporâneo.'),
	(1416,3,20,'EM13LGG501','Selecionar e utilizar movimentos corporais de forma consciente e intencional para interagir socialmente em práticas corporais, de modo a estabelecer relações construtivas, empáticas, éticas e de respeito às diferenças.'),
	(1417,3,20,'EM13LGG502','Analisar criticamente preconceitos, estereótipos e relações de poder presentes nas práticas corporais, adotando posicionamento contrário a qualquer manifestação de injustiça e desrespeito a direitos humanos e valores democráticos.'),
	(1418,3,20,'EM13LGG503','Vivenciar práticas corporais e significá-las em seu projeto de vida, como forma de autoconhecimento, autocuidado com o corpo e com a saúde, socialização e entretenimento.'),
	(1419,3,20,'EM13LGG601','Apropriar-se do patrimônio artístico de diferentes tempos e lugares, compreendendo a sua diversidade, bem como os processos de legitimação das manifestações artísticas na sociedade, desenvolvendo visão crítica e histórica.'),
	(1420,3,20,'EM13LGG602','Fruir e apreciar esteticamente diversas manifestações artísticas e culturais, das locais às mundiais, assim como delas participar, de modo a aguçar continuamente a sensibilidade, a imaginação e a criatividade.'),
	(1421,3,20,'EM13LGG603','Expressar-se e atuar em processos de criação autorais individuais e coletivos nas diferentes linguagens artísticas (artes visuais, audiovisual, dança, música e teatro) e nas intersecções entre elas, recorrendo a referências estéticas e culturais, conhecimentos de naturezas diversas (artísticos, históricos, sociais e políticos) e experiências individuais e coletivas.'),
	(1422,3,20,'EM13LGG604','Relacionar as práticas artísticas às diferentes dimensões da vida social, cultural, política e econômica e identificar o processo de construção histórica dessas práticas.'),
	(1423,3,20,'EM13LGG701','Explorar tecnologias digitais da informação e comunicação (TDIC), compreendendo seus princípios e funcionalidades, e utilizá-las de modo ético, criativo, responsável e adequado a práticas de linguagem em diferentes contextos.'),
	(1424,3,20,'EM13LGG702','Avaliar o impacto das tecnologias digitais da informação e comunicação (TDIC) na formação do sujeito e em suas práticas sociais, para fazer uso crítico dessa mídia em práticas de seleção, compreensão e produção de discursos em ambiente digital.'),
	(1425,3,20,'EM13LGG703','Utilizar diferentes linguagens, mídias e ferramentas digitais em processos de produção coletiva, colaborativa e projetos autorais em ambientes digitais.'),
	(1426,3,20,'EM13LGG704','Apropriar-se criticamente de processos de pesquisa e busca de informação, por meio de ferramentas e dos novos formatos de produção e distribuição do conhecimento na cultura de rede.'),
	(1427,3,21,'EM13MAT101','Interpretar criticamente situações econômicas, sociais e fatos relativos às Ciências da Natureza que envolvam a variação de grandezas, pela análise dos gráficos das funções representadas e das taxas de variação, com ou sem apoio de tecnologias digitais.'),
	(1428,3,21,'EM13MAT102','Analisar tabelas, gráficos e amostras de pesquisas estatísticas apresentadas em relatórios divulgados por diferentes meios de comunicação, identificando, quando for o caso, inadequações que possam induzir a erros de interpretação, como escalas e amostras não apropriadas.'),
	(1429,3,21,'EM13MAT103','Interpretar e compreender textos científicos ou divulgados pelas mídias, que empregam unidades de medida de diferentes grandezas e as conversões possíveis entre elas, adotadas ou não pelo Sistema Internacional (SI), como as de armazenamento e velocidade de transferência de dados, ligadas aos avanços tecnológicos.'),
	(1430,3,21,'EM13MAT104','Interpretar taxas e índices de natureza socioeconômica (índice de desenvolvimento humano, taxas de inflação, entre outros), investigando os processos de cálculo desses números, para analisar criticamente a realidade e produzir argumentos.'),
	(1431,3,21,'EM13MAT105','Utilizar as noções de transformações isométricas (translação, reflexão, rotação e composições destas) e transformações homotéticas para construir figuras e analisar elementos da natureza e diferentes produções humanas (fractais, construções civis, obras de arte, entre outras).'),
	(1432,3,21,'EM13MAT106','Identificar situações da vida cotidiana nas quais seja necessário fazer escolhas levando-se em conta os riscos probabilísticos (usar este ou aquele método contraceptivo, optar por um tratamento médico em detrimento de outro etc.).'),
	(1433,3,21,'EM13MAT201','Propor ou participar de ações adequadas às demandas da região, preferencialmente para sua comunidade, envolvendo medições e cálculos de perímetro, de área, de volume, de capacidade ou de massa.'),
	(1434,3,21,'EM13MAT202','Planejar e executar pesquisa amostral sobre questões relevantes, usando dados coletados diretamente ou em diferentes fontes, e comunicar os resultados por meio de relatório contendo gráficos e interpretação das medidas de tendência central e das medidas de dispersão (amplitude e desvio padrão), utilizando ou não recursos tecnológicos.'),
	(1435,3,21,'EM13MAT203','Aplicar conceitos matemáticos no planejamento, na execução e na análise de ações envolvendo a utilização de aplicativos e a criação de planilhas (para o controle de orçamento familiar, simuladores de cálculos de juros simples e compostos, entre outros), para tomar decisões.'),
	(1436,3,21,'EM13MAT301','Resolver e elaborar problemas do cotidiano, da Matemática e de outras áreas do conhecimento, que envolvem equações lineares simultâneas, usando técnicas algébricas e gráficas, com ou sem apoio de tecnologias digitais.'),
	(1437,3,21,'EM13MAT302','Construir modelos empregando as funções polinomiais de 1º ou 2º graus, para resolver problemas em contextos diversos, com ou sem apoio de tecnologias digitais.'),
	(1438,3,21,'EM13MAT303','Interpretar e comparar situações que envolvam juros simples com as que envolvem juros compostos, por meio de representações gráficas ou análise de planilhas, destacando o crescimento linear ou exponencial de cada caso.'),
	(1439,3,21,'EM13MAT304','Resolver e elaborar problemas com funções exponenciais nos quais seja necessário compreender e interpretar a variação das grandezas envolvidas, em contextos como o da Matemática Financeira, entre outros.'),
	(1440,3,21,'EM13MAT305','Resolver e elaborar problemas com funções logarítmicas nos quais seja necessário compreender e interpretar a variação das grandezas envolvidas, em contextos como os de abalos sísmicos, pH, radioatividade, Matemática Financeira, entre outros.'),
	(1441,3,21,'EM13MAT306','Resolver e elaborar problemas em contextos que envolvem fenômenos periódicos reais (ondas sonoras, fases da lua, movimentos cíclicos, entre outros) e comparar suas representações com as funções seno e cosseno, no plano cartesiano, com ou sem apoio de aplicativos de álgebra e geometria.'),
	(1442,3,21,'EM13MAT307','Empregar diferentes métodos para a obtenção da medida da área de uma superfície (reconfigurações, aproximação por cortes etc.) e deduzir expressões de cálculo para aplicá-las em situações reais (como o remanejamento e a distribuição de plantações, entre outros), com ou sem apoio de tecnologias digitais.'),
	(1443,3,21,'EM13MAT308','Aplicar as relações métricas, incluindo as leis do seno e do cosseno ou as noções de congruência e semelhança, para resolver e elaborar problemas que envolvem triângulos, em variados contextos.'),
	(1444,3,21,'EM13MAT309','Resolver e elaborar problemas que envolvem o cálculo de áreas totais e de volumes de prismas, pirâmides e corpos redondos em situações reais (como o cálculo do gasto de material para revestimento ou pinturas de objetos cujos formatos sejam composições dos sólidos estudados), com ou sem apoio de tecnologias digitais.'),
	(1445,3,21,'EM13MAT310','Resolver e elaborar problemas de contagem envolvendo agrupamentos ordenáveis ou não de elementos, por meio dos princípios multiplicativo e aditivo, recorrendo a estratégias diversas, como o diagrama de árvore.'),
	(1446,3,21,'EM13MAT311','Identificar e descrever o espaço amostral de eventos aleatórios, realizando contagem das possibilidades, para resolver e elaborar problemas que envolvem o cálculo da probabilidade.'),
	(1447,3,21,'EM13MAT312','Resolver e elaborar problemas que envolvem o cálculo de probabilidade de eventos em experimentos aleatórios sucessivos.'),
	(1448,3,21,'EM13MAT313','Utilizar, quando necessário, a notação científica para expressar uma medida, compreendendo as noções de algarismos significativos e algarismos duvidosos, e reconhecendo que toda medida é inevitavelmente acompanhada de erro.'),
	(1449,3,21,'EM13MAT314','Resolver e elaborar problemas que envolvem grandezas determinadas pela razão ou pelo produto de outras (velocidade, densidade demográfica, energia elétrica etc.).'),
	(1450,3,21,'EM13MAT315','Investigar e registrar, por meio de um fluxograma, quando possível, um algoritmo que resolve um problema.'),
	(1451,3,21,'EM13MAT316','Resolver e elaborar problemas, em diferentes contextos, que envolvem cálculo e interpretação das medidas de tendência central (média, moda, mediana) e das medidas de dispersão (amplitude, variância e desvio padrão).'),
	(1452,3,21,'EM13MAT401','Converter representações algébricas de funções polinomiais de 1º grau em representações geométricas no plano cartesiano, distinguindo os casos nos quais o comportamento é proporcional, recorrendo ou não a softwares ou aplicativos de álgebra e geometria dinâmica.'),
	(1453,3,21,'EM13MAT402','Converter representações algébricas de funções polinomiais de 2º grau em representações geométricas no plano cartesiano, distinguindo os casos nos quais uma variável for diretamente proporcional ao quadrado da outra, recorrendo ou não a softwares ou aplicativos de álgebra e geometria dinâmica, entre outros materiais.'),
	(1454,3,21,'EM13MAT403','Analisar e estabelecer relações, com ou sem apoio de tecnologias digitais, entre as representações de funções exponencial e logarítmica expressas em tabelas e em plano cartesiano, para identificar as características fundamentais (domínio, imagem, crescimento) de cada função.'),
	(1455,3,21,'EM13MAT404','Analisar funções definidas por uma ou mais sentenças (tabela do Imposto de Renda, contas de luz, água, gás etc.), em suas representações algébrica e gráfica, identificando domínios de validade, imagem, crescimento e decrescimento, e convertendo essas representações de uma para outra, com ou sem apoio de tecnologias digitais.'),
	(1456,3,21,'EM13MAT405','Utilizar conceitos iniciais de uma linguagem de programação na implementação de algoritmos escritos em linguagem corrente e/ou matemática.'),
	(1457,3,21,'EM13MAT406','Construir e interpretar tabelas e gráficos de frequências com base em dados obtidos em pesquisas por amostras estatísticas, incluindo ou não o uso de softwares que inter-relacionem estatística, geometria e álgebra.'),
	(1458,3,21,'EM13MAT407','Interpretar e comparar conjuntos de dados estatísticos por meio de diferentes diagramas e gráficos (histograma, de caixa (box-plot), de ramos e folhas, entre outros), reconhecendo os mais eficientes para sua análise.'),
	(1459,3,21,'EM13MAT501','Investigar relações entre números expressos em tabelas para representá-los no plano cartesiano, identificando padrões e criando conjecturas para generalizar e expressar algebricamente essa generalização, reconhecendo quando essa representação é de função polinomial de 1º grau.'),
	(1460,3,21,'EM13MAT502','Investigar relações entre números expressos em tabelas para representá-los no plano cartesiano, identificando padrões e criando conjecturas para generalizar e expressar algebricamente essa generalização, reconhecendo quando essa representação é de função polinomial de 2º grau do tipo y = ax2.'),
	(1461,3,21,'EM13MAT503','Investigar pontos de máximo ou de mínimo de funções quadráticas em contextos envolvendo superfícies, Matemática Financeira ou Cinemática, entre outros, com apoio de tecnologias digitais.'),
	(1462,3,21,'EM13MAT504','Investigar processos de obtenção da medida do volume de prismas, pirâmides, cilindros e cones, incluindo o princípio de Cavalieri, para a obtenção das fórmulas de cálculo da medida do volume dessas figuras.'),
	(1463,3,21,'EM13MAT505','Resolver problemas sobre ladrilhamento do plano, com ou sem apoio de aplicativos de geometria dinâmica, para conjecturar a respeito dos tipos ou composição de polígonos que podem ser utilizados em ladrilhamento, generalizando padrões observados.'),
	(1464,3,21,'EM13MAT506','Representar graficamente a variação da área e do perímetro de um polígono regular quando os comprimentos de seus lados variam, analisando e classificando as funções envolvidas.'),
	(1465,3,21,'EM13MAT507','Identificar e associar progressões aritméticas (PA) a funções afins de domínios discretos, para análise de propriedades, dedução de algumas fórmulas e resolução de problemas.'),
	(1466,3,21,'EM13MAT508','Identificar e associar progressões geométricas (PG) a funções exponenciais de domínios discretos, para análise de propriedades, dedução de algumas fórmulas e resolução de problemas.'),
	(1467,3,21,'EM13MAT509','Investigar a deformação de ângulos e áreas provocada pelas diferentes projeções usadas em cartografia (como a cilíndrica e a cônica), com ou sem suporte de tecnologia digital.'),
	(1468,3,21,'EM13MAT510','Investigar conjuntos de dados relativos ao comportamento de duas variáveis numéricas, usando ou não tecnologias da informação, e, quando apropriado, levar em conta a variação e utilizar uma reta para descrever a relação observada.'),
	(1469,3,21,'EM13MAT511','Reconhecer a existência de diferentes tipos de espaços amostrais, discretos ou não, e de eventos, equiprováveis ou não, e investigar implicações no cálculo de probabilidades.'),
	(1470,3,22,'EM13CHS606','Analisar as características socioeconômicas da sociedade brasileira - com base na análise de documentos (dados, tabelas, mapas etc.) de diferentes fontes - e propor medidas para enfrentar os problemas identificados e construir uma sociedade mais próspera, justa e inclusiva, que valorize o protagonismo de seus cidadãos e promova o autoconhecimento, a autoestima, a autoconfiança e a empatia.'),
	(1471,3,22,'EM13CNT101','Analisar e representar, com ou sem o uso de dispositivos e de aplicativos digitais específicos, as transformações e conservações em sistemas que envolvam quantidade de matéria, de energia e de movimento para realizar previsões sobre seus comportamentos em situações cotidianas e em processos produtivos que priorizem o desenvolvimento sustentável, o uso consciente dos recursos naturais e a preservação da vida em todas as suas formas.'),
	(1472,3,22,'EM13CNT102','Realizar previsões, avaliar intervenções e/ou construir protótipos de sistemas térmicos que visem à sustentabilidade, considerando sua composição e os efeitos das variáveis termodinâmicas sobre seu funcionamento, considerando também o uso de tecnologias digitais que auxiliem no cálculo de estimativas e no apoio à construção dos protótipos.'),
	(1473,3,22,'EM13CNT103','Utilizar o conhecimento sobre as radiações e suas origens para avaliar as potencialidades e os riscos de sua aplicação em equipamentos de uso cotidiano, na saúde, no ambiente, na indústria, na agricultura e na geração de energia elétrica.'),
	(1474,3,22,'EM13CNT104','Avaliar os benefícios e os riscos à saúde e ao ambiente, considerando a composição, a toxicidade e a reatividade de diferentes materiais e produtos, como também o nível de exposição a eles, posicionando-se criticamente e propondo soluções individuais e/ou coletivas para seus usos e descartes responsáveis.'),
	(1475,3,22,'EM13CNT105','Analisar os ciclos biogeoquímicos e interpretar os efeitos de fenômenos naturais e da interferência humana sobre esses ciclos, para promover ações individuais e/ ou coletivas que minimizem consequências nocivas à vida.'),
	(1476,3,22,'EM13CNT106','Avaliar, com ou sem o uso de dispositivos e aplicativos digitais, tecnologias e possíveis soluções para as demandas que envolvem a geração, o transporte, a distribuição e o consumo de energia elétrica, considerando a disponibilidade de recursos, a eficiência energética, a relação custo/benefício, as características geográficas e ambientais, a produção de resíduos e os impactos socioambientais e culturais.'),
	(1477,3,22,'EM13CNT107','Realizar previsões qualitativas e quantitativas sobre o funcionamento de geradores, motores elétricos e seus componentes, bobinas, transformadores, pilhas, baterias e dispositivos eletrônicos, com base na análise dos processos de transformação e condução de energia envolvidos - com ou sem o uso de dispositivos e aplicativos digitais -, para propor ações que visem a sustentabilidade.'),
	(1478,3,22,'EM13CNT201','Analisar e discutir modelos, teorias e leis propostos em diferentes épocas e culturas para comparar distintas explicações sobre o surgimento e a evolução da Vida, da Terra e do Universo com as teorias científicas aceitas atualmente.'),
	(1479,3,22,'EM13CNT202','Analisar as diversas formas de manifestação da vida em seus diferentes níveis de organização, bem como as condições ambientais favoráveis e os fatores limitantes a elas, com ou sem o uso de dispositivos e aplicativos digitais (como softwares de simulação e de realidade virtual, entre outros).'),
	(1480,3,22,'EM13CNT203','Avaliar e prever efeitos de intervenções nos ecossistemas, e seus impactos nos seres vivos e no corpo humano, com base nos mecanismos de manutenção da vida, nos ciclos da matéria e nas transformações e transferências de energia, utilizando representações e simulações sobre tais fatores, com ou sem o uso de dispositivos e aplicativos digitais (como softwares de simulação e de realidade virtual, entre outros).'),
	(1481,3,22,'EM13CNT204','Elaborar explicações, previsões e cálculos a respeito dos movimentos de objetos na Terra, no Sistema Solar e no Universo com base na análise das interações gravitacionais, com ou sem o uso de dispositivos e aplicativos digitais (como softwares de simulação e de realidade virtual, entre outros).'),
	(1482,3,22,'EM13CNT205','Interpretar resultados e realizar previsões sobre atividades experimentais, fenômenos naturais e processos tecnológicos, com base nas noções de probabilidade e incerteza, reconhecendo os limites explicativos das ciências.'),
	(1483,3,22,'EM13CNT206','Discutir a importância da preservação e conservação da biodiversidade, considerando parâmetros qualitativos e quantitativos, e avaliar os efeitos da ação humana e das políticas ambientais para a garantia da sustentabilidade do planeta.'),
	(1484,3,22,'EM13CNT207','Identificar, analisar e discutir vulnerabilidades vinculadas às vivências e aos desafios contemporâneos aos quais as juventudes estão expostas, considerando os aspectos físico, psicoemocional e social, a fim de desenvolver e divulgar ações de prevenção e de promoção da saúde e do bem-estar.'),
	(1485,3,22,'EM13CNT208','Aplicar os princípios da evolução biológica para analisar a história humana, considerando sua origem, diversificação, dispersão pelo planeta e diferentes formas de interação com a natureza, valorizando e respeitando a diversidade étnica e cultural humana.'),
	(1486,3,22,'EM13CNT209','Analisar a evolução estelar associando-a aos modelos de origem e distribuição dos elementos químicos no Universo, compreendendo suas relações com as condições necessárias ao surgimento de sistemas solares e planetários, suas estruturas e composições e as possibilidades de existência de vida, utilizando representações e simulações, com ou sem o uso de dispositivos e aplicativos digitais (como softwares de simulação e de realidade virtual, entre outros).'),
	(1487,3,22,'EM13CNT301','Construir questões, elaborar hipóteses, previsões e estimativas, empregar instrumentos de medição e representar e interpretar modelos explicativos, dados e/ou resultados experimentais para construir, avaliar e justificar conclusões no enfrentamento de situações-problema sob uma perspectiva científica.'),
	(1488,3,22,'EM13CNT302','Comunicar, para públicos variados, em diversos contextos, resultados de análises, pesquisas e/ou experimentos, elaborando e/ou interpretando textos, gráficos, tabelas, símbolos, códigos, sistemas de classificação e equações, por meio de diferentes linguagens, mídias, tecnologias digitais de informação e comunicação (TDIC), de modo a participar e/ou promover debates em torno de temas científicos e/ou tecnológicos de relevância sociocultural e ambiental.'),
	(1489,3,22,'EM13CNT303','Interpretar textos de divulgação científica que tratem de temáticas das Ciências da Natureza, disponíveis em diferentes mídias, considerando a apresentação dos dados, tanto na forma de textos como em equações, gráficos e/ou tabelas, a consistência dos argumentos e a coerência das conclusões, visando construir estratégias de seleção de fontes confiáveis de informações.'),
	(1490,3,22,'EM13CNT304','Analisar e debater situações controversas sobre a aplicação de conhecimentos da área de Ciências da Natureza (tais como tecnologias do DNA, tratamentos com células-tronco, neurotecnologias, produção de tecnologias de defesa, estratégias de controle de pragas, entre outros), com base em argumentos consistentes, legais, éticos e responsáveis, distinguindo diferentes pontos de vista.'),
	(1491,3,22,'EM13CNT305','Investigar e discutir o uso indevido de conhecimentos das Ciências da Natureza na justificativa de processos de discriminação, segregação e privação de direitos individuais e coletivos, em diferentes contextos sociais e históricos, para promover a equidade e o respeito à diversidade.'),
	(1492,3,22,'EM13CNT306','Avaliar os riscos envolvidos em atividades cotidianas, aplicando conhecimentos das Ciências da Natureza, para justificar o uso de equipamentos e recursos, bem como comportamentos de segurança, visando à integridade física, individual e coletiva, e socioambiental, podendo fazer uso de dispositivos e aplicativos digitais que viabilizem a estruturação de simulações de tais riscos.'),
	(1493,3,22,'EM13CNT307','Analisar as propriedades dos materiais para avaliar a adequação de seu uso em diferentes aplicações (industriais, cotidianas, arquitetônicas ou tecnológicas) e/ ou propor soluções seguras e sustentáveis considerando seu contexto local e cotidiano.'),
	(1494,3,22,'EM13CNT308','Investigar e analisar o funcionamento de equipamentos elétricos e/ou eletrônicos e sistemas de automação para compreender as tecnologias contemporâneas e avaliar seus impactos sociais, culturais e ambientais.'),
	(1495,3,22,'EM13CNT309','Analisar questões socioambientais, políticas e econômicas relativas à dependência do mundo atual em relação aos recursos não renováveis e discutir a necessidade de introdução de alternativas e novas tecnologias energéticas e de materiais, comparando diferentes tipos de motores e processos de produção de novos materiais.'),
	(1496,3,23,'EM13CHS101','Identificar, analisar e comparar diferentes fontes e narrativas expressas em diversas linguagens, com vistas à compreensão de ideias filosóficas e de processos e eventos históricos, geográficos, políticos, econômicos, sociais, ambientais e culturais.'),
	(1497,3,23,'EM13CHS102','Identificar, analisar e discutir as circunstâncias históricas, geográficas, políticas, econômicas, sociais, ambientais e culturais de matrizes conceituais (etnocentrismo, racismo, evolução, modernidade, cooperativismo/desenvolvimento etc.), avaliando criticamente seu significado histórico e comparando-as a narrativas que contemplem outros agentes e discursos.'),
	(1498,3,23,'EM13CHS103','Elaborar hipóteses, selecionar evidências e compor argumentos relativos a processos políticos, econômicos, sociais, ambientais, culturais e epistemológicos, com base na sistematização de dados e informações de diversas naturezas (expressões artísticas, textos filosóficos e sociológicos, documentos históricos e geográficos, gráficos, mapas, tabelas, tradições orais, entre outros).'),
	(1499,3,23,'EM13CHS104','Analisar objetos e vestígios da cultura material e imaterial de modo a identificar conhecimentos, valores, crenças e práticas que caracterizam a identidade e a diversidade cultural de diferentes sociedades inseridas no tempo e no espaço.'),
	(1500,3,23,'EM13CHS105','Identificar, contextualizar e criticar tipologias evolutivas (populações nômades e sedentárias, entre outras) e oposições dicotômicas (cidade/campo, cultura/ natureza, civilizados/bárbaros, razão/emoção, material/virtual etc.), explicitando suas ambiguidades.'),
	(1501,3,23,'EM13CHS106','Utilizar as linguagens cartográfica, gráfica e iconográfica, diferentes gêneros textuais e tecnologias digitais de informação e comunicação de forma crítica, significativa, reflexiva e ética nas diversas práticas sociais, incluindo as escolares, para se comunicar, acessar e difundir informações, produzir conhecimentos, resolver problemas e exercer protagonismo e autoria na vida pessoal e coletiva.'),
	(1502,3,23,'EM13CHS201','Analisar e caracterizar as dinâmicas das populações, das mercadorias e do capital nos diversos continentes, com destaque para a mobilidade e a fixação de pessoas, grupos humanos e povos, em função de eventos naturais, políticos, econômicos, sociais, religiosos e culturais, de modo a compreender e posicionar-se criticamente em relação a esses processos e às possíveis relações entre eles.'),
	(1503,3,23,'EM13CHS202','Analisar e avaliar os impactos das tecnologias na estruturação e nas dinâmicas de grupos, povos e sociedades contemporâneos (fluxos populacionais, financeiros, de mercadorias, de informações, de valores éticos e culturais etc.), bem como suas interferências nas decisões políticas, sociais, ambientais, econômicas e culturais.'),
	(1504,3,23,'EM13CHS203','Comparar os significados de território, fronteiras e vazio (espacial, temporal e cultural) em diferentes sociedades, contextualizando e relativizando visões dualistas (civilização/barbárie, nomadismo/sedentarismo, esclarecimento/obscurantismo, cidade/campo, entre outras).'),
	(1505,3,23,'EM13CHS204','Comparar e avaliar os processos de ocupação do espaço e a formação de territórios, territorialidades e fronteiras, identificando o papel de diferentes agentes (como grupos sociais e culturais, impérios, Estados Nacionais e organismos internacionais) e considerando os conflitos populacionais (internos e externos), a diversidade étnico-cultural e as características socioeconômicas, políticas e tecnológicas.'),
	(1506,3,23,'EM13CHS205','Analisar a produção de diferentes territorialidades em suas dimensões culturais, econômicas, ambientais, políticas e sociais, no Brasil e no mundo contemporâneo, com destaque para as culturas juvenis.'),
	(1507,3,23,'EM13CHS206','Analisar a ocupação humana e a produção do espaço em diferentes tempos, aplicando os princípios de localização, distribuição, ordem, extensão, conexão, arranjos, casualidade, entre outros que contribuem para o raciocínio geográfico.'),
	(1508,3,23,'EM13CHS301','Problematizar hábitos e práticas individuais e coletivos de produção, reaproveitamento e descarte de resíduos em metrópoles, áreas urbanas e rurais, e comunidades com diferentes características socioeconômicas, e elaborar e/ou selecionar propostas de ação que promovam a sustentabilidade socioambiental, o combate à poluição sistêmica e o consumo responsável.'),
	(1509,3,23,'EM13CHS302','Analisar e avaliar criticamente os impactos econômicos e socioambientais de cadeias produtivas ligadas à exploração de recursos naturais e às atividades agropecuárias em diferentes ambientes e escalas de análise, considerando o modo de vida das populações locais - entre elas as indígenas, quilombolas e demais comunidades tradicionais -, suas práticas agroextrativistas e o compromisso com a sustentabilidade.'),
	(1510,3,23,'EM13CHS303','Debater e avaliar o papel da indústria cultural e das culturas de massa no estímulo ao consumismo, seus impactos econômicos e socioambientais, com vistas à percepção crítica das necessidades criadas pelo consumo e à adoção de hábitos sustentáveis.'),
	(1511,3,23,'EM13CHS304','Analisar os impactos socioambientais decorrentes de práticas de instituições governamentais, de empresas e de indivíduos, discutindo as origens dessas práticas, selecionando, incorporando e promovendo aquelas que favoreçam a consciência e a ética socioambiental e o consumo responsável.'),
	(1512,3,23,'EM13CHS305','Analisar e discutir o papel e as competências legais dos organismos nacionais e internacionais de regulação, controle e fiscalização ambiental e dos acordos internacionais para a promoção e a garantia de práticas ambientais sustentáveis.'),
	(1513,3,23,'EM13CHS306','Contextualizar, comparar e avaliar os impactos de diferentes modelos socioeconômicos no uso dos recursos naturais e na promoção da sustentabilidade econômica e socioambiental do planeta (como a adoção dos sistemas da agrobiodiversidade e agroflorestal por diferentes comunidades, entre outros).'),
	(1514,3,23,'EM13CHS401','Identificar e analisar as relações entre sujeitos, grupos, classes sociais e sociedades com culturas distintas diante das transformações técnicas, tecnológicas e informacionais e das novas formas de trabalho ao longo do tempo, em diferentes espaços (urbanos e rurais) e contextos.'),
	(1515,3,23,'EM13CHS402','Analisar e comparar indicadores de emprego, trabalho e renda em diferentes espaços, escalas e tempos, associando-os a processos de estratificação e desigualdade socioeconômica.'),
	(1516,3,23,'EM13CHS403','Caracterizar e analisar os impactos das transformações tecnológicas nas relações sociais e de trabalho próprias da contemporaneidade, promovendo ações voltadas à superação das desigualdades sociais, da opressão e da violação dos Direitos Humanos.'),
	(1517,3,23,'EM13CHS404','Identificar e discutir os múltiplos aspectos do trabalho em diferentes circunstâncias e contextos históricos e/ou geográficos e seus efeitos sobre as gerações, em especial, os jovens, levando em consideração, na atualidade, as transformações técnicas, tecnológicas e informacionais.'),
	(1518,3,23,'EM13CHS501','Analisar os fundamentos da ética em diferentes culturas, tempos e espaços, identificando processos que contribuem para a formação de sujeitos éticos que valorizem a liberdade, a cooperação, a autonomia, o empreendedorismo, a convivência democrática e a solidariedade.'),
	(1519,3,23,'EM13CHS502','Analisar situações da vida cotidiana, estilos de vida, valores, condutas etc., desnaturalizando e problematizando formas de desigualdade, preconceito, intolerância e discriminação, e identificar ações que promovam os Direitos Humanos, a solidariedade e o respeito às diferenças e às liberdades individuais.'),
	(1520,3,23,'EM13CHS503','Identificar diversas formas de violência (física, simbólica, psicológica etc.), suas principais vítimas, suas causas sociais, psicológicas e afetivas, seus significados e usos políticos, sociais e culturais, discutindo e avaliando mecanismos para combatê-las, com base em argumentos éticos.'),
	(1521,3,23,'EM13CHS504','Analisar e avaliar os impasses ético-políticos decorrentes das transformações culturais, sociais, históricas, científicas e tecnológicas no mundo contemporâneo e seus desdobramentos nas atitudes e nos valores de indivíduos, grupos sociais, sociedades e culturas.'),
	(1522,3,23,'EM13CHS601','Identificar e analisar as demandas e os protagonismos políticos, sociais e culturais dos povos indígenas e das populações afrodescendentes (incluindo as quilombolas) no Brasil contemporâneo considerando a história das Américas e o contexto de exclusão e inclusão precária desses grupos na ordem social e econômica atual, promovendo ações para a redução das desigualdades étnico-raciais no país.'),
	(1523,3,23,'EM13CHS602','Identificar e caracterizar a presença do paternalismo, do autoritarismo e do populismo na política, na sociedade e nas culturas brasileira e latino-americana, em períodos ditatoriais e democráticos, relacionando-os com as formas de organização e de articulação das sociedades em defesa da autonomia, da liberdade, do diálogo e da promoção da democracia, da cidadania e dos direitos humanos na sociedade atual.'),
	(1524,3,23,'EM13CHS603','Analisar a formação de diferentes países, povos e nações e de suas experiências políticas e de exercício da cidadania, aplicando conceitos políticos básicos (Estado, poder, formas, sistemas e regimes de governo, soberania etc.).'),
	(1525,3,23,'EM13CHS604','Discutir o papel dos organismos internacionais no contexto mundial, com vistas à elaboração de uma visão crítica sobre seus limites e suas formas de atuação nos países, considerando os aspectos positivos e negativos dessa atuação para as populações locais.'),
	(1526,3,23,'EM13CHS605','Analisar os princípios da declaração dos Direitos Humanos, recorrendo às noções de justiça, igualdade e fraternidade, identificar os progressos e entraves à concretização desses direitos nas diversas sociedades contemporâneas e promover ações concretas diante da desigualdade e das violações desses direitos em diferentes espaços de vivência, respeitando a identidade de cada grupo e de cada indivíduo.'),
	(1527,3,23,'EM13LGG105','Analisar e experimentar diversos processos de remidiação de produções multissemióticas, multimídia e transmídia, desenvolvendo diferentes modos de participação e intervenção social.'),
	(1528,3,24,'EM13LP01','Relacionar o texto, tanto na produção como na leitura/escuta, com suas condições de produção e seu contexto sócio-histórico de circulação (leitor/audiência previstos, objetivos, pontos de vista e perspectivas, papel social do autor, época, gênero do discurso etc.), de forma a ampliar as possibilidades de construção de sentidos e de análise crítica e produzir textos adequados a diferentes situações.'),
	(1529,3,24,'EM13LP02','Estabelecer relações entre as partes do texto, tanto na produção como na leitura/escuta, considerando a construção composicional e o estilo do gênero, usando/reconhecendo adequadamente elementos e recursos coesivos diversos que contribuam para a coerência, a continuidade do texto e sua progressão temática, e organizando informações, tendo em vista as condições de produção e as relações lógico-discursivas envolvidas (causa/efeito ou consequência; tese/argumentos; problema/solução; definição/exemp'),
	(1530,3,24,'EM13LP03','Analisar relações de intertextualidade e interdiscursividade que permitam a explicitação de relações dialógicas, a identificação de posicionamentos ou de perspectivas, a compreensão de paráfrases, paródias e estilizações, entre outras possibilidades.'),
	(1531,3,24,'EM13LP04','Estabelecer relações de interdiscursividade e intertextualidade para explicitar, sustentar e conferir consistência a posicionamentos e para construir e corroborar explicações e relatos, fazendo uso de citações e paráfrases devidamente marcadas.'),
	(1532,3,24,'EM13LP05','Analisar, em textos argumentativos, os posicionamentos assumidos, os movimentos argumentativos (sustentação, refutação/contra-argumentação e negociação) e os argumentos utilizados para sustentá-los, para avaliar sua força e eficácia, e posicionar-se criticamente diante da questão discutida e/ou dos argumentos utilizados, recorrendo aos mecanismos linguísticos necessários.'),
	(1533,3,24,'EM13LP06','Analisar efeitos de sentido decorrentes de usos expressivos da linguagem, da escolha de determinadas palavras ou expressões e da ordenação, combinação e contraposição de palavras, dentre outros, para ampliar as possibilidades de construção de sentidos e de uso crítico da língua.'),
	(1534,3,24,'EM13LP07','Analisar, em textos de diferentes gêneros, marcas que expressam a posição do enunciador frente àquilo que é dito: uso de diferentes modalidades (epistêmica, deôntica e apreciativa) e de diferentes recursos gramaticais que operam como modalizadores (verbos modais, tempos e modos verbais, expressões modais, adjetivos, locuções ou orações adjetivas, advérbios, locuções ou orações adverbiais, entonação etc.), uso de estratégias de impessoalização (uso de terceira pessoa e de voz passiva etc.), com v'),
	(1535,3,24,'EM13LP08','Analisar elementos e aspectos da sintaxe do português, como a ordem dos constituintes da sentença (e os efeito que causam sua inversão), a estrutura dos sintagmas, as categorias sintáticas, os processos de coordenação e subordinação (e os efeitos de seus usos) e a sintaxe de concordância e de regência, de modo a potencializar os processos de compreensão e produção de textos e a possibilitar escolhas adequadas à situação comunicativa.'),
	(1536,3,24,'EM13LP09','Comparar o tratamento dado pela gramática tradicional e pelas gramáticas de uso contemporâneas em relação a diferentes tópicos gramaticais, de forma a perceber as diferenças de abordagem e o fenômeno da variação linguística e analisar motivações que levam ao predomínio do ensino da norma-padrão na escola.'),
	(1537,3,24,'EM13LP10','Analisar o fenômeno da variação linguística, em seus diferentes níveis (variações fonético-fonológica, lexical, sintática, semântica e estilístico-pragmática) e em suas diferentes dimensões (regional, histórica, social, situacional, ocupacional, etária etc.), de forma a ampliar a compreensão sobre a natureza viva e dinâmica da língua e sobre o fenômeno da constituição de variedades linguísticas de prestígio e estigmatizadas, e a fundamentar o respeito às variedades linguísticas e o combate a pre'),
	(1538,3,24,'EM13LP11','Fazer curadoria de informação, tendo em vista diferentes propósitos e projetos discursivos.'),
	(1539,3,24,'EM13LP12','Selecionar informações, dados e argumentos em fontes confiáveis, impressas e digitais, e utilizá-los de forma referenciada, para que o texto a ser produzido tenha um nível de aprofundamento adequado (para além do senso comum) e contemple a sustentação das posições defendidas.'),
	(1540,3,24,'EM13LP13','Analisar, a partir de referências contextuais, estéticas e culturais, efeitos de sentido decorrentes de escolhas de elementos sonoros (volume, timbre, intensidade, pausas, ritmo, efeitos sonoros, sincronização etc.) e de suas relações com o verbal, levando-os em conta na produção de áudios, para ampliar as possibilidades de construção de sentidos e de apreciação.'),
	(1541,3,24,'EM13LP14','Analisar, a partir de referências contextuais, estéticas e culturais, efeitos de sentido decorrentes de escolhas e composição das imagens (enquadramento, ângulo/vetor, foco/profundidade de campo, iluminação, cor, linhas, formas etc.) e de sua sequenciação (disposição e transição, movimentos de câmera, remix, entre outros), das performances (movimentos do corpo, gestos, ocupação do espaço cênico), dos elementos sonoros (entonação, trilha sonora, sampleamento etc.) e das relações desses elementos '),
	(1542,3,24,'EM13LP15','Planejar, produzir, revisar, editar, reescrever e avaliar textos escritos e multissemióticos, considerando sua adequação às condições de produção do texto, no que diz respeito ao lugar social a ser assumido e à imagem que se pretende passar a respeito de si mesmo, ao leitor pretendido, ao veículo e mídia em que o texto ou produção cultural vai circular, ao contexto imediato e sócio-histórico mais geral, ao gênero textual em questão e suas regularidades, à variedade linguística apropriada a esse '),
	(1543,3,24,'EM13LP16','Produzir e analisar textos orais, considerando sua adequação aos contextos de produção, à forma composicional e ao estilo do gênero em questão, à clareza, à progressão temática e à variedade linguística empregada, como também aos elementos relacionados à fala (modulação de voz, entonação, ritmo, altura e intensidade, respiração etc.) e à cinestesia (postura corporal, movimentos e gestualidade significativa, expressão facial, contato de olho com plateia etc.).'),
	(1544,3,24,'EM13LP17','Elaborar roteiros para a produção de vídeos variados (vlog, videoclipe, videominuto, documentário etc.), apresentações teatrais, narrativas multimídia e transmídia, podcasts, playlists comentadas etc., para ampliar as possibilidades de produção de sentidos e engajar-se em práticas autorais e coletivas.'),
	(1545,3,24,'EM13LP18','Utilizar softwares de edição de textos, fotos, vídeos e áudio, além de ferramentas e ambientes colaborativos para criar textos e produções multissemióticas com finalidades diversas, explorando os recursos e efeitos disponíveis e apropriando-se de práticas colaborativas de escrita, de construção coletiva do conhecimento e de desenvolvimento de projetos.'),
	(1546,3,24,'EM13LP19','Apresentar-se por meio de textos multimodais diversos (perfis variados, gifs biográficos, biodata, currículo web, videocurrículo etc.) e de ferramentas digitais (ferramenta de gif, wiki, site etc.), para falar de si mesmo de formas variadas, considerando diferentes situações e objetivos.'),
	(1547,3,24,'EM13LP20','Compartilhar gostos, interesses, práticas culturais, temas/ problemas/questões que despertam maior interesse ou preocupação, respeitando e valorizando diferenças, como forma de identificar afinidades e interesses comuns, como também de organizar e/ou participar de grupos, clubes, oficinas e afins.'),
	(1548,3,24,'EM13LP21','Produzir, de forma colaborativa, e socializar playlists comentadas de preferências culturais e de entretenimento, revistas culturais, fanzines, e-zines ou publicações afins que divulguem, comentem e avaliem músicas, games, séries, filmes, quadrinhos, livros, peças, exposições, espetáculos de dança etc., de forma a compartilhar gostos, identificar afinidades, fomentar comunidades etc.'),
	(1549,3,24,'EM13LP22','Construir e/ou atualizar, de forma colaborativa, registros dinâmicos (mapas, wiki etc.) de profissões e ocupações de seu interesse (áreas de atuação, dados sobre formação, fazeres, produções, depoimentos de profissionais etc.) que possibilitem vislumbrar trajetórias pessoais e profissionais.'),
	(1550,3,24,'EM13LP23','Analisar criticamente o histórico e o discurso político de candidatos, propagandas políticas, políticas públicas, programas e propostas de governo, de forma a participar do debate político e tomar decisões conscientes e fundamentadas.'),
	(1551,3,24,'EM13LP24','Analisar formas não institucionalizadas de participação social, sobretudo as vinculadas a manifestações artísticas, produções culturais, intervenções urbanas e formas de expressão típica das culturas juvenis que pretendam expor uma problemática ou promover uma reflexão/ação, posicionando-se em relação a essas produções e manifestações.'),
	(1552,3,24,'EM13LP25','Participar de reuniões na escola (conselho de escola e de classe, grêmio livre etc.), agremiações, coletivos ou movimentos, entre outros, em debates, assembleias, fóruns de discussão etc., exercitando a escuta atenta, respeitando seu turno e tempo de fala, posicionando-se de forma fundamentada, respeitosa e ética diante da apresentação de propostas e defesas de opiniões, usando estratégias linguísticas típicas de negociação e de apoio e/ou de consideração do discurso do outro (como solicitar esc'),
	(1553,3,24,'EM13LP26','Relacionar textos e documentos legais e normativos de âmbito universal, nacional, local ou escolar que envolvam a definição de direitos e deveres - em especial, os voltados a adolescentes e jovens - aos seus contextos de produção, identificando ou inferindo possíveis motivações e finalidades, como forma de ampliar a compreensão desses direitos e deveres.'),
	(1554,3,24,'EM13LP27','Engajar-se na busca de solução para problemas que envolvam a coletividade, denunciando o desrespeito a direitos, organizando e/ou participando de discussões, campanhas e debates, produzindo textos reivindicatórios, normativos, entre outras possibilidades, como forma de fomentar os princípios democráticos e uma atuação pautada pela ética da responsabilidade, pelo consumo consciente e pela consciência socioambiental.'),
	(1555,3,24,'EM13LP28','Organizar situações de estudo e utilizar procedimentos e estratégias de leitura adequados aos objetivos e à natureza do conhecimento em questão.'),
	(1556,3,24,'EM13LP29','Resumir e resenhar textos, por meio do uso de paráfrases, de marcas do discurso reportado e de citações, para uso em textos de divulgação de estudos e pesquisas.'),
	(1557,3,24,'EM13LP30','Realizar pesquisas de diferentes tipos (bibliográfica, de campo, experimento científico, levantamento de dados etc.), usando fontes abertas e confiáveis, registrando o processo e comunicando os resultados, tendo em vista os objetivos pretendidos e demais elementos do contexto de produção, como forma de compreender como o conhecimento científico é produzido e apropriar-se dos procedimentos e dos gêneros textuais envolvidos na realização de pesquisas.'),
	(1558,3,24,'EM13LP31','Compreender criticamente textos de divulgação científica orais, escritos e multissemióticos de diferentes áreas do conhecimento, identificando sua organização tópica e a hierarquização das informações, identificando e descartando fontes não confiáveis e problematizando enfoques tendenciosos ou superficiais.'),
	(1559,3,24,'EM13LP32','Selecionar informações e dados necessários para uma dada pesquisa (sem excedê-los) em diferentes fontes (orais, impressas, digitais etc.) e comparar autonomamente esses conteúdos, levando em conta seus contextos de produção, referências e índices de confiabilidade, e percebendo coincidências, complementaridades, contradições, erros ou imprecisões conceituais e de dados, de forma a compreender e posicionar-se criticamente sobre esses conteúdos e estabelecer recortes precisos.'),
	(1560,3,24,'EM13LP33','Selecionar, elaborar e utilizar instrumentos de coleta de dados e informações (questionários, enquetes, mapeamentos, opinários) e de tratamento e análise dos conteúdos obtidos, que atendam adequadamente a diferentes objetivos de pesquisa.'),
	(1561,3,24,'EM13LP34','Produzir textos para a divulgação do conhecimento e de resultados de levantamentos e pesquisas - texto monográfico, ensaio, artigo de divulgação científica, verbete de enciclopédia (colaborativa ou não), infográfico (estático ou animado), relato de experimento, relatório, relatório multimidiático de campo, reportagem científica, podcast ou vlog científico, apresentações orais, seminários, comunicações em mesas redondas, mapas dinâmicos etc. -, considerando o contexto de produção e utilizando os '),
	(1562,3,24,'EM13LP35','Utilizar adequadamente ferramentas de apoio a apresentações orais, escolhendo e usando tipos e tamanhos de fontes que permitam boa visualização, topicalizando e/ou organizando o conteúdo em itens, inserindo de forma adequada imagens, gráficos, tabelas, formas e elementos gráficos, dimensionando a quantidade texto e imagem por slide e usando, de forma harmônica, recursos (efeitos de transição, slides mestres, layouts personalizados, gravação de áudios em slides etc.).'),
	(1563,3,24,'EM13LP36','Analisar os interesses que movem o campo jornalístico, os impactos das novas tecnologias digitais de informação e comunicação e da Web 2.0 no campo e as condições que fazem da informação uma mercadoria e da checagem de informação uma prática (e um serviço) essencial, adotando atitude analítica e crítica diante dos textos jornalísticos.'),
	(1564,3,24,'EM13LP37','Conhecer e analisar diferentes projetos editorias - institucionais, privados, públicos, financiados, independentes etc. -, de forma a ampliar o repertório de escolhas possíveis de fontes de informação e opinião, reconhecendo o papel da mídia plural para a consolidação da democracia.'),
	(1565,3,24,'EM13LP38','Analisar os diferentes graus de parcialidade/imparcialidade (no limite, a não neutralidade) em textos noticiosos, comparando relatos de diferentes fontes e analisando o recorte feito de fatos/dados e os efeitos de sentido provocados pelas escolhas realizadas pelo autor do texto, de forma a manter uma atitude crítica diante dos textos jornalísticos e tornar-se consciente das escolhas feitas como produtor.'),
	(1566,3,24,'EM13LP39','Usar procedimentos de checagem de fatos noticiados e fotos publicadas (verificar/avaliar veículo, fonte, data e local da publicação, autoria, URL, formatação; comparar diferentes fontes; consultar ferramentas e sites checadores etc.), de forma a combater a proliferação de notícias falsas (fake news).'),
	(1567,3,24,'EM13LP40','Analisar o fenômeno da pós-verdade - discutindo as condições e os mecanismos de disseminação de fake news e também exemplos, causas e consequências desse fenômeno e da prevalência de crenças e opiniões sobre fatos -, de forma a adotar atitude crítica em relação ao fenômeno e desenvolver uma postura flexível que permita rever crenças e opiniões quando fatos apurados as contradisserem.'),
	(1568,3,24,'EM13LP41','Analisar os processos humanos e automáticos de curadoria que operam nas redes sociais e outros domínios da internet, comparando os feeds de diferentes páginas de redes sociais e discutindo os efeitos desses modelos de curadoria, de forma a ampliar as possibilidades de trato com o diferente e minimizar o efeito bolha e a manipulação de terceiros.'),
	(1569,3,24,'EM13LP42','Acompanhar, analisar e discutir a cobertura da mídia diante de acontecimentos e questões de relevância social, local e global, comparando diferentes enfoques e perspectivas, por meio do uso de ferramentas de curadoria (como agregadores de conteúdo) e da consulta a serviços e fontes de checagem e curadoria de informação, de forma a aprofundar o entendimento sobre um determinado fato ou questão, identificar o enfoque preponderante da mídia e manter-se implicado, de forma crítica, com os fatos e as'),
	(1570,3,24,'EM13LP43','Atuar de forma fundamentada, ética e crítica na produção e no compartilhamento de comentários, textos noticiosos e de opinião, memes, gifs, remixes variados etc. em redes sociais ou outros ambientes digitais.'),
	(1571,3,24,'EM13LP44','Analisar formas contemporâneas de publicidade em contexto digital (advergame, anúncios em vídeos, social advertising, unboxing, narrativa mercadológica, entre outras), e peças de campanhas publicitárias e políticas (cartazes, folhetos, anúncios, propagandas em diferentes mídias, spots, jingles etc.), identificando valores e representações de situações, grupos e configurações sociais veiculadas, desconstruindo estereótipos, destacando estratégias de engajamento e viralização e explicando os mecan'),
	(1572,3,24,'EM13LP45','Analisar, discutir, produzir e socializar, tendo em vista temas e acontecimentos de interesse local ou global, notícias, fotodenúncias, fotorreportagens, reportagens multimidiáticas, documentários, infográficos, podcasts noticiosos, artigos de opinião, críticas da mídia, vlogs de opinião, textos de apresentação e apreciação de produções culturais (resenhas, ensaios etc.) e outros gêneros próprios das formas de expressão das culturas juvenis (vlogs e podcasts culturais, gameplay etc.), em várias '),
	(1573,3,24,'EM13LP46','Compartilhar sentidos construídos na leitura/escuta de textos literários, percebendo diferenças e eventuais tensões entre as formas pessoais e as coletivas de apreensão desses textos, para exercitar o diálogo cultural e aguçar a perspectiva crítica.'),
	(1574,3,24,'EM13LP47','Participar de eventos (saraus, competições orais, audições, mostras, festivais, feiras culturais e literárias, rodas e clubes de leitura, cooperativas culturais, jograis, repentes, slams etc.), inclusive para socializar obras da própria autoria (poemas, contos e suas variedades, roteiros e microrroteiros, videominutos, playlists comentadas de música etc.) e/ou interpretar obras de outros, inserindo-se nas diferentes práticas culturais de seu tempo.'),
	(1575,3,24,'EM13LP48','Identificar assimilações, rupturas e permanências no processo de constituição da literatura brasileira e ao longo de sua trajetória, por meio da leitura e análise de obras fundamentais do cânone ocidental, em especial da literatura portuguesa, para perceber a historicidade de matrizes e procedimentos estéticos.'),
	(1576,3,24,'EM13LP49','Perceber as peculiaridades estruturais e estilísticas de diferentes gêneros literários (a apreensão pessoal do cotidiano nas crônicas, a manifestação livre e subjetiva do eu lírico diante do mundo nos poemas, a múltipla perspectiva da vida humana e social dos romances, a dimensão política e social de textos da literatura marginal e da periferia etc.) para experimentar os diferentes ângulos de apreensão do indivíduo e do mundo pela literatura.'),
	(1577,3,24,'EM13LP50','Analisar relações intertextuais e interdiscursivas entre obras de diferentes autores e gêneros literários de um mesmo momento histórico e de momentos históricos diversos, explorando os modos como a literatura e as artes em geral se constituem, dialogam e se retroalimentam.'),
	(1578,3,24,'EM13LP51','Selecionar obras do repertório artístico-literário contemporâneo à disposição segundo suas predileções, de modo a constituir um acervo pessoal e dele se apropriar para se inserir e intervir com autonomia e criticidade no meio cultural.'),
	(1579,3,24,'EM13LP52','Analisar obras significativas das literaturas brasileiras e de outros países e povos, em especial a portuguesa, a indígena, a africana e a latino-americana, com base em ferramentas da crítica literária (estrutura da composição, estilo, aspectos discursivos) ou outros critérios relacionados a diferentes matrizes culturais, considerando o contexto de produção (visões de mundo, diálogos com outros textos, inserções em movimentos estéticos e culturais etc.) e o modo como dialogam com o presente.'),
	(1580,3,24,'EM13LP53','Produzir apresentações e comentários apreciativos e críticos sobre livros, filmes, discos, canções, espetáculos de teatro e dança, exposições etc. (resenhas, vlogs e podcasts literários e artísticos, playlists comentadas, fanzines, e-zines etc.).'),
	(1581,3,24,'EM13LP54','Criar obras autorais, em diferentes gêneros e mídias - mediante seleção e apropriação de recursos textuais e expressivos do repertório artístico -, e/ou produções derivadas (paródias, estilizações, fanfics, fanclipes etc.), como forma de dialogar crítica e/ou subjetivamente com o texto literário.');




# Dump of table TAG_FILTER
# ------------------------------------------------------------

INSERT INTO `TAG_FILTER` (`FILTER_ID`, `FILTER_DOMAIN_ID`, `FILTER_NAME`, `FILTER_ORDERBY`)
VALUES
	(1,1,'(blank)',1),
	(2,3,'EI 1 (bebês)',110),
	(3,3,'EI 2 (bem peq)',120),
	(4,3,'EI 3 (peq)',130),
	(5,3,'EF 1',210),
	(6,3,'EF 2',220),
	(7,3,'EF 3',230),
	(8,3,'EF 4',240),
	(9,3,'EF 5',250),
	(10,3,'EF 6',260),
	(11,3,'EF 7',270),
	(12,3,'EF 8',280),
	(13,3,'EF 9',290),
	(14,3,'EM 1',310),
	(15,3,'EM 2',320),
	(16,3,'EM 3',330);




# Dump of table TAG_ENTFIL
# ------------------------------------------------------------

INSERT INTO `TAG_ENTFIL` (`ENTFIL_ID`, `ENTFIL_DOMAIN_ID`, `ENTFIL_ENTITY_ID`, `ENTFIL_FILTER_ID`)
VALUES
	(1,1,1,1),
	(2,3,2,2),
	(3,3,3,3),
	(4,3,4,4),
	(5,3,5,2),
	(6,3,6,3),
	(7,3,7,4),
	(8,3,8,2),
	(9,3,9,3),
	(10,3,10,4),
	(11,3,11,2),
	(12,3,12,3),
	(13,3,13,4),
	(14,3,14,2),
	(15,3,15,4),
	(16,3,16,2),
	(17,3,17,3),
	(18,3,18,4),
	(19,3,19,2),
	(20,3,20,3),
	(21,3,21,4),
	(22,3,22,2),
	(23,3,23,3),
	(24,3,24,4),
	(25,3,25,2),
	(26,3,26,3),
	(27,3,27,4),
	(28,3,28,3),
	(29,3,29,4),
	(30,3,30,3),
	(31,3,31,4),
	(32,3,32,3),
	(33,3,33,3),
	(34,3,34,2),
	(35,3,35,2),
	(36,3,36,3),
	(37,3,37,4),
	(38,3,38,2),
	(39,3,39,4),
	(40,3,40,3),
	(41,3,41,4),
	(42,3,42,2),
	(43,3,43,3),
	(44,3,44,2),
	(45,3,45,4),
	(46,3,46,2),
	(47,3,47,3),
	(48,3,48,4),
	(49,3,49,2),
	(50,3,50,3),
	(51,3,51,4),
	(52,3,52,2),
	(53,3,53,3),
	(54,3,54,4),
	(55,3,55,3),
	(56,3,56,2),
	(57,3,57,3),
	(58,3,58,4),
	(59,3,59,2),
	(60,3,60,4),
	(61,3,61,2),
	(62,3,62,3),
	(63,3,63,4),
	(64,3,64,3),
	(65,3,65,2),
	(66,3,66,3),
	(67,3,67,4),
	(68,3,68,2),
	(69,3,69,4),
	(70,3,70,2),
	(71,3,71,3),
	(72,3,72,4),
	(73,3,73,2),
	(74,3,74,3),
	(75,3,75,4),
	(76,3,76,2),
	(77,3,77,3),
	(78,3,78,4),
	(79,3,79,2),
	(80,3,80,3),
	(81,3,81,4),
	(82,3,82,2),
	(83,3,83,3),
	(84,3,84,4),
	(85,3,85,2),
	(86,3,86,3),
	(87,3,87,4),
	(88,3,88,2),
	(89,3,89,3),
	(90,3,90,4),
	(91,3,91,3),
	(92,3,92,4),
	(93,3,93,3),
	(94,3,94,4),
	(95,3,95,5),
	(96,3,96,5),
	(97,3,97,5),
	(98,3,98,5),
	(99,3,99,5),
	(100,3,100,5),
	(101,3,101,5),
	(102,3,102,5),
	(103,3,103,5),
	(104,3,104,5),
	(105,3,105,5),
	(106,3,106,5),
	(107,3,107,5),
	(108,3,108,5),
	(109,3,109,5),
	(110,3,110,5),
	(111,3,111,5),
	(112,3,112,5),
	(113,3,113,5),
	(114,3,114,5),
	(115,3,115,5),
	(116,3,116,5),
	(117,3,117,5),
	(118,3,118,5),
	(119,3,119,5),
	(120,3,120,5),
	(121,3,121,5),
	(122,3,122,5),
	(123,3,123,5),
	(124,3,124,5),
	(125,3,125,5),
	(126,3,126,5),
	(127,3,127,5),
	(128,3,128,5),
	(129,3,129,5),
	(130,3,130,5),
	(131,3,131,5),
	(132,3,132,5),
	(133,3,133,5),
	(134,3,134,5),
	(135,3,135,5),
	(136,3,136,5),
	(137,3,137,5),
	(138,3,138,5),
	(139,3,139,5),
	(140,3,140,5),
	(141,3,141,5),
	(142,3,142,5),
	(143,3,143,5),
	(144,3,144,5),
	(145,3,145,5),
	(146,3,146,5),
	(147,3,147,5),
	(148,3,148,5),
	(149,3,149,5),
	(150,3,150,5),
	(151,3,151,5),
	(152,3,152,5),
	(153,3,153,5),
	(154,3,154,5),
	(155,3,155,5),
	(156,3,156,5),
	(157,3,157,5),
	(158,3,158,5),
	(159,3,159,5),
	(160,3,160,5),
	(161,3,161,5),
	(162,3,162,5),
	(163,3,163,5),
	(164,3,164,5),
	(165,3,165,5),
	(166,3,166,5),
	(167,3,167,5),
	(168,3,168,5),
	(169,3,169,5),
	(170,3,170,5),
	(171,3,171,5),
	(172,3,172,5),
	(173,3,173,5),
	(174,3,174,6),
	(175,3,175,6),
	(176,3,176,6),
	(177,3,177,6),
	(178,3,178,6),
	(179,3,179,6),
	(180,3,180,6),
	(181,3,181,6),
	(182,3,182,6),
	(183,3,183,6),
	(184,3,184,6),
	(185,3,185,6),
	(186,3,186,6),
	(187,3,187,6),
	(188,3,188,6),
	(189,3,189,6),
	(190,3,190,6),
	(191,3,191,6),
	(192,3,192,6),
	(193,3,193,6),
	(194,3,194,6),
	(195,3,195,6),
	(196,3,196,6),
	(197,3,197,6),
	(198,3,198,6),
	(199,3,199,6),
	(200,3,200,6),
	(201,3,201,6),
	(202,3,202,6),
	(203,3,203,6),
	(204,3,204,6),
	(205,3,205,6),
	(206,3,206,6),
	(207,3,207,6),
	(208,3,208,6),
	(209,3,209,6),
	(210,3,210,6),
	(211,3,211,6),
	(212,3,212,6),
	(213,3,213,6),
	(214,3,214,6),
	(215,3,215,6),
	(216,3,216,6),
	(217,3,217,6),
	(218,3,218,6),
	(219,3,219,6),
	(220,3,220,6),
	(221,3,221,6),
	(222,3,222,6),
	(223,3,223,6),
	(224,3,224,6),
	(225,3,225,6),
	(226,3,226,6),
	(227,3,227,6),
	(228,3,228,6),
	(229,3,229,6),
	(230,3,230,6),
	(231,3,231,6),
	(232,3,232,6),
	(233,3,233,6),
	(234,3,234,6),
	(235,3,235,6),
	(236,3,236,6),
	(237,3,237,6),
	(238,3,238,6),
	(239,3,239,6),
	(240,3,240,6),
	(241,3,241,6),
	(242,3,242,6),
	(243,3,243,6),
	(244,3,244,6),
	(245,3,245,6),
	(246,3,246,6),
	(247,3,247,6),
	(248,3,248,6),
	(249,3,249,6),
	(250,3,250,6),
	(251,3,251,6),
	(252,3,252,6),
	(253,3,253,6),
	(254,3,254,6),
	(255,3,255,6),
	(256,3,256,6),
	(257,3,257,6),
	(258,3,258,6),
	(259,3,259,6),
	(260,3,260,6),
	(261,3,261,6),
	(262,3,262,6),
	(263,3,263,7),
	(264,3,264,7),
	(265,3,265,7),
	(266,3,266,7),
	(267,3,267,7),
	(268,3,268,7),
	(269,3,269,7),
	(270,3,270,7),
	(271,3,271,7),
	(272,3,272,7),
	(273,3,273,7),
	(274,3,274,7),
	(275,3,275,7),
	(276,3,276,7),
	(277,3,277,7),
	(278,3,278,7),
	(279,3,279,7),
	(280,3,280,7),
	(281,3,281,7),
	(282,3,282,7),
	(283,3,283,7),
	(284,3,284,7),
	(285,3,285,7),
	(286,3,286,7),
	(287,3,287,7),
	(288,3,288,7),
	(289,3,289,7),
	(290,3,290,7),
	(291,3,291,7),
	(292,3,292,7),
	(293,3,293,7),
	(294,3,294,7),
	(295,3,295,7),
	(296,3,296,7),
	(297,3,297,7),
	(298,3,298,7),
	(299,3,299,7),
	(300,3,300,7),
	(301,3,301,7),
	(302,3,302,7),
	(303,3,303,7),
	(304,3,304,7),
	(305,3,305,7),
	(306,3,306,7),
	(307,3,307,7),
	(308,3,308,7),
	(309,3,309,7),
	(310,3,310,7),
	(311,3,311,7),
	(312,3,312,7),
	(313,3,313,7),
	(314,3,314,7),
	(315,3,315,7),
	(316,3,316,7),
	(317,3,317,7),
	(318,3,318,7),
	(319,3,319,7),
	(320,3,320,7),
	(321,3,321,7),
	(322,3,322,7),
	(323,3,323,7),
	(324,3,324,7),
	(325,3,325,7),
	(326,3,326,7),
	(327,3,327,7),
	(328,3,328,7),
	(329,3,329,7),
	(330,3,330,7),
	(331,3,331,7),
	(332,3,332,7),
	(333,3,333,7),
	(334,3,334,7),
	(335,3,335,7),
	(336,3,336,7),
	(337,3,337,7),
	(338,3,338,7),
	(339,3,339,7),
	(340,3,340,7),
	(341,3,341,7),
	(342,3,342,7),
	(343,3,343,7),
	(344,3,344,7),
	(345,3,345,7),
	(346,3,346,7),
	(347,3,347,7),
	(348,3,348,7),
	(349,3,349,7),
	(350,3,350,7),
	(351,3,351,7),
	(352,3,352,7),
	(353,3,353,7),
	(354,3,354,7),
	(355,3,355,7),
	(356,3,356,7),
	(357,3,357,8),
	(358,3,358,8),
	(359,3,359,8),
	(360,3,360,8),
	(361,3,361,8),
	(362,3,362,8),
	(363,3,363,8),
	(364,3,364,8),
	(365,3,365,8),
	(366,3,366,8),
	(367,3,367,8),
	(368,3,368,8),
	(369,3,369,8),
	(370,3,370,8),
	(371,3,371,8),
	(372,3,372,8),
	(373,3,373,8),
	(374,3,374,8),
	(375,3,375,8),
	(376,3,376,8),
	(377,3,377,8),
	(378,3,378,8),
	(379,3,379,8),
	(380,3,380,8),
	(381,3,381,8),
	(382,3,382,8),
	(383,3,383,8),
	(384,3,384,8),
	(385,3,385,8),
	(386,3,386,8),
	(387,3,387,8),
	(388,3,388,8),
	(389,3,389,8),
	(390,3,390,8),
	(391,3,391,8),
	(392,3,392,8),
	(393,3,393,8),
	(394,3,394,8),
	(395,3,395,8),
	(396,3,396,8),
	(397,3,397,8),
	(398,3,398,8),
	(399,3,399,8),
	(400,3,400,8),
	(401,3,401,8),
	(402,3,402,8),
	(403,3,403,8),
	(404,3,404,8),
	(405,3,405,8),
	(406,3,406,8),
	(407,3,407,8),
	(408,3,408,8),
	(409,3,409,8),
	(410,3,410,8),
	(411,3,411,8),
	(412,3,412,8),
	(413,3,413,8),
	(414,3,414,8),
	(415,3,415,8),
	(416,3,416,8),
	(417,3,417,8),
	(418,3,418,8),
	(419,3,419,8),
	(420,3,420,8),
	(421,3,421,8),
	(422,3,422,8),
	(423,3,423,8),
	(424,3,424,8),
	(425,3,425,8),
	(426,3,426,8),
	(427,3,427,8),
	(428,3,428,8),
	(429,3,429,8),
	(430,3,430,8),
	(431,3,431,8),
	(432,3,432,8),
	(433,3,433,8),
	(434,3,434,8),
	(435,3,435,8),
	(436,3,436,8),
	(437,3,437,8),
	(438,3,438,8),
	(439,3,439,8),
	(440,3,440,8),
	(441,3,441,8),
	(442,3,442,8),
	(443,3,443,8),
	(444,3,444,8),
	(445,3,445,8),
	(446,3,446,8),
	(447,3,447,8),
	(448,3,448,8),
	(449,3,449,8),
	(450,3,450,8),
	(451,3,451,8),
	(452,3,452,9),
	(453,3,453,9),
	(454,3,454,9),
	(455,3,455,9),
	(456,3,456,9),
	(457,3,457,9),
	(458,3,458,9),
	(459,3,459,9),
	(460,3,460,9),
	(461,3,461,9),
	(462,3,462,9),
	(463,3,463,9),
	(464,3,464,9),
	(465,3,465,9),
	(466,3,466,9),
	(467,3,467,9),
	(468,3,468,9),
	(469,3,469,9),
	(470,3,470,9),
	(471,3,471,9),
	(472,3,472,9),
	(473,3,473,9),
	(474,3,474,9),
	(475,3,475,9),
	(476,3,476,9),
	(477,3,477,9),
	(478,3,478,9),
	(479,3,479,9),
	(480,3,480,9),
	(481,3,481,9),
	(482,3,482,9),
	(483,3,483,9),
	(484,3,484,9),
	(485,3,485,9),
	(486,3,486,9),
	(487,3,487,9),
	(488,3,488,9),
	(489,3,489,9),
	(490,3,490,9),
	(491,3,491,9),
	(492,3,492,9),
	(493,3,493,9),
	(494,3,494,9),
	(495,3,495,9),
	(496,3,496,9),
	(497,3,497,9),
	(498,3,498,9),
	(499,3,499,9),
	(500,3,500,9),
	(501,3,501,9),
	(502,3,502,9),
	(503,3,503,9),
	(504,3,504,9),
	(505,3,505,9),
	(506,3,506,9),
	(507,3,507,9),
	(508,3,508,9),
	(509,3,509,9),
	(510,3,510,9),
	(511,3,511,9),
	(512,3,512,9),
	(513,3,513,9),
	(514,3,514,9),
	(515,3,515,9),
	(516,3,516,9),
	(517,3,517,9),
	(518,3,518,9),
	(519,3,519,9),
	(520,3,520,9),
	(521,3,521,9),
	(522,3,522,9),
	(523,3,523,9),
	(524,3,524,9),
	(525,3,525,9),
	(526,3,526,9),
	(527,3,527,9),
	(528,3,528,9),
	(529,3,529,9),
	(530,3,530,9),
	(531,3,531,9),
	(532,3,532,9),
	(533,3,533,9),
	(534,3,534,9),
	(535,3,535,9),
	(536,3,536,9),
	(537,3,537,9),
	(538,3,538,9),
	(539,3,539,9),
	(540,3,540,9),
	(541,3,541,9),
	(542,3,542,9),
	(543,3,543,9),
	(544,3,544,9),
	(545,3,545,9),
	(546,3,546,9),
	(547,3,547,10),
	(548,3,548,10),
	(549,3,549,10),
	(550,3,550,10),
	(551,3,551,10),
	(552,3,552,10),
	(553,3,553,10),
	(554,3,554,10),
	(555,3,555,10),
	(556,3,556,10),
	(557,3,557,10),
	(558,3,558,10),
	(559,3,559,10),
	(560,3,560,10),
	(561,3,561,10),
	(562,3,562,10),
	(563,3,563,10),
	(564,3,564,10),
	(565,3,565,10),
	(566,3,566,10),
	(567,3,567,10),
	(568,3,568,10),
	(569,3,569,10),
	(570,3,570,10),
	(571,3,571,10),
	(572,3,572,10),
	(573,3,573,10),
	(574,3,574,10),
	(575,3,575,10),
	(576,3,576,10),
	(577,3,577,10),
	(578,3,578,10),
	(579,3,579,10),
	(580,3,580,10),
	(581,3,581,10),
	(582,3,582,10),
	(583,3,583,10),
	(584,3,584,10),
	(585,3,585,10),
	(586,3,586,10),
	(587,3,587,10),
	(588,3,588,10),
	(589,3,589,10),
	(590,3,590,10),
	(591,3,591,10),
	(592,3,592,10),
	(593,3,593,10),
	(594,3,594,10),
	(595,3,595,10),
	(596,3,596,10),
	(597,3,597,10),
	(598,3,598,10),
	(599,3,599,10),
	(600,3,600,10),
	(601,3,601,10),
	(602,3,602,10),
	(603,3,603,10),
	(604,3,604,10),
	(605,3,605,10),
	(606,3,606,10),
	(607,3,607,10),
	(608,3,608,10),
	(609,3,609,10),
	(610,3,610,10),
	(611,3,611,10),
	(612,3,612,10),
	(613,3,613,10),
	(614,3,614,10),
	(615,3,615,10),
	(616,3,616,10),
	(617,3,617,10),
	(618,3,618,10),
	(619,3,619,10),
	(620,3,620,10),
	(621,3,621,10),
	(622,3,622,10),
	(623,3,623,10),
	(624,3,624,10),
	(625,3,625,10),
	(626,3,626,10),
	(627,3,627,10),
	(628,3,628,10),
	(629,3,629,10),
	(630,3,630,10),
	(631,3,631,10),
	(632,3,632,10),
	(633,3,633,10),
	(634,3,634,10),
	(635,3,635,10),
	(636,3,636,10),
	(637,3,637,10),
	(638,3,638,10),
	(639,3,639,10),
	(640,3,640,10),
	(641,3,641,10),
	(642,3,642,10),
	(643,3,643,10),
	(644,3,644,10),
	(645,3,645,10),
	(646,3,646,10),
	(647,3,647,10),
	(648,3,648,10),
	(649,3,649,10),
	(650,3,650,10),
	(651,3,651,10),
	(652,3,652,10),
	(653,3,653,10),
	(654,3,654,10),
	(655,3,655,10),
	(656,3,656,10),
	(657,3,657,10),
	(658,3,658,10),
	(659,3,659,10),
	(660,3,660,10),
	(661,3,661,10),
	(662,3,662,10),
	(663,3,663,10),
	(664,3,664,10),
	(665,3,665,10),
	(666,3,666,10),
	(667,3,667,10),
	(668,3,668,10),
	(669,3,669,10),
	(670,3,670,10),
	(671,3,671,10),
	(672,3,672,11),
	(673,3,673,11),
	(674,3,674,11),
	(675,3,675,11),
	(676,3,676,11),
	(677,3,677,11),
	(678,3,678,11),
	(679,3,679,11),
	(680,3,680,11),
	(681,3,681,11),
	(682,3,682,11),
	(683,3,683,11),
	(684,3,684,11),
	(685,3,685,11),
	(686,3,686,11),
	(687,3,687,11),
	(688,3,688,11),
	(689,3,689,11),
	(690,3,690,11),
	(691,3,691,11),
	(692,3,692,11),
	(693,3,693,11),
	(694,3,694,11),
	(695,3,695,11),
	(696,3,696,11),
	(697,3,697,11),
	(698,3,698,11),
	(699,3,699,11),
	(700,3,700,11),
	(701,3,701,11),
	(702,3,702,11),
	(703,3,703,11),
	(704,3,704,11),
	(705,3,705,11),
	(706,3,706,11),
	(707,3,707,11),
	(708,3,708,11),
	(709,3,709,11),
	(710,3,710,11),
	(711,3,711,11),
	(712,3,712,11),
	(713,3,713,11),
	(714,3,714,11),
	(715,3,715,11),
	(716,3,716,11),
	(717,3,717,11),
	(718,3,718,11),
	(719,3,719,11),
	(720,3,720,11),
	(721,3,721,11),
	(722,3,722,11),
	(723,3,723,11),
	(724,3,724,11),
	(725,3,725,11),
	(726,3,726,11),
	(727,3,727,11),
	(728,3,728,11),
	(729,3,729,11),
	(730,3,730,11),
	(731,3,731,11),
	(732,3,732,11),
	(733,3,733,11),
	(734,3,734,11),
	(735,3,735,11),
	(736,3,736,11),
	(737,3,737,11),
	(738,3,738,11),
	(739,3,739,11),
	(740,3,740,11),
	(741,3,741,11),
	(742,3,742,11),
	(743,3,743,11),
	(744,3,744,11),
	(745,3,745,11),
	(746,3,746,11),
	(747,3,747,11),
	(748,3,748,11),
	(749,3,749,11),
	(750,3,750,11),
	(751,3,751,11),
	(752,3,752,11),
	(753,3,753,11),
	(754,3,754,11),
	(755,3,755,11),
	(756,3,756,11),
	(757,3,757,11),
	(758,3,758,11),
	(759,3,759,11),
	(760,3,760,11),
	(761,3,761,11),
	(762,3,762,11),
	(763,3,763,11),
	(764,3,764,11),
	(765,3,765,11),
	(766,3,766,11),
	(767,3,767,11),
	(768,3,768,11),
	(769,3,769,11),
	(770,3,770,11),
	(771,3,771,11),
	(772,3,772,11),
	(773,3,773,11),
	(774,3,774,11),
	(775,3,775,11),
	(776,3,776,11),
	(777,3,777,11),
	(778,3,778,11),
	(779,3,779,11),
	(780,3,780,11),
	(781,3,781,11),
	(782,3,782,11),
	(783,3,783,11),
	(784,3,784,11),
	(785,3,785,11),
	(786,3,786,11),
	(787,3,787,11),
	(788,3,788,11),
	(789,3,789,11),
	(790,3,790,11),
	(791,3,791,11),
	(792,3,792,11),
	(793,3,793,11),
	(794,3,794,11),
	(795,3,795,11),
	(796,3,796,11),
	(797,3,797,11),
	(798,3,798,11),
	(799,3,799,12),
	(800,3,800,12),
	(801,3,801,12),
	(802,3,802,12),
	(803,3,803,12),
	(804,3,804,12),
	(805,3,805,12),
	(806,3,806,12),
	(807,3,807,12),
	(808,3,808,12),
	(809,3,809,12),
	(810,3,810,12),
	(811,3,811,12),
	(812,3,812,12),
	(813,3,813,12),
	(814,3,814,12),
	(815,3,815,12),
	(816,3,816,12),
	(817,3,817,12),
	(818,3,818,12),
	(819,3,819,12),
	(820,3,820,12),
	(821,3,821,12),
	(822,3,822,12),
	(823,3,823,12),
	(824,3,824,12),
	(825,3,825,12),
	(826,3,826,12),
	(827,3,827,12),
	(828,3,828,12),
	(829,3,829,12),
	(830,3,830,12),
	(831,3,831,12),
	(832,3,832,12),
	(833,3,833,12),
	(834,3,834,12),
	(835,3,835,12),
	(836,3,836,12),
	(837,3,837,12),
	(838,3,838,12),
	(839,3,839,12),
	(840,3,840,12),
	(841,3,841,12),
	(842,3,842,12),
	(843,3,843,12),
	(844,3,844,12),
	(845,3,845,12),
	(846,3,846,12),
	(847,3,847,12),
	(848,3,848,12),
	(849,3,849,12),
	(850,3,850,12),
	(851,3,851,12),
	(852,3,852,12),
	(853,3,853,12),
	(854,3,854,12),
	(855,3,855,12),
	(856,3,856,12),
	(857,3,857,12),
	(858,3,858,12),
	(859,3,859,12),
	(860,3,860,12),
	(861,3,861,12),
	(862,3,862,12),
	(863,3,863,12),
	(864,3,864,12),
	(865,3,865,12),
	(866,3,866,12),
	(867,3,867,12),
	(868,3,868,12),
	(869,3,869,12),
	(870,3,870,12),
	(871,3,871,12),
	(872,3,872,12),
	(873,3,873,12),
	(874,3,874,12),
	(875,3,875,12),
	(876,3,876,12),
	(877,3,877,12),
	(878,3,878,12),
	(879,3,879,12),
	(880,3,880,12),
	(881,3,881,12),
	(882,3,882,12),
	(883,3,883,12),
	(884,3,884,12),
	(885,3,885,12),
	(886,3,886,12),
	(887,3,887,12),
	(888,3,888,12),
	(889,3,889,12),
	(890,3,890,12),
	(891,3,891,12),
	(892,3,892,12),
	(893,3,893,12),
	(894,3,894,12),
	(895,3,895,12),
	(896,3,896,12),
	(897,3,897,12),
	(898,3,898,12),
	(899,3,899,12),
	(900,3,900,12),
	(901,3,901,12),
	(902,3,902,12),
	(903,3,903,12),
	(904,3,904,12),
	(905,3,905,12),
	(906,3,906,12),
	(907,3,907,12),
	(908,3,908,12),
	(909,3,909,12),
	(910,3,910,12),
	(911,3,911,12),
	(912,3,912,12),
	(913,3,913,12),
	(914,3,914,12),
	(915,3,915,12),
	(916,3,916,12),
	(917,3,917,12),
	(918,3,918,12),
	(919,3,919,12),
	(920,3,920,12),
	(921,3,921,12),
	(922,3,922,12),
	(923,3,923,12),
	(924,3,924,12),
	(925,3,925,12),
	(926,3,926,12),
	(927,3,927,12),
	(928,3,928,12),
	(929,3,929,12),
	(930,3,930,12),
	(931,3,931,12),
	(932,3,932,12),
	(933,3,933,12),
	(934,3,934,12),
	(935,3,935,12),
	(936,3,936,13),
	(937,3,937,13),
	(938,3,938,13),
	(939,3,939,13),
	(940,3,940,13),
	(941,3,941,13),
	(942,3,942,13),
	(943,3,943,13),
	(944,3,944,13),
	(945,3,945,13),
	(946,3,946,13),
	(947,3,947,13),
	(948,3,948,13),
	(949,3,949,13),
	(950,3,950,13),
	(951,3,951,13),
	(952,3,952,13),
	(953,3,953,13),
	(954,3,954,13),
	(955,3,955,13),
	(956,3,956,13),
	(957,3,957,13),
	(958,3,958,13),
	(959,3,959,13),
	(960,3,960,13),
	(961,3,961,13),
	(962,3,962,13),
	(963,3,963,13),
	(964,3,964,13),
	(965,3,965,13),
	(966,3,966,13),
	(967,3,967,13),
	(968,3,968,13),
	(969,3,969,13),
	(970,3,970,13),
	(971,3,971,13),
	(972,3,972,13),
	(973,3,973,13),
	(974,3,974,13),
	(975,3,975,13),
	(976,3,976,13),
	(977,3,977,13),
	(978,3,978,13),
	(979,3,979,13),
	(980,3,980,13),
	(981,3,981,13),
	(982,3,982,13),
	(983,3,983,13),
	(984,3,984,13),
	(985,3,985,13),
	(986,3,986,13),
	(987,3,987,13),
	(988,3,988,13),
	(989,3,989,13),
	(990,3,990,13),
	(991,3,991,13),
	(992,3,992,13),
	(993,3,993,13),
	(994,3,994,13),
	(995,3,995,13),
	(996,3,996,13),
	(997,3,997,13),
	(998,3,998,13),
	(999,3,999,13),
	(1000,3,1000,13),
	(1001,3,1001,13),
	(1002,3,1002,13),
	(1003,3,1003,13),
	(1004,3,1004,13),
	(1005,3,1005,13),
	(1006,3,1006,13),
	(1007,3,1007,13),
	(1008,3,1008,13),
	(1009,3,1009,13),
	(1010,3,1010,13),
	(1011,3,1011,13),
	(1012,3,1012,13),
	(1013,3,1013,13),
	(1014,3,1014,13),
	(1015,3,1015,13),
	(1016,3,1016,13),
	(1017,3,1017,13),
	(1018,3,1018,13),
	(1019,3,1019,13),
	(1020,3,1020,13),
	(1021,3,1021,13),
	(1022,3,1022,13),
	(1023,3,1023,13),
	(1024,3,1024,13),
	(1025,3,1025,13),
	(1026,3,1026,13),
	(1027,3,1027,13),
	(1028,3,1028,13),
	(1029,3,1029,13),
	(1030,3,1030,13),
	(1031,3,1031,13),
	(1032,3,1032,13),
	(1033,3,1033,13),
	(1034,3,1034,13),
	(1035,3,1035,13),
	(1036,3,1036,13),
	(1037,3,1037,13),
	(1038,3,1038,13),
	(1039,3,1039,13),
	(1040,3,1040,13),
	(1041,3,1041,13),
	(1042,3,1042,13),
	(1043,3,1043,13),
	(1044,3,1044,13),
	(1045,3,1045,13),
	(1046,3,1046,13),
	(1047,3,1047,13),
	(1048,3,1048,13),
	(1049,3,1049,13),
	(1050,3,1050,13),
	(1051,3,1051,13),
	(1052,3,1052,13),
	(1053,3,1053,13),
	(1054,3,1054,13),
	(1055,3,1055,13),
	(1056,3,1056,13),
	(1057,3,1057,13),
	(1058,3,1058,13),
	(1059,3,1059,13),
	(1060,3,1060,13),
	(1061,3,1061,13),
	(1062,3,1062,13),
	(1063,3,1063,13),
	(1064,3,1064,13),
	(1065,3,1065,13),
	(1066,3,1066,13),
	(1067,3,1067,13),
	(1068,3,1068,13),
	(1069,3,1069,5),
	(1070,3,1069,6),
	(1071,3,1070,5),
	(1072,3,1070,6),
	(1073,3,1071,5),
	(1074,3,1071,6),
	(1075,3,1072,5),
	(1076,3,1072,6),
	(1077,3,1073,5),
	(1078,3,1073,6),
	(1079,3,1074,5),
	(1080,3,1074,6),
	(1081,3,1075,5),
	(1082,3,1075,6),
	(1083,3,1076,5),
	(1084,3,1076,6),
	(1085,3,1077,5),
	(1086,3,1077,6),
	(1087,3,1078,5),
	(1088,3,1078,6),
	(1089,3,1079,5),
	(1090,3,1079,6),
	(1091,3,1080,5),
	(1092,3,1080,6),
	(1093,3,1081,5),
	(1094,3,1081,6),
	(1095,3,1082,5),
	(1096,3,1082,6),
	(1097,3,1083,5),
	(1098,3,1083,6),
	(1099,3,1084,5),
	(1100,3,1084,6),
	(1101,3,1085,5),
	(1102,3,1085,6),
	(1103,3,1086,5),
	(1104,3,1086,6),
	(1105,3,1087,5),
	(1106,3,1087,6),
	(1107,3,1088,5),
	(1108,3,1088,6),
	(1109,3,1089,5),
	(1110,3,1089,6),
	(1111,3,1090,5),
	(1112,3,1090,6),
	(1113,3,1091,5),
	(1114,3,1091,6),
	(1115,3,1092,5),
	(1116,3,1092,6),
	(1117,3,1093,5),
	(1118,3,1093,6),
	(1119,3,1094,5),
	(1120,3,1094,6),
	(1121,3,1095,5),
	(1122,3,1095,6),
	(1123,3,1096,5),
	(1124,3,1096,6),
	(1125,3,1097,5),
	(1126,3,1097,6),
	(1127,3,1098,5),
	(1128,3,1098,6),
	(1129,3,1099,5),
	(1130,3,1099,6),
	(1131,3,1100,5),
	(1132,3,1100,6),
	(1133,3,1100,7),
	(1134,3,1100,8),
	(1135,3,1100,9),
	(1136,3,1101,5),
	(1137,3,1101,6),
	(1138,3,1101,7),
	(1139,3,1101,8),
	(1140,3,1101,9),
	(1141,3,1102,5),
	(1142,3,1102,6),
	(1143,3,1102,7),
	(1144,3,1102,8),
	(1145,3,1102,9),
	(1146,3,1103,5),
	(1147,3,1103,6),
	(1148,3,1103,7),
	(1149,3,1103,8),
	(1150,3,1103,9),
	(1151,3,1104,5),
	(1152,3,1104,6),
	(1153,3,1104,7),
	(1154,3,1104,8),
	(1155,3,1104,9),
	(1156,3,1105,5),
	(1157,3,1105,6),
	(1158,3,1105,7),
	(1159,3,1105,8),
	(1160,3,1105,9),
	(1161,3,1106,5),
	(1162,3,1106,6),
	(1163,3,1106,7),
	(1164,3,1106,8),
	(1165,3,1106,9),
	(1166,3,1107,5),
	(1167,3,1107,6),
	(1168,3,1107,7),
	(1169,3,1107,8),
	(1170,3,1107,9),
	(1171,3,1108,5),
	(1172,3,1108,6),
	(1173,3,1108,7),
	(1174,3,1108,8),
	(1175,3,1108,9),
	(1176,3,1109,5),
	(1177,3,1109,6),
	(1178,3,1109,7),
	(1179,3,1109,8),
	(1180,3,1109,9),
	(1181,3,1110,5),
	(1182,3,1110,6),
	(1183,3,1110,7),
	(1184,3,1110,8),
	(1185,3,1110,9),
	(1186,3,1111,5),
	(1187,3,1111,6),
	(1188,3,1111,7),
	(1189,3,1111,8),
	(1190,3,1111,9),
	(1191,3,1112,5),
	(1192,3,1112,6),
	(1193,3,1112,7),
	(1194,3,1112,8),
	(1195,3,1112,9),
	(1196,3,1113,5),
	(1197,3,1113,6),
	(1198,3,1113,7),
	(1199,3,1113,8),
	(1200,3,1113,9),
	(1201,3,1114,5),
	(1202,3,1114,6),
	(1203,3,1114,7),
	(1204,3,1114,8),
	(1205,3,1114,9),
	(1206,3,1115,5),
	(1207,3,1115,6),
	(1208,3,1115,7),
	(1209,3,1115,8),
	(1210,3,1115,9),
	(1211,3,1116,5),
	(1212,3,1116,6),
	(1213,3,1116,7),
	(1214,3,1116,8),
	(1215,3,1116,9),
	(1216,3,1117,5),
	(1217,3,1117,6),
	(1218,3,1117,7),
	(1219,3,1117,8),
	(1220,3,1117,9),
	(1221,3,1118,5),
	(1222,3,1118,6),
	(1223,3,1118,7),
	(1224,3,1118,8),
	(1225,3,1118,9),
	(1226,3,1119,5),
	(1227,3,1119,6),
	(1228,3,1119,7),
	(1229,3,1119,8),
	(1230,3,1119,9),
	(1231,3,1120,5),
	(1232,3,1120,6),
	(1233,3,1120,7),
	(1234,3,1120,8),
	(1235,3,1120,9),
	(1236,3,1121,5),
	(1237,3,1121,6),
	(1238,3,1121,7),
	(1239,3,1121,8),
	(1240,3,1121,9),
	(1241,3,1122,5),
	(1242,3,1122,6),
	(1243,3,1122,7),
	(1244,3,1122,8),
	(1245,3,1122,9),
	(1246,3,1123,5),
	(1247,3,1123,6),
	(1248,3,1123,7),
	(1249,3,1123,8),
	(1250,3,1123,9),
	(1251,3,1124,5),
	(1252,3,1124,6),
	(1253,3,1124,7),
	(1254,3,1124,8),
	(1255,3,1124,9),
	(1256,3,1125,5),
	(1257,3,1125,6),
	(1258,3,1125,7),
	(1259,3,1125,8),
	(1260,3,1125,9),
	(1261,3,1126,5),
	(1262,3,1126,6),
	(1263,3,1126,7),
	(1264,3,1126,8),
	(1265,3,1126,9),
	(1266,3,1127,5),
	(1267,3,1127,6),
	(1268,3,1127,7),
	(1269,3,1127,8),
	(1270,3,1127,9),
	(1271,3,1128,5),
	(1272,3,1128,6),
	(1273,3,1128,7),
	(1274,3,1128,8),
	(1275,3,1128,9),
	(1276,3,1129,5),
	(1277,3,1129,6),
	(1278,3,1129,7),
	(1279,3,1129,8),
	(1280,3,1129,9),
	(1281,3,1130,5),
	(1282,3,1130,6),
	(1283,3,1130,7),
	(1284,3,1130,8),
	(1285,3,1130,9),
	(1286,3,1131,5),
	(1287,3,1131,6),
	(1288,3,1131,7),
	(1289,3,1131,8),
	(1290,3,1131,9),
	(1291,3,1132,5),
	(1292,3,1132,6),
	(1293,3,1132,7),
	(1294,3,1132,8),
	(1295,3,1132,9),
	(1296,3,1133,5),
	(1297,3,1133,6),
	(1298,3,1133,7),
	(1299,3,1133,8),
	(1300,3,1133,9),
	(1301,3,1134,5),
	(1302,3,1134,6),
	(1303,3,1134,7),
	(1304,3,1134,8),
	(1305,3,1134,9),
	(1306,3,1135,5),
	(1307,3,1135,6),
	(1308,3,1135,7),
	(1309,3,1135,8),
	(1310,3,1135,9),
	(1311,3,1136,5),
	(1312,3,1136,6),
	(1313,3,1136,7),
	(1314,3,1136,8),
	(1315,3,1136,9),
	(1316,3,1137,5),
	(1317,3,1137,6),
	(1318,3,1137,7),
	(1319,3,1137,8),
	(1320,3,1137,9),
	(1321,3,1138,5),
	(1322,3,1138,6),
	(1323,3,1138,7),
	(1324,3,1138,8),
	(1325,3,1138,9),
	(1326,3,1139,5),
	(1327,3,1139,6),
	(1328,3,1139,7),
	(1329,3,1139,8),
	(1330,3,1139,9),
	(1331,3,1140,5),
	(1332,3,1140,6),
	(1333,3,1140,7),
	(1334,3,1140,8),
	(1335,3,1140,9),
	(1336,3,1141,5),
	(1337,3,1141,6),
	(1338,3,1141,7),
	(1339,3,1141,8),
	(1340,3,1141,9),
	(1341,3,1142,5),
	(1342,3,1142,6),
	(1343,3,1142,7),
	(1344,3,1142,8),
	(1345,3,1142,9),
	(1346,3,1143,5),
	(1347,3,1143,6),
	(1348,3,1143,7),
	(1349,3,1143,8),
	(1350,3,1143,9),
	(1351,3,1144,5),
	(1352,3,1144,6),
	(1353,3,1144,7),
	(1354,3,1144,8),
	(1355,3,1144,9),
	(1356,3,1145,7),
	(1357,3,1145,8),
	(1358,3,1145,9),
	(1359,3,1146,7),
	(1360,3,1146,8),
	(1361,3,1146,9),
	(1362,3,1147,7),
	(1363,3,1147,8),
	(1364,3,1147,9),
	(1365,3,1148,7),
	(1366,3,1148,8),
	(1367,3,1148,9),
	(1368,3,1149,7),
	(1369,3,1149,8),
	(1370,3,1149,9),
	(1371,3,1150,7),
	(1372,3,1150,8),
	(1373,3,1150,9),
	(1374,3,1151,7),
	(1375,3,1151,8),
	(1376,3,1151,9),
	(1377,3,1152,7),
	(1378,3,1152,8),
	(1379,3,1152,9),
	(1380,3,1153,7),
	(1381,3,1153,8),
	(1382,3,1153,9),
	(1383,3,1154,7),
	(1384,3,1154,8),
	(1385,3,1154,9),
	(1386,3,1155,7),
	(1387,3,1155,8),
	(1388,3,1155,9),
	(1389,3,1156,7),
	(1390,3,1156,8),
	(1391,3,1156,9),
	(1392,3,1157,7),
	(1393,3,1157,8),
	(1394,3,1157,9),
	(1395,3,1158,7),
	(1396,3,1158,8),
	(1397,3,1158,9),
	(1398,3,1159,7),
	(1399,3,1159,8),
	(1400,3,1159,9),
	(1401,3,1160,7),
	(1402,3,1160,8),
	(1403,3,1160,9),
	(1404,3,1161,7),
	(1405,3,1161,8),
	(1406,3,1161,9),
	(1407,3,1162,7),
	(1408,3,1162,8),
	(1409,3,1162,9),
	(1410,3,1163,7),
	(1411,3,1163,8),
	(1412,3,1163,9),
	(1413,3,1164,7),
	(1414,3,1164,8),
	(1415,3,1164,9),
	(1416,3,1165,7),
	(1417,3,1165,8),
	(1418,3,1165,9),
	(1419,3,1166,7),
	(1420,3,1166,8),
	(1421,3,1166,9),
	(1422,3,1167,7),
	(1423,3,1167,8),
	(1424,3,1167,9),
	(1425,3,1168,7),
	(1426,3,1168,8),
	(1427,3,1168,9),
	(1428,3,1169,7),
	(1429,3,1169,8),
	(1430,3,1169,9),
	(1431,3,1170,7),
	(1432,3,1170,8),
	(1433,3,1170,9),
	(1434,3,1171,7),
	(1435,3,1171,8),
	(1436,3,1171,9),
	(1437,3,1172,7),
	(1438,3,1172,8),
	(1439,3,1172,9),
	(1440,3,1173,7),
	(1441,3,1173,8),
	(1442,3,1173,9),
	(1443,3,1174,7),
	(1444,3,1174,8),
	(1445,3,1174,9),
	(1446,3,1175,7),
	(1447,3,1175,8),
	(1448,3,1175,9),
	(1449,3,1176,7),
	(1450,3,1176,8),
	(1451,3,1176,9),
	(1452,3,1177,7),
	(1453,3,1177,8),
	(1454,3,1177,9),
	(1455,3,1178,7),
	(1456,3,1178,8),
	(1457,3,1178,9),
	(1458,3,1179,7),
	(1459,3,1179,8),
	(1460,3,1179,9),
	(1461,3,1180,7),
	(1462,3,1180,8),
	(1463,3,1180,9),
	(1464,3,1181,7),
	(1465,3,1181,8),
	(1466,3,1181,9),
	(1467,3,1182,7),
	(1468,3,1182,8),
	(1469,3,1182,9),
	(1470,3,1183,7),
	(1471,3,1183,8),
	(1472,3,1183,9),
	(1473,3,1184,7),
	(1474,3,1184,8),
	(1475,3,1184,9),
	(1476,3,1185,7),
	(1477,3,1185,8),
	(1478,3,1185,9),
	(1479,3,1186,7),
	(1480,3,1186,8),
	(1481,3,1186,9),
	(1482,3,1187,7),
	(1483,3,1187,8),
	(1484,3,1187,9),
	(1485,3,1188,7),
	(1486,3,1188,8),
	(1487,3,1188,9),
	(1488,3,1189,7),
	(1489,3,1189,8),
	(1490,3,1189,9),
	(1491,3,1190,7),
	(1492,3,1190,8),
	(1493,3,1190,9),
	(1494,3,1191,10),
	(1495,3,1191,11),
	(1496,3,1192,10),
	(1497,3,1192,11),
	(1498,3,1193,10),
	(1499,3,1193,11),
	(1500,3,1194,10),
	(1501,3,1194,11),
	(1502,3,1195,10),
	(1503,3,1195,11),
	(1504,3,1196,10),
	(1505,3,1196,11),
	(1506,3,1197,10),
	(1507,3,1197,11),
	(1508,3,1198,10),
	(1509,3,1198,11),
	(1510,3,1199,10),
	(1511,3,1199,11),
	(1512,3,1200,10),
	(1513,3,1200,11),
	(1514,3,1201,10),
	(1515,3,1201,11),
	(1516,3,1202,10),
	(1517,3,1202,11),
	(1518,3,1203,10),
	(1519,3,1203,11),
	(1520,3,1204,10),
	(1521,3,1204,11),
	(1522,3,1205,10),
	(1523,3,1205,11),
	(1524,3,1206,10),
	(1525,3,1206,11),
	(1526,3,1207,10),
	(1527,3,1207,11),
	(1528,3,1208,10),
	(1529,3,1208,11),
	(1530,3,1209,10),
	(1531,3,1209,11),
	(1532,3,1210,10),
	(1533,3,1210,11),
	(1534,3,1211,10),
	(1535,3,1211,11),
	(1536,3,1212,10),
	(1537,3,1212,11),
	(1538,3,1213,10),
	(1539,3,1213,11),
	(1540,3,1214,10),
	(1541,3,1214,11),
	(1542,3,1215,10),
	(1543,3,1215,11),
	(1544,3,1216,10),
	(1545,3,1216,11),
	(1546,3,1217,10),
	(1547,3,1217,11),
	(1548,3,1218,10),
	(1549,3,1218,11),
	(1550,3,1219,10),
	(1551,3,1219,11),
	(1552,3,1220,10),
	(1553,3,1220,11),
	(1554,3,1221,10),
	(1555,3,1221,11),
	(1556,3,1222,10),
	(1557,3,1222,11),
	(1558,3,1223,10),
	(1559,3,1223,11),
	(1560,3,1224,10),
	(1561,3,1224,11),
	(1562,3,1225,10),
	(1563,3,1225,11),
	(1564,3,1226,10),
	(1565,3,1226,11),
	(1566,3,1227,10),
	(1567,3,1227,11),
	(1568,3,1228,10),
	(1569,3,1228,11),
	(1570,3,1229,10),
	(1571,3,1229,11),
	(1572,3,1230,10),
	(1573,3,1230,11),
	(1574,3,1231,10),
	(1575,3,1231,11),
	(1576,3,1232,10),
	(1577,3,1232,11),
	(1578,3,1233,10),
	(1579,3,1233,11),
	(1580,3,1234,10),
	(1581,3,1234,11),
	(1582,3,1235,10),
	(1583,3,1235,11),
	(1584,3,1236,10),
	(1585,3,1236,11),
	(1586,3,1237,10),
	(1587,3,1237,11),
	(1588,3,1238,10),
	(1589,3,1238,11),
	(1590,3,1239,10),
	(1591,3,1239,11),
	(1592,3,1240,10),
	(1593,3,1240,11),
	(1594,3,1241,10),
	(1595,3,1241,11),
	(1596,3,1242,10),
	(1597,3,1242,11),
	(1598,3,1243,10),
	(1599,3,1243,11),
	(1600,3,1244,10),
	(1601,3,1244,11),
	(1602,3,1245,10),
	(1603,3,1245,11),
	(1604,3,1246,10),
	(1605,3,1246,11),
	(1606,3,1247,10),
	(1607,3,1247,11),
	(1608,3,1248,10),
	(1609,3,1248,11),
	(1610,3,1249,10),
	(1611,3,1249,11),
	(1612,3,1250,10),
	(1613,3,1250,11),
	(1614,3,1250,12),
	(1615,3,1250,13),
	(1616,3,1251,10),
	(1617,3,1251,11),
	(1618,3,1251,12),
	(1619,3,1251,13),
	(1620,3,1252,10),
	(1621,3,1252,11),
	(1622,3,1252,12),
	(1623,3,1252,13),
	(1624,3,1253,10),
	(1625,3,1253,11),
	(1626,3,1253,12),
	(1627,3,1253,13),
	(1628,3,1254,10),
	(1629,3,1254,11),
	(1630,3,1254,12),
	(1631,3,1254,13),
	(1632,3,1255,10),
	(1633,3,1255,11),
	(1634,3,1255,12),
	(1635,3,1255,13),
	(1636,3,1256,10),
	(1637,3,1256,11),
	(1638,3,1256,12),
	(1639,3,1256,13),
	(1640,3,1257,10),
	(1641,3,1257,11),
	(1642,3,1257,12),
	(1643,3,1257,13),
	(1644,3,1258,10),
	(1645,3,1258,11),
	(1646,3,1258,12),
	(1647,3,1258,13),
	(1648,3,1259,10),
	(1649,3,1259,11),
	(1650,3,1259,12),
	(1651,3,1259,13),
	(1652,3,1260,10),
	(1653,3,1260,11),
	(1654,3,1260,12),
	(1655,3,1260,13),
	(1656,3,1261,10),
	(1657,3,1261,11),
	(1658,3,1261,12),
	(1659,3,1261,13),
	(1660,3,1262,10),
	(1661,3,1262,11),
	(1662,3,1262,12),
	(1663,3,1262,13),
	(1664,3,1263,10),
	(1665,3,1263,11),
	(1666,3,1263,12),
	(1667,3,1263,13),
	(1668,3,1264,10),
	(1669,3,1264,11),
	(1670,3,1264,12),
	(1671,3,1264,13),
	(1672,3,1265,10),
	(1673,3,1265,11),
	(1674,3,1265,12),
	(1675,3,1265,13),
	(1676,3,1266,10),
	(1677,3,1266,11),
	(1678,3,1266,12),
	(1679,3,1266,13),
	(1680,3,1267,10),
	(1681,3,1267,11),
	(1682,3,1267,12),
	(1683,3,1267,13),
	(1684,3,1268,10),
	(1685,3,1268,11),
	(1686,3,1268,12),
	(1687,3,1268,13),
	(1688,3,1269,10),
	(1689,3,1269,11),
	(1690,3,1269,12),
	(1691,3,1269,13),
	(1692,3,1270,10),
	(1693,3,1270,11),
	(1694,3,1270,12),
	(1695,3,1270,13),
	(1696,3,1271,10),
	(1697,3,1271,11),
	(1698,3,1271,12),
	(1699,3,1271,13),
	(1700,3,1272,10),
	(1701,3,1272,11),
	(1702,3,1272,12),
	(1703,3,1272,13),
	(1704,3,1273,10),
	(1705,3,1273,11),
	(1706,3,1273,12),
	(1707,3,1273,13),
	(1708,3,1274,10),
	(1709,3,1274,11),
	(1710,3,1274,12),
	(1711,3,1274,13),
	(1712,3,1275,10),
	(1713,3,1275,11),
	(1714,3,1275,12),
	(1715,3,1275,13),
	(1716,3,1276,10),
	(1717,3,1276,11),
	(1718,3,1276,12),
	(1719,3,1276,13),
	(1720,3,1277,10),
	(1721,3,1277,11),
	(1722,3,1277,12),
	(1723,3,1277,13),
	(1724,3,1278,10),
	(1725,3,1278,11),
	(1726,3,1278,12),
	(1727,3,1278,13),
	(1728,3,1279,10),
	(1729,3,1279,11),
	(1730,3,1279,12),
	(1731,3,1279,13),
	(1732,3,1280,10),
	(1733,3,1280,11),
	(1734,3,1280,12),
	(1735,3,1280,13),
	(1736,3,1281,10),
	(1737,3,1281,11),
	(1738,3,1281,12),
	(1739,3,1281,13),
	(1740,3,1282,10),
	(1741,3,1282,11),
	(1742,3,1282,12),
	(1743,3,1282,13),
	(1744,3,1283,10),
	(1745,3,1283,11),
	(1746,3,1283,12),
	(1747,3,1283,13),
	(1748,3,1284,10),
	(1749,3,1284,11),
	(1750,3,1284,12),
	(1751,3,1284,13),
	(1752,3,1285,10),
	(1753,3,1285,11),
	(1754,3,1285,12),
	(1755,3,1285,13),
	(1756,3,1286,10),
	(1757,3,1286,11),
	(1758,3,1286,12),
	(1759,3,1286,13),
	(1760,3,1287,10),
	(1761,3,1287,11),
	(1762,3,1287,12),
	(1763,3,1287,13),
	(1764,3,1288,10),
	(1765,3,1288,11),
	(1766,3,1288,12),
	(1767,3,1288,13),
	(1768,3,1289,10),
	(1769,3,1289,11),
	(1770,3,1289,12),
	(1771,3,1289,13),
	(1772,3,1290,10),
	(1773,3,1290,11),
	(1774,3,1290,12),
	(1775,3,1290,13),
	(1776,3,1291,10),
	(1777,3,1291,11),
	(1778,3,1291,12),
	(1779,3,1291,13),
	(1780,3,1292,10),
	(1781,3,1292,11),
	(1782,3,1292,12),
	(1783,3,1292,13),
	(1784,3,1293,10),
	(1785,3,1293,11),
	(1786,3,1293,12),
	(1787,3,1293,13),
	(1788,3,1294,10),
	(1789,3,1294,11),
	(1790,3,1294,12),
	(1791,3,1294,13),
	(1792,3,1295,10),
	(1793,3,1295,11),
	(1794,3,1295,12),
	(1795,3,1295,13),
	(1796,3,1296,10),
	(1797,3,1296,11),
	(1798,3,1296,12),
	(1799,3,1296,13),
	(1800,3,1297,10),
	(1801,3,1297,11),
	(1802,3,1297,12),
	(1803,3,1297,13),
	(1804,3,1298,10),
	(1805,3,1298,11),
	(1806,3,1298,12),
	(1807,3,1298,13),
	(1808,3,1299,10),
	(1809,3,1299,11),
	(1810,3,1299,12),
	(1811,3,1299,13),
	(1812,3,1300,10),
	(1813,3,1300,11),
	(1814,3,1300,12),
	(1815,3,1300,13),
	(1816,3,1301,10),
	(1817,3,1301,11),
	(1818,3,1301,12),
	(1819,3,1301,13),
	(1820,3,1302,10),
	(1821,3,1302,11),
	(1822,3,1302,12),
	(1823,3,1302,13),
	(1824,3,1303,10),
	(1825,3,1303,11),
	(1826,3,1303,12),
	(1827,3,1303,13),
	(1828,3,1304,10),
	(1829,3,1304,11),
	(1830,3,1304,12),
	(1831,3,1304,13),
	(1832,3,1305,10),
	(1833,3,1305,11),
	(1834,3,1305,12),
	(1835,3,1305,13),
	(1836,3,1306,10),
	(1837,3,1306,11),
	(1838,3,1306,12),
	(1839,3,1306,13),
	(1840,3,1307,10),
	(1841,3,1307,11),
	(1842,3,1307,12),
	(1843,3,1307,13),
	(1844,3,1308,10),
	(1845,3,1308,11),
	(1846,3,1308,12),
	(1847,3,1308,13),
	(1848,3,1309,10),
	(1849,3,1309,11),
	(1850,3,1309,12),
	(1851,3,1309,13),
	(1852,3,1310,10),
	(1853,3,1310,11),
	(1854,3,1310,12),
	(1855,3,1310,13),
	(1856,3,1311,10),
	(1857,3,1311,11),
	(1858,3,1311,12),
	(1859,3,1311,13),
	(1860,3,1312,10),
	(1861,3,1312,11),
	(1862,3,1312,12),
	(1863,3,1312,13),
	(1864,3,1313,10),
	(1865,3,1313,11),
	(1866,3,1313,12),
	(1867,3,1313,13),
	(1868,3,1314,10),
	(1869,3,1314,11),
	(1870,3,1314,12),
	(1871,3,1314,13),
	(1872,3,1315,10),
	(1873,3,1315,11),
	(1874,3,1315,12),
	(1875,3,1315,13),
	(1876,3,1316,10),
	(1877,3,1316,11),
	(1878,3,1316,12),
	(1879,3,1316,13),
	(1880,3,1317,10),
	(1881,3,1317,11),
	(1882,3,1317,12),
	(1883,3,1317,13),
	(1884,3,1318,10),
	(1885,3,1318,11),
	(1886,3,1318,12),
	(1887,3,1318,13),
	(1888,3,1319,10),
	(1889,3,1319,11),
	(1890,3,1319,12),
	(1891,3,1319,13),
	(1892,3,1320,10),
	(1893,3,1320,11),
	(1894,3,1320,12),
	(1895,3,1320,13),
	(1896,3,1321,10),
	(1897,3,1321,11),
	(1898,3,1321,12),
	(1899,3,1321,13),
	(1900,3,1322,10),
	(1901,3,1322,11),
	(1902,3,1322,12),
	(1903,3,1322,13),
	(1904,3,1323,10),
	(1905,3,1323,11),
	(1906,3,1323,12),
	(1907,3,1323,13),
	(1908,3,1324,10),
	(1909,3,1324,11),
	(1910,3,1324,12),
	(1911,3,1324,13),
	(1912,3,1325,10),
	(1913,3,1325,11),
	(1914,3,1325,12),
	(1915,3,1325,13),
	(1916,3,1326,10),
	(1917,3,1326,11),
	(1918,3,1326,12),
	(1919,3,1326,13),
	(1920,3,1327,10),
	(1921,3,1327,11),
	(1922,3,1327,12),
	(1923,3,1327,13),
	(1924,3,1328,10),
	(1925,3,1328,11),
	(1926,3,1328,12),
	(1927,3,1328,13),
	(1928,3,1329,10),
	(1929,3,1329,11),
	(1930,3,1329,12),
	(1931,3,1329,13),
	(1932,3,1330,10),
	(1933,3,1330,11),
	(1934,3,1330,12),
	(1935,3,1330,13),
	(1936,3,1331,10),
	(1937,3,1331,11),
	(1938,3,1331,12),
	(1939,3,1331,13),
	(1940,3,1332,10),
	(1941,3,1332,11),
	(1942,3,1332,12),
	(1943,3,1332,13),
	(1944,3,1333,10),
	(1945,3,1333,11),
	(1946,3,1333,12),
	(1947,3,1333,13),
	(1948,3,1334,10),
	(1949,3,1334,11),
	(1950,3,1334,12),
	(1951,3,1334,13),
	(1952,3,1335,10),
	(1953,3,1335,11),
	(1954,3,1335,12),
	(1955,3,1335,13),
	(1956,3,1336,10),
	(1957,3,1336,11),
	(1958,3,1336,12),
	(1959,3,1336,13),
	(1960,3,1337,10),
	(1961,3,1337,11),
	(1962,3,1337,12),
	(1963,3,1337,13),
	(1964,3,1338,10),
	(1965,3,1338,11),
	(1966,3,1338,12),
	(1967,3,1338,13),
	(1968,3,1339,10),
	(1969,3,1339,11),
	(1970,3,1339,12),
	(1971,3,1339,13),
	(1972,3,1340,10),
	(1973,3,1340,11),
	(1974,3,1340,12),
	(1975,3,1340,13),
	(1976,3,1341,12),
	(1977,3,1341,13),
	(1978,3,1342,12),
	(1979,3,1342,13),
	(1980,3,1343,12),
	(1981,3,1343,13),
	(1982,3,1344,12),
	(1983,3,1344,13),
	(1984,3,1345,12),
	(1985,3,1345,13),
	(1986,3,1346,12),
	(1987,3,1346,13),
	(1988,3,1347,12),
	(1989,3,1347,13),
	(1990,3,1348,12),
	(1991,3,1348,13),
	(1992,3,1349,12),
	(1993,3,1349,13),
	(1994,3,1350,12),
	(1995,3,1350,13),
	(1996,3,1351,12),
	(1997,3,1351,13),
	(1998,3,1352,12),
	(1999,3,1352,13),
	(2000,3,1353,12),
	(2001,3,1353,13),
	(2002,3,1354,12),
	(2003,3,1354,13),
	(2004,3,1355,12),
	(2005,3,1355,13),
	(2006,3,1356,12),
	(2007,3,1356,13),
	(2008,3,1357,12),
	(2009,3,1357,13),
	(2010,3,1358,12),
	(2011,3,1358,13),
	(2012,3,1359,12),
	(2013,3,1359,13),
	(2014,3,1360,12),
	(2015,3,1360,13),
	(2016,3,1361,12),
	(2017,3,1361,13),
	(2018,3,1362,12),
	(2019,3,1362,13),
	(2020,3,1363,12),
	(2021,3,1363,13),
	(2022,3,1364,12),
	(2023,3,1364,13),
	(2024,3,1365,12),
	(2025,3,1365,13),
	(2026,3,1366,12),
	(2027,3,1366,13),
	(2028,3,1367,12),
	(2029,3,1367,13),
	(2030,3,1368,12),
	(2031,3,1368,13),
	(2032,3,1369,12),
	(2033,3,1369,13),
	(2034,3,1370,12),
	(2035,3,1370,13),
	(2036,3,1371,12),
	(2037,3,1371,13),
	(2038,3,1372,12),
	(2039,3,1372,13),
	(2040,3,1373,12),
	(2041,3,1373,13),
	(2042,3,1374,12),
	(2043,3,1374,13),
	(2044,3,1375,12),
	(2045,3,1375,13),
	(2046,3,1376,12),
	(2047,3,1376,13),
	(2048,3,1377,12),
	(2049,3,1377,13),
	(2050,3,1378,12),
	(2051,3,1378,13),
	(2052,3,1379,12),
	(2053,3,1379,13),
	(2054,3,1380,12),
	(2055,3,1380,13),
	(2056,3,1381,12),
	(2057,3,1381,13),
	(2058,3,1382,12),
	(2059,3,1382,13),
	(2060,3,1383,12),
	(2061,3,1383,13),
	(2062,3,1384,12),
	(2063,3,1384,13),
	(2064,3,1385,12),
	(2065,3,1385,13),
	(2066,3,1386,12),
	(2067,3,1386,13),
	(2068,3,1387,12),
	(2069,3,1387,13),
	(2070,3,1388,12),
	(2071,3,1388,13),
	(2072,3,1389,12),
	(2073,3,1389,13),
	(2074,3,1390,12),
	(2075,3,1390,13),
	(2076,3,1391,12),
	(2077,3,1391,13),
	(2078,3,1392,12),
	(2079,3,1392,13),
	(2080,3,1393,12),
	(2081,3,1393,13),
	(2082,3,1394,12),
	(2083,3,1394,13),
	(2084,3,1395,12),
	(2085,3,1395,13),
	(2086,3,1396,12),
	(2087,3,1396,13),
	(2088,3,1397,12),
	(2089,3,1397,13),
	(2090,3,1398,12),
	(2091,3,1398,13),
	(2092,3,1399,14),
	(2093,3,1399,15),
	(2094,3,1399,16),
	(2095,3,1400,14),
	(2096,3,1400,15),
	(2097,3,1400,16),
	(2098,3,1401,14),
	(2099,3,1401,15),
	(2100,3,1401,16),
	(2101,3,1402,14),
	(2102,3,1402,15),
	(2103,3,1402,16),
	(2104,3,1403,14),
	(2105,3,1403,15),
	(2106,3,1403,16),
	(2107,3,1404,14),
	(2108,3,1404,15),
	(2109,3,1404,16),
	(2110,3,1405,14),
	(2111,3,1405,15),
	(2112,3,1405,16),
	(2113,3,1406,14),
	(2114,3,1406,15),
	(2115,3,1406,16),
	(2116,3,1407,14),
	(2117,3,1407,15),
	(2118,3,1407,16),
	(2119,3,1408,14),
	(2120,3,1408,15),
	(2121,3,1408,16),
	(2122,3,1409,14),
	(2123,3,1409,15),
	(2124,3,1409,16),
	(2125,3,1410,14),
	(2126,3,1410,15),
	(2127,3,1410,16),
	(2128,3,1411,14),
	(2129,3,1411,15),
	(2130,3,1411,16),
	(2131,3,1412,14),
	(2132,3,1412,15),
	(2133,3,1412,16),
	(2134,3,1413,14),
	(2135,3,1413,15),
	(2136,3,1413,16),
	(2137,3,1414,14),
	(2138,3,1414,15),
	(2139,3,1414,16),
	(2140,3,1415,14),
	(2141,3,1415,15),
	(2142,3,1415,16),
	(2143,3,1416,14),
	(2144,3,1416,15),
	(2145,3,1416,16),
	(2146,3,1417,14),
	(2147,3,1417,15),
	(2148,3,1417,16),
	(2149,3,1418,14),
	(2150,3,1418,15),
	(2151,3,1418,16),
	(2152,3,1419,14),
	(2153,3,1419,15),
	(2154,3,1419,16),
	(2155,3,1420,14),
	(2156,3,1420,15),
	(2157,3,1420,16),
	(2158,3,1421,14),
	(2159,3,1421,15),
	(2160,3,1421,16),
	(2161,3,1422,14),
	(2162,3,1422,15),
	(2163,3,1422,16),
	(2164,3,1423,14),
	(2165,3,1423,15),
	(2166,3,1423,16),
	(2167,3,1424,14),
	(2168,3,1424,15),
	(2169,3,1424,16),
	(2170,3,1425,14),
	(2171,3,1425,15),
	(2172,3,1425,16),
	(2173,3,1426,14),
	(2174,3,1426,15),
	(2175,3,1426,16),
	(2176,3,1427,14),
	(2177,3,1427,15),
	(2178,3,1427,16),
	(2179,3,1428,14),
	(2180,3,1428,15),
	(2181,3,1428,16),
	(2182,3,1429,14),
	(2183,3,1429,15),
	(2184,3,1429,16),
	(2185,3,1430,14),
	(2186,3,1430,15),
	(2187,3,1430,16),
	(2188,3,1431,14),
	(2189,3,1431,15),
	(2190,3,1431,16),
	(2191,3,1432,14),
	(2192,3,1432,15),
	(2193,3,1432,16),
	(2194,3,1433,14),
	(2195,3,1433,15),
	(2196,3,1433,16),
	(2197,3,1434,14),
	(2198,3,1434,15),
	(2199,3,1434,16),
	(2200,3,1435,14),
	(2201,3,1435,15),
	(2202,3,1435,16),
	(2203,3,1436,14),
	(2204,3,1436,15),
	(2205,3,1436,16),
	(2206,3,1437,14),
	(2207,3,1437,15),
	(2208,3,1437,16),
	(2209,3,1438,14),
	(2210,3,1438,15),
	(2211,3,1438,16),
	(2212,3,1439,14),
	(2213,3,1439,15),
	(2214,3,1439,16),
	(2215,3,1440,14),
	(2216,3,1440,15),
	(2217,3,1440,16),
	(2218,3,1441,14),
	(2219,3,1441,15),
	(2220,3,1441,16),
	(2221,3,1442,14),
	(2222,3,1442,15),
	(2223,3,1442,16),
	(2224,3,1443,14),
	(2225,3,1443,15),
	(2226,3,1443,16),
	(2227,3,1444,14),
	(2228,3,1444,15),
	(2229,3,1444,16),
	(2230,3,1445,14),
	(2231,3,1445,15),
	(2232,3,1445,16),
	(2233,3,1446,14),
	(2234,3,1446,15),
	(2235,3,1446,16),
	(2236,3,1447,14),
	(2237,3,1447,15),
	(2238,3,1447,16),
	(2239,3,1448,14),
	(2240,3,1448,15),
	(2241,3,1448,16),
	(2242,3,1449,14),
	(2243,3,1449,15),
	(2244,3,1449,16),
	(2245,3,1450,14),
	(2246,3,1450,15),
	(2247,3,1450,16),
	(2248,3,1451,14),
	(2249,3,1451,15),
	(2250,3,1451,16),
	(2251,3,1452,14),
	(2252,3,1452,15),
	(2253,3,1452,16),
	(2254,3,1453,14),
	(2255,3,1453,15),
	(2256,3,1453,16),
	(2257,3,1454,14),
	(2258,3,1454,15),
	(2259,3,1454,16),
	(2260,3,1455,14),
	(2261,3,1455,15),
	(2262,3,1455,16),
	(2263,3,1456,14),
	(2264,3,1456,15),
	(2265,3,1456,16),
	(2266,3,1457,14),
	(2267,3,1457,15),
	(2268,3,1457,16),
	(2269,3,1458,14),
	(2270,3,1458,15),
	(2271,3,1458,16),
	(2272,3,1459,14),
	(2273,3,1459,15),
	(2274,3,1459,16),
	(2275,3,1460,14),
	(2276,3,1460,15),
	(2277,3,1460,16),
	(2278,3,1461,14),
	(2279,3,1461,15),
	(2280,3,1461,16),
	(2281,3,1462,14),
	(2282,3,1462,15),
	(2283,3,1462,16),
	(2284,3,1463,14),
	(2285,3,1463,15),
	(2286,3,1463,16),
	(2287,3,1464,14),
	(2288,3,1464,15),
	(2289,3,1464,16),
	(2290,3,1465,14),
	(2291,3,1465,15),
	(2292,3,1465,16),
	(2293,3,1466,14),
	(2294,3,1466,15),
	(2295,3,1466,16),
	(2296,3,1467,14),
	(2297,3,1467,15),
	(2298,3,1467,16),
	(2299,3,1468,14),
	(2300,3,1468,15),
	(2301,3,1468,16),
	(2302,3,1469,14),
	(2303,3,1469,15),
	(2304,3,1469,16),
	(2305,3,1470,14),
	(2306,3,1470,15),
	(2307,3,1470,16),
	(2308,3,1471,14),
	(2309,3,1471,15),
	(2310,3,1471,16),
	(2311,3,1472,14),
	(2312,3,1472,15),
	(2313,3,1472,16),
	(2314,3,1473,14),
	(2315,3,1473,15),
	(2316,3,1473,16),
	(2317,3,1474,14),
	(2318,3,1474,15),
	(2319,3,1474,16),
	(2320,3,1475,14),
	(2321,3,1475,15),
	(2322,3,1475,16),
	(2323,3,1476,14),
	(2324,3,1476,15),
	(2325,3,1476,16),
	(2326,3,1477,14),
	(2327,3,1477,15),
	(2328,3,1477,16),
	(2329,3,1478,14),
	(2330,3,1478,15),
	(2331,3,1478,16),
	(2332,3,1479,14),
	(2333,3,1479,15),
	(2334,3,1479,16),
	(2335,3,1480,14),
	(2336,3,1480,15),
	(2337,3,1480,16),
	(2338,3,1481,14),
	(2339,3,1481,15),
	(2340,3,1481,16),
	(2341,3,1482,14),
	(2342,3,1482,15),
	(2343,3,1482,16),
	(2344,3,1483,14),
	(2345,3,1483,15),
	(2346,3,1483,16),
	(2347,3,1484,14),
	(2348,3,1484,15),
	(2349,3,1484,16),
	(2350,3,1485,14),
	(2351,3,1485,15),
	(2352,3,1485,16),
	(2353,3,1486,14),
	(2354,3,1486,15),
	(2355,3,1486,16),
	(2356,3,1487,14),
	(2357,3,1487,15),
	(2358,3,1487,16),
	(2359,3,1488,14),
	(2360,3,1488,15),
	(2361,3,1488,16),
	(2362,3,1489,14),
	(2363,3,1489,15),
	(2364,3,1489,16),
	(2365,3,1490,14),
	(2366,3,1490,15),
	(2367,3,1490,16),
	(2368,3,1491,14),
	(2369,3,1491,15),
	(2370,3,1491,16),
	(2371,3,1492,14),
	(2372,3,1492,15),
	(2373,3,1492,16),
	(2374,3,1493,14),
	(2375,3,1493,15),
	(2376,3,1493,16),
	(2377,3,1494,14),
	(2378,3,1494,15),
	(2379,3,1494,16),
	(2380,3,1495,14),
	(2381,3,1495,15),
	(2382,3,1495,16),
	(2383,3,1496,14),
	(2384,3,1496,15),
	(2385,3,1496,16),
	(2386,3,1497,14),
	(2387,3,1497,15),
	(2388,3,1497,16),
	(2389,3,1498,14),
	(2390,3,1498,15),
	(2391,3,1498,16),
	(2392,3,1499,14),
	(2393,3,1499,15),
	(2394,3,1499,16),
	(2395,3,1500,14),
	(2396,3,1500,15),
	(2397,3,1500,16),
	(2398,3,1501,14),
	(2399,3,1501,15),
	(2400,3,1501,16),
	(2401,3,1502,14),
	(2402,3,1502,15),
	(2403,3,1502,16),
	(2404,3,1503,14),
	(2405,3,1503,15),
	(2406,3,1503,16),
	(2407,3,1504,14),
	(2408,3,1504,15),
	(2409,3,1504,16),
	(2410,3,1505,14),
	(2411,3,1505,15),
	(2412,3,1505,16),
	(2413,3,1506,14),
	(2414,3,1506,15),
	(2415,3,1506,16),
	(2416,3,1507,14),
	(2417,3,1507,15),
	(2418,3,1507,16),
	(2419,3,1508,14),
	(2420,3,1508,15),
	(2421,3,1508,16),
	(2422,3,1509,14),
	(2423,3,1509,15),
	(2424,3,1509,16),
	(2425,3,1510,14),
	(2426,3,1510,15),
	(2427,3,1510,16),
	(2428,3,1511,14),
	(2429,3,1511,15),
	(2430,3,1511,16),
	(2431,3,1512,14),
	(2432,3,1512,15),
	(2433,3,1512,16),
	(2434,3,1513,14),
	(2435,3,1513,15),
	(2436,3,1513,16),
	(2437,3,1514,14),
	(2438,3,1514,15),
	(2439,3,1514,16),
	(2440,3,1515,14),
	(2441,3,1515,15),
	(2442,3,1515,16),
	(2443,3,1516,14),
	(2444,3,1516,15),
	(2445,3,1516,16),
	(2446,3,1517,14),
	(2447,3,1517,15),
	(2448,3,1517,16),
	(2449,3,1518,14),
	(2450,3,1518,15),
	(2451,3,1518,16),
	(2452,3,1519,14),
	(2453,3,1519,15),
	(2454,3,1519,16),
	(2455,3,1520,14),
	(2456,3,1520,15),
	(2457,3,1520,16),
	(2458,3,1521,14),
	(2459,3,1521,15),
	(2460,3,1521,16),
	(2461,3,1522,14),
	(2462,3,1522,15),
	(2463,3,1522,16),
	(2464,3,1523,14),
	(2465,3,1523,15),
	(2466,3,1523,16),
	(2467,3,1524,14),
	(2468,3,1524,15),
	(2469,3,1524,16),
	(2470,3,1525,14),
	(2471,3,1525,15),
	(2472,3,1525,16),
	(2473,3,1526,14),
	(2474,3,1526,15),
	(2475,3,1526,16),
	(2476,3,1527,14),
	(2477,3,1527,15),
	(2478,3,1527,16),
	(2479,3,1528,14),
	(2480,3,1528,15),
	(2481,3,1528,16),
	(2482,3,1529,14),
	(2483,3,1529,15),
	(2484,3,1529,16),
	(2485,3,1530,14),
	(2486,3,1530,15),
	(2487,3,1530,16),
	(2488,3,1531,14),
	(2489,3,1531,15),
	(2490,3,1531,16),
	(2491,3,1532,14),
	(2492,3,1532,15),
	(2493,3,1532,16),
	(2494,3,1533,14),
	(2495,3,1533,15),
	(2496,3,1533,16),
	(2497,3,1534,14),
	(2498,3,1534,15),
	(2499,3,1534,16),
	(2500,3,1535,14),
	(2501,3,1535,15),
	(2502,3,1535,16),
	(2503,3,1536,14),
	(2504,3,1536,15),
	(2505,3,1536,16),
	(2506,3,1537,14),
	(2507,3,1537,15),
	(2508,3,1537,16),
	(2509,3,1538,14),
	(2510,3,1538,15),
	(2511,3,1538,16),
	(2512,3,1539,14),
	(2513,3,1539,15),
	(2514,3,1539,16),
	(2515,3,1540,14),
	(2516,3,1540,15),
	(2517,3,1540,16),
	(2518,3,1541,14),
	(2519,3,1541,15),
	(2520,3,1541,16),
	(2521,3,1542,14),
	(2522,3,1542,15),
	(2523,3,1542,16),
	(2524,3,1543,14),
	(2525,3,1543,15),
	(2526,3,1543,16),
	(2527,3,1544,14),
	(2528,3,1544,15),
	(2529,3,1544,16),
	(2530,3,1545,14),
	(2531,3,1545,15),
	(2532,3,1545,16),
	(2533,3,1546,14),
	(2534,3,1546,15),
	(2535,3,1546,16),
	(2536,3,1547,14),
	(2537,3,1547,15),
	(2538,3,1547,16),
	(2539,3,1548,14),
	(2540,3,1548,15),
	(2541,3,1548,16),
	(2542,3,1549,14),
	(2543,3,1549,15),
	(2544,3,1549,16),
	(2545,3,1550,14),
	(2546,3,1550,15),
	(2547,3,1550,16),
	(2548,3,1551,14),
	(2549,3,1551,15),
	(2550,3,1551,16),
	(2551,3,1552,14),
	(2552,3,1552,15),
	(2553,3,1552,16),
	(2554,3,1553,14),
	(2555,3,1553,15),
	(2556,3,1553,16),
	(2557,3,1554,14),
	(2558,3,1554,15),
	(2559,3,1554,16),
	(2560,3,1555,14),
	(2561,3,1555,15),
	(2562,3,1555,16),
	(2563,3,1556,14),
	(2564,3,1556,15),
	(2565,3,1556,16),
	(2566,3,1557,14),
	(2567,3,1557,15),
	(2568,3,1557,16),
	(2569,3,1558,14),
	(2570,3,1558,15),
	(2571,3,1558,16),
	(2572,3,1559,14),
	(2573,3,1559,15),
	(2574,3,1559,16),
	(2575,3,1560,14),
	(2576,3,1560,15),
	(2577,3,1560,16),
	(2578,3,1561,14),
	(2579,3,1561,15),
	(2580,3,1561,16),
	(2581,3,1562,14),
	(2582,3,1562,15),
	(2583,3,1562,16),
	(2584,3,1563,14),
	(2585,3,1563,15),
	(2586,3,1563,16),
	(2587,3,1564,14),
	(2588,3,1564,15),
	(2589,3,1564,16),
	(2590,3,1565,14),
	(2591,3,1565,15),
	(2592,3,1565,16),
	(2593,3,1566,14),
	(2594,3,1566,15),
	(2595,3,1566,16),
	(2596,3,1567,14),
	(2597,3,1567,15),
	(2598,3,1567,16),
	(2599,3,1568,14),
	(2600,3,1568,15),
	(2601,3,1568,16),
	(2602,3,1569,14),
	(2603,3,1569,15),
	(2604,3,1569,16),
	(2605,3,1570,14),
	(2606,3,1570,15),
	(2607,3,1570,16),
	(2608,3,1571,14),
	(2609,3,1571,15),
	(2610,3,1571,16),
	(2611,3,1572,14),
	(2612,3,1572,15),
	(2613,3,1572,16),
	(2614,3,1573,14),
	(2615,3,1573,15),
	(2616,3,1573,16),
	(2617,3,1574,14),
	(2618,3,1574,15),
	(2619,3,1574,16),
	(2620,3,1575,14);



# Dump of table TAG_TARTYP
# ------------------------------------------------------------

INSERT INTO `TAG_TARTYP` (`TARTYP_ID`, `TARTYP_TABLE_NAME`)
VALUES
	(1,'(blank)'),
	(2,'REP_OBJECT'),
	(3,'CRS_COURSE'),
	(4,'CRS_SYLLAB'),
	(5,'CRS_SYLDET'),
	(6,'CRS_SYLOBJ');



# Dump of table TAG_TARGET
# ------------------------------------------------------------

INSERT INTO `TAG_TARGET` (`TARGET_ID`, `TARGET_DOMAIN_ID`, `TARGET_TARTYP_ID`, `TARGET_RECORD_ID`, `TARGET_ENTITY_ID`)
VALUES
	(1,1,1,1,1),
	(5,3,2,2,1508),
	(6,3,2,2,1421);









/******************************************************************************************************************/
/********** FUNCTIONS *********************************************************************************************/
/******************************************************************************************************************/
	
	
	
DELIMITER $$


/********************************* FN_PERSON_NAME_GET *******************************************************************/

CREATE FUNCTION FN_PERSON_NAME_GET( vID INT ) RETURNS VARCHAR(100)

BEGIN

	DECLARE vRET VARCHAR(100);
	
	SELECT 
		PERSON_NAME INTO vRET
	FROM
		SYS_PERSON
	WHERE
		PERSON_ID = vID;
		
	RETURN vRET;

END $$





/********************************* FN_REMOVE_ACCENTS *******************************************************************/


CREATE FUNCTION FN_REMOVE_ACCENTS( vSTR TEXT ) RETURNS TEXT

BEGIN

	SET vSTR = REPLACE( vSTR, 'Š', 'S' );
    SET vSTR = REPLACE( vSTR, 'š', 's' );
    SET vSTR = REPLACE( vSTR, 'Ð', 'Dj' );
    SET vSTR = REPLACE( vSTR, 'Ž', 'Z' );
    SET vSTR = REPLACE( vSTR, 'ž', 'z' );
    SET vSTR = REPLACE( vSTR, 'À', 'A' );
    SET vSTR = REPLACE( vSTR, 'Á', 'A' );
    SET vSTR = REPLACE( vSTR, 'Â', 'A' );
    SET vSTR = REPLACE( vSTR, 'Ã', 'A' );
    SET vSTR = REPLACE( vSTR, 'Ä', 'A' );
    SET vSTR = REPLACE( vSTR, 'Å', 'A' );
    SET vSTR = REPLACE( vSTR, 'Æ', 'A' );
    SET vSTR = REPLACE( vSTR, 'Ç', 'C' );
    SET vSTR = REPLACE( vSTR, 'È', 'E' );
    SET vSTR = REPLACE( vSTR, 'É', 'E' );
    SET vSTR = REPLACE( vSTR, 'Ê', 'E' );
    SET vSTR = REPLACE( vSTR, 'Ë', 'E' );
    SET vSTR = REPLACE( vSTR, 'Ì', 'I' );
    SET vSTR = REPLACE( vSTR, 'Í', 'I' );
    SET vSTR = REPLACE( vSTR, 'Î', 'I' );
    SET vSTR = REPLACE( vSTR, 'Ï', 'I' );
    SET vSTR = REPLACE( vSTR, 'Ñ', 'N' );
    SET vSTR = REPLACE( vSTR, 'Ò', 'O' );
    SET vSTR = REPLACE( vSTR, 'Ó', 'O' );
    SET vSTR = REPLACE( vSTR, 'Ô', 'O' );
    SET vSTR = REPLACE( vSTR, 'Õ', 'O' );
    SET vSTR = REPLACE( vSTR, 'Ö', 'O' );
    SET vSTR = REPLACE( vSTR, 'Ø', 'O' );
    SET vSTR = REPLACE( vSTR, 'Ù', 'U' );
    SET vSTR = REPLACE( vSTR, 'Ú', 'U' );
    SET vSTR = REPLACE( vSTR, 'Û', 'U' );
    SET vSTR = REPLACE( vSTR, 'Ü', 'U' );
    SET vSTR = REPLACE( vSTR, 'Ý', 'Y' );
    SET vSTR = REPLACE( vSTR, 'Þ', 'B' );
    SET vSTR = REPLACE( vSTR, 'ß', 'Ss' );
    SET vSTR = REPLACE( vSTR, 'à', 'a' );
    SET vSTR = REPLACE( vSTR, 'á', 'a' );
    SET vSTR = REPLACE( vSTR, 'â', 'a' );
    SET vSTR = REPLACE( vSTR, 'ã', 'a' );
    SET vSTR = REPLACE( vSTR, 'ä', 'a' );
    SET vSTR = REPLACE( vSTR, 'å', 'a' );
    SET vSTR = REPLACE( vSTR, 'æ', 'a' );
    SET vSTR = REPLACE( vSTR, 'ç', 'c' );
    SET vSTR = REPLACE( vSTR, 'è', 'e' );
    SET vSTR = REPLACE( vSTR, 'é', 'e' );
    SET vSTR = REPLACE( vSTR, 'ê', 'e' );
    SET vSTR = REPLACE( vSTR, 'ë', 'e' );
    SET vSTR = REPLACE( vSTR, 'ì', 'i' );
    SET vSTR = REPLACE( vSTR, 'í', 'i' );
    SET vSTR = REPLACE( vSTR, 'î', 'i' );
    SET vSTR = REPLACE( vSTR, 'ï', 'i' );
    SET vSTR = REPLACE( vSTR, 'ð', 'o' );
    SET vSTR = REPLACE( vSTR, 'ñ', 'n' );
    SET vSTR = REPLACE( vSTR, 'ò', 'o' );
    SET vSTR = REPLACE( vSTR, 'ó', 'o' );
    SET vSTR = REPLACE( vSTR, 'ô', 'o' );
    SET vSTR = REPLACE( vSTR, 'õ', 'o' );
    SET vSTR = REPLACE( vSTR, 'ö', 'o' );
    SET vSTR = REPLACE( vSTR, 'ø', 'o' );
    SET vSTR = REPLACE( vSTR, 'ù', 'u' );
    SET vSTR = REPLACE( vSTR, 'ú', 'u' );
    SET vSTR = REPLACE( vSTR, 'û', 'u' );
    SET vSTR = REPLACE( vSTR, 'ý', 'y' );
    SET vSTR = REPLACE( vSTR, 'ý', 'y' );
    SET vSTR = REPLACE( vSTR, 'þ', 'b' );
    SET vSTR = REPLACE( vSTR, 'ÿ', 'y' );
    SET vSTR = REPLACE( vSTR, 'ƒ', 'f' );

    SET vSTR = REPLACE( vSTR, '&Atilde;', 'A' );
    SET vSTR = REPLACE( vSTR, '&atilde;', 'a' );
    SET vSTR = REPLACE( vSTR, '&Aacute;', 'A' );
    SET vSTR = REPLACE( vSTR, '&aacute;', 'a' );
    SET vSTR = REPLACE( vSTR, '&Acirc;', 'A' );
    SET vSTR = REPLACE( vSTR, '&acirc;', 'a' );
    SET vSTR = REPLACE( vSTR, '&Eacute;', 'E' );
    SET vSTR = REPLACE( vSTR, '&eacute;', 'e' );
    SET vSTR = REPLACE( vSTR, '&Ecirc;', 'E' );
    SET vSTR = REPLACE( vSTR, '&ecirc;', 'e' );
    SET vSTR = REPLACE( vSTR, '&Iacute;', 'I' );
    SET vSTR = REPLACE( vSTR, '&iacute;', 'i' );
    SET vSTR = REPLACE( vSTR, '&Otilde;', 'O' );
    SET vSTR = REPLACE( vSTR, '&otilde;', 'o' );
    SET vSTR = REPLACE( vSTR, '&Oacute;', 'O' );
    SET vSTR = REPLACE( vSTR, '&oacute;', 'o' );
    SET vSTR = REPLACE( vSTR, '&Ocirc;', 'O' );
    SET vSTR = REPLACE( vSTR, '&ocirc;', 'o' );
    SET vSTR = REPLACE( vSTR, '&Uacute;', 'U' );
    SET vSTR = REPLACE( vSTR, '&uacute;', 'u' );
    SET vSTR = REPLACE( vSTR, '&Ccedil;', 'C' );
    SET vSTR = REPLACE( vSTR, '&ccedil;', 'c' );
    SET vSTR = REPLACE( vSTR, '&Ntilde;', 'N' );
    SET vSTR = REPLACE( vSTR, '&ntilde;', 'n' );

	RETURN vSTR;

END $$





/********************************* SP_REP_EXAM *******************************************************************/


CREATE PROCEDURE SP_REP_EXAM ( vID INT, vDO INT )
BEGIN


	/* get settings */
	
	SELECT
		QUIASM_MAX_ITEMS, QUIASM_RANDOM_ITEMS, QUIASM_RANDOM_OPTIONS
		INTO @QUIASM_MAX_ITEMS, @QUIASM_RANDOM_ITEMS, @QUIASM_RANDOM_OPTIONS
	FROM
		REP_QUIASM
	WHERE
		QUIASM_ID = vID
		AND QUIASM_DOMAIN_ID = vDO;
	
		
	
	/* temporary tables */

	DROP TABLE IF EXISTS TBQ;
	CREATE TEMPORARY TABLE TBQ (
		QUIITE_ID INT,
		QUIAIT_ORDERBY INT,
		QUIAIT_ORDERBY_NEW FLOAT,
		QUIOPT_ORDERBY INT,
		QUIOPT_ORDERBY_NEW FLOAT,
		QUIOPT_CORRECT INT,
		QUIITE_TXTITE_ID_COMMAND INT,
		TXTITE_ID_OPTION INT
	);	
	
	DROP TABLE IF EXISTS TBI;
	CREATE TEMPORARY TABLE TBI (
		QUIITE_ID INT,
		QUIAIT_ORDERBY FLOAT
	);	
	
	
	
	
	/* insert data */

	INSERT INTO TBQ
	SELECT
		QUIAIT_QUIITE_ID,
		QUIAIT_ORDERBY,
		QUIAIT_ORDERBY AS QUIAIT_ORDERBY_NEW,
		QUIOPT_ORDERBY,
		CASE
			WHEN @QUIASM_RANDOM_OPTIONS > 0 THEN RAND() 
			ELSE QUIOPT_ORDERBY
		END AS QUIOPT_ORDERBY_NEW,
		QUIOPT_CORRECT,
		QUIITE_TXTITE_ID_COMMAND,
		QUIOPT_TXTITE_ID AS TXTITE_ID_OPTION
	FROM
		REP_QUIAIT
		INNER JOIN REP_QUIITE
		ON QUIAIT_QUIITE_ID = QUIITE_ID
		INNER JOIN REP_QUIOPT
		ON QUIOPT_QUIITE_ID = QUIITE_ID
	WHERE
		QUIAIT_QUIASM_ID = vID
		AND QUIAIT_DOMAIN_ID = vDO
	;
	
	INSERT INTO TBI SELECT DISTINCT QUIITE_ID, QUIAIT_ORDERBY FROM TBQ;
	
	
	
	/* randomize items */
	
	IF @QUIASM_RANDOM_ITEMS > 0 THEN
	
		UPDATE TBI SET QUIAIT_ORDERBY = RAND();
		
		UPDATE TBQ
		INNER JOIN TBI
		ON TBQ.QUIITE_ID = TBI.QUIITE_ID
		SET TBQ.QUIAIT_ORDERBY_NEW = TBI.QUIAIT_ORDERBY;
	
	END IF;
	
	
	/* max limit */
	
 	IF @QUIASM_MAX_ITEMS > 0 THEN
	
		ALTER TABLE TBI ORDER BY QUIAIT_ORDERBY ASC;

		PREPARE STMT FROM 'SELECT MAX(QUIAIT_ORDERBY) INTO @MAX FROM (SELECT QUIAIT_ORDERBY FROM TBI LIMIT ?) A';
		EXECUTE STMT USING @QUIASM_MAX_ITEMS ;

		DELETE FROM TBI WHERE QUIAIT_ORDERBY > @MAX;
		DELETE FROM TBQ WHERE QUIITE_ID NOT IN (SELECT QUIITE_ID FROM TBI);

	END IF; 


	/* results */
	
	SELECT 
		QUIITE_ID,
		FN_TXTSEG_ALL(QUIITE_TXTITE_ID_COMMAND, vDO) AS COMMAND_TEXT,
		FN_TXTSEG_ALL(TXTITE_ID_OPTION, vDO) AS OPTION_TEXT,
		QUIOPT_CORRECT
	FROM
		TBQ
	ORDER BY
		QUIAIT_ORDERBY_NEW,
		QUIOPT_ORDERBY_NEW;
	
		
	
		
	/* drop temporary tables */
			
	DROP TABLE IF EXISTS TBQ;
	DROP TABLE IF EXISTS TBI;
		
		
END $$


DELIMITER ;





